"key",cn,zh,en,pt
errorDefault,网络错误，请稍后重试,網絡錯誤，請稍後重試,"Failed to connect, please try again later.","Erro de conexão, favor tentar novamente. ",,,,
error0,操作成功,操作成功,Success,Sucesso,,,,
error995,非法请求,非法請求,Invalid request,Requisição Inválida,,,,
error996,签名无效,簽名無效,Invalid signature,Usuário Inválido,,,,
error997,服务器正忙，请稍后再试,服務器正忙，請稍後再試,The server is too busy，Please try again later,"Servidor ocupado, por favor tente mais tarde.",,,,
error998,您的操作太频繁，请稍后再试,您的操作太頻繁，請稍後再試,"Operating frequency,Please try again later.","Muitas solicitações, por favor tente novamente mais tarde.",,,,
error999,请求失败，请稍后重试,請求失敗，請稍後重試,"Request failed, please try again later.","Falha de requisição, por favor tente mais tarde!",,,,
error101,参数值必须指定！,參數值必須指定！,Parameter value must be specified!,Valor de parâmetro deve ser especificado!,,,,
error102,参数长度超出允许范围！,參數長度超出允許範圍！,Parameter length beyond allowable range!,Comprimento de parâmetro além do intervalo permitido!,,,,
error103,参数值未满足最小值约束！,參數值未滿足最小值約束！,Parameter values do not meet minimum constraints!,Valor de parâmetro não atende às restrições mínimas!,,,,
error104,参数值无效！,參數值無效！,Invalid parameter value!,Valor de parâmetro inválido!,,,,
error199,未知参数错误！,未知參數錯誤！,Unknown parameter error!,Erro de parâmetro desconhecido!,,,,
error1000,短信发送失败,短信發送失敗,SMS sending failure,Falha ao enviar mensagem,,,,
error1001,验证码输入错误,驗證碼輸入錯誤,Validation Code Input Error,Código de verificação incorreto,,,,
error1100,手机不合法,手機不合法,Invalid Mobile Phone,Número de celular incorreto.,,,,
error1101,手机已注册,手機已註冊,Mobile phone registered,Número de celular cadastrado,,,,
error1102,手机未注册,手機未註冊,Mobile phone unregistered,Número de celular descadastrado,,,,
error1103,手机已注册,手機已註冊,Mobile Phone registered,Número de celular cadastrado,,,,
error1104,超过了IMEI限制,超過了IMEI限制,Exceeds IMEI limits,Excedeu limite de IMEI,,,,
error1105,禁止模拟器注册,禁止模擬器註冊,Simulator Registration prohibition ,Sem registro de simulador ,,,,
error1106,金豆数不足,金豆數不足,Insufficient golden chips,Número insuficiente de moedas ouro,,,,
error1107,用户不存在,用戶不存在,User does not exist,Usuário Inexistente,,,,
error1108,"用户名非法,不能包含Emoji,@,%以及逗号(,)等违法字符","用戶名非法,不能包含Emoji,@,%以及逗號(,)等違法字符","invalid user name,cannot contain characters such as Emoji, @,% and comma (,).","Não é permitido o uso de caracteres especial no nome de usuário como @, % e “,”",,,,
error1109,用户名已经存在,用戶名已經存在,User name already exists,Usuário já existente,,,,
error1200,参数错误,參數錯誤,Parameter error,Erro de parâmetro,,,,
error1201,无公会操作权限,無公會操作權限,No club operate authority,Não possui autoridade de clube,,,,
error1202,公会创建中,公會創建中,Club is creating,Criando clube,,,,
error1203,已有公会,已有公會,Existing club,Clubes existentes,,,,
error1204,公会名称重复,公會名稱重復,Duplicate club name,Nome de clube duplicado,,,,
error1205,公会不存在,公會不存在,Club is not exist ,Clube não existente,,,,
error1206,超出公会人员上限,超出公會人員上限,Exceeding the Club member Limit,Ultrapassado número de usuários do clube,,,,
error1207,公会查找无结果,公會查找無結果,Club search No Results,Sem resultado para procura do clube,,,,
error1208,公会基金冻结,公會基金凍結,Club Fund Freeze,Congelamento do fundo do clube,,,,
error1209,公会基金不足,公會基金不足,Insufficient club funds,Fundos do clube insuficientes,,,,
error1210,"更改交易模式过于频繁,7天内只允许更改一次","更改交易模式過於頻繁,7天內只允許更改壹次","Change the trading mode too frequently, allowing only one time change in 7 days",É permitida apenas uma alteração de negociação a cada 7 dias.,,,,
error1212,提豆订单不存在,提豆订单不存在,Withdraw order is not exist,Ordem de saque não existente,,,,
error1213,金豆数不在范围内或者不是100的倍数,金豆数不在范围内或者不是100的倍数,The golden chips are not within the standart limit or are not multples of 100,Moedas não estão dentro do padrão limite ou não são múltiplos de 100,,,,
error1214,输入金额已超出交收额度,输入金额已超出交收额度, input amount has exceeded the settlement limit,O valor inserido excede o limite disponível,,,,
error1215,输入金额已超出公会基金,输入金额已超出公會基金,input amount has exceeded the  club fund,O valor inserido excedo o limite do fundo,,,,
error1300,公会已有联盟,公會已有聯盟,The club has an alliance,O clube possui uma aliança,,,,
error1301,联盟名称重复,聯盟名稱重復,Duplicate alliance name,Aliança com nome duplicado,,,,
error1302,没有加入的联盟,沒有加入的聯盟,The alliance hasn't join,Não possui aliança,,,,
error1303,无联盟操作权限,無聯盟操作權限,No alliance operation rights,Não possui direitos de operação para aliança,,,,
error1304,不能踢出主公会,不能踢出主公會,Can't kick out the main club,Não pode expulsar o clube principal,,,,
error1305,联盟创建中,聯盟創建中,Alliance is Creating,Criando aliança,,,,
error1306,联盟不存在该公会,聯盟不存在該公會,No Club exists in the alliance,Não existem clubes na aliança,,,,
error1307,参数错误,參數錯誤,Parameter error,Erro de parâmetro,,,,
error1308,已经向该联盟申请过,已經向該聯盟申請過,Already applied to the Alliance,Você já aplicou para entrar na aliança,,,,
error1400,没有开通VIP,沒有開通VIP,You are not VIP,Você não possui VIP ativo,,,,
error1401,没有破隐权限,沒有破隱權限,No unlock rights ,Não possui privilégios ativos,,,,
error1402,已破隐,已破隱,Unlocked,Desbloqueado,,,,
error1403,可以破隐，未破隐,可以破隱，未破隱,"Can unlock, not unlock yet.","Pode desbloquear, porém ainda não desbloqueado",,,,
error1404,缺失必要参数,缺失必要參數,Missing necessary parameters,Falta de parâmetro necessários,,,,
error1405,参数不合法,參數不合法,Illegal parameter,Erro de parâmetro,,,,
error1406,VIP无法降级,VIP無法降級,VIP cannot be downgraded,VIP não pode ser rebaixado,,,,
error1407,VIP升级无效,VIP升級無效,VIP upgrade invalid,Upgrade de VIP inválido,,,,
error1500,请先加入公会，才可以成为推广员,請先加入公會，才可以成為推廣員,Please join the club before you can become a promoter.,Por favor se junte a um clube antes de se tornar um promotor,,,,
error1501,玩家详细信息不存在,玩家詳細信息不存在,Player details do not exist,Detalhes do jogador não existentes,,,,
error1502,推广员绑定上下级关系失败,推廣員綁定上下級關系失敗,Promoter failed to bind superior-subordinate relationship,Falha ao vincular relação subordinada,,,,
error1503,插入用户推广信息表出错,插入用戶推廣信息表出錯,Error inserting user promotion information table,Erro ao inserir tabela de informações promocionais do usuário,,,,
error1600,"昵称非法,不能包含Emoji,@,%以及逗号(,)等违法字符","昵稱非法,不能包含Emoji,@,%以及逗號(,)等違法字符","invalid nickname, can not contain invalid characters such as Emoji, @,% and comma (,)","Usuário inválido, não é permitido uso de caracteres especiais como: @, % “,” ou emoji.",,,,
error1601,超过了最大备注数,超過了最大備註數,More than the maximum number of remarks,Excedeu número máximo de notas,,,,
error1700,没有收货地址,沒有收貨地址,No shipping address,Sem endereço de entrega,,,,
error1701,没有奖品,沒有獎品,No prizes,Sem prêmios,,,,
error1702,正在申请,正在申請,Applying,Solicitando,,,,
error1703,已经领取,已經領取,Received,Recebido,,,,
error1800,收藏牌谱超过限制,收藏牌譜超過限制,Collected hand records Over Limits,A coleção de cartas excede o limite,,,,
error1900,没有该牌局类型,沒有該牌局類型,Game type error,Não possui tal modalidade de jogo,,,,
error2000,Jackpot配置数据缺失,Jackpot配置數據缺失,Jackpot configuration data missing,Dados de configuração do jacklot em falta,,,,
error2001,房间将在1分钟内关闭，无法进入,房間將在1分鐘內關閉，無法進入,The room will be closed within 1 min &  can`t be entered,"Entrada não permitida, a sala fechará em menos de 1 minuto",,,,
error2002,权限不足,權限不足,insufficient permissions,Nível de permissão insuficiente,,,,
error2003,无法连接牌局服务器,無法連接牌局服務器,Unable to connect to table Server,Não foi possível fazer uma conexão com o servidor,,,,
error2004,账号已被冻结,賬號已被凍結,Account has been frozen,Usuário Bloqueado,,,,
error2005,请先加入公会,请先加入公会,Please joining the club first,"Por favor, entre no clube primeiro ",,,,
error2006,玩家所属公会已被关闭,玩家所屬公會已被關閉,The players club has been closed,O clube do que você faz parte foi fechado,,,,
error2007,玩家所属公会未绑定联盟,玩家所屬公會未綁定聯盟,Unbound Alliance of Player's Club,O clube que você pertence não está vinculado a uma aliança,,,,
error2008,玩家所属公会转移中或已被踢出,玩家所屬公會轉移中或已被踢出,player's club has been transferred or kicked out,O clube que você faz parte foi transferido ou expulso,,,,
error2009,用户已被踢出,用戶已被踢出,User has been kicked out,Usuário expulso,,,,
error2100,分享赚金豆功能没有开启,分享賺金豆功能沒有開啟,Promote to earning chips feature not turned on,O compartilhamento de moedas não está ativo,,,,
error2101,请先加入公会，才可以成为推广员,請先加入公會，才可以成為推廣員,Please join the club before you can become a promoter.,Por favor se junte a um clube antes de se tornar um promotor,,,,
error2103,邀请码错误，请重新输入,邀請碼錯誤，請重新輸入,"Invitation Code Error, please re-enter","Código de validação incorreto, por favor tente novamente",,,,
error2104,账户金豆数量不足！,賬戶金豆數量不足！,Insufficient number of golden chips in the account!,Número de moedas insuficientes ,,,,
error2105,您输入的二级密码有误,您輸入的二級密碼有誤,The secondary password you entered is wrong.,A sua senha de segundo nível está incorreta,,,,
error2106,邀请码注册失败！,邀請碼註冊失敗！,Invitation Code failed to register!,Falha no registro do código de verificação,,,,
error2107,已通过邀请码注册过,已通過邀請碼註冊過,Invitation Code already registered.,Código de verificação já registrado,,,,
error2102,你已经是推广员,妳已經是推廣員,You're already a promotor,Você já é um promotor,,,,
error2108,支付订单不存在,支付订单不存在,payment order is not exist,Ordem de pagamento inexistente,,,,
error2109,需要成为推广员才能查看,需要成為推廣員才能查看,You need to be a promotionist to view it,Você precisa se tornar promotor para visualizar,,,,
error2110,绑定推广员上下级关系错误,綁定推廣員上下級關系錯誤,Binding Promoter Relations Error,Erro ao vincular relação subordinada,,,,
error2200,钱包已被停用,錢包已被停用,Wallet has been disabled,Carteira foi desabilitada,,,,
error2201,"提现金豆数在10,000~1,000,000范围内,并且是100的整数倍","提現金豆數在10,000~1,000,000範圍內,並且是100的整數倍","Withdraw chips in the range of 10,000-1,000,000, and should be an integral multiple of 100",Valor de saque precisa estar entre 10.000 a 1.000.000 de moedas e precisa ser múltiplo de 100,,,,
error2202,不支持该交易方式(支付宝),不支持該交易方式(支付寶),Does not support this transaction (Alipay).,Não suporta este meio de transação (Alipay),,,,
error2203,提款账号信息正在审核中，暂不能修改,提款賬號信息正在審核中，暫不能修改,"Withdrawal account information under review, cannot be modified temporarily","Conta de saque sob revisão, não pode ser alterada no momento",,,,
error2204,没有提款账户信息,沒有提款賬戶信息,No withdrawal account information,Não possui informações sobre conta de saque,,,,
error2205,无法充值提现，请联系客服,無法充值提現，請聯系客服,"Unable to recharge and withdraw cash, please contact customer service","Impossivel depositar ou sacar, por favor entre em contato com nossa central de atendimento",,,,
error2206,渠道钱包已经被停用,渠道錢包已經被停用,Channel wallet has been disabled,O canal da carteira foi desabilitado,,,,
error2207,转入方钱包已经停用,轉入方錢包已經停用,Payee's wallet has been disabled,A carteira de transferencia foi desabilidada,,,,
error2208,超过每日转豆额,超過每日轉豆額,Beyond the daily amount of chips you can transferred,Excedido limite diário de transferências de moedas,,,,
error2209,不能给自己转豆,不能給自己轉豆,Can't transfer chips to yourself,Não permitido transferência de moedas para você mesmo,,,,
error2210,转入方用户不存在,轉入方用戶不存在,Payee does not exist,Pagador inexistente,,,,
error2211,"待支付订单超过5笔,无法继续充值","待支付訂單超過5筆,無法繼續充值","More than 5 orders to be paid, unable to recharge","Não foi possível a recarga, mais de 5 ordens de pagamento em processamento",,,,
error2212,超出充值金额范围,超出充值金額範圍,Beyond the scope of recharge amount,Ultrapassado limite de recarga,,,,
error2213,支付请求失败，请稍后重试,支付請求失敗，請稍後重試,"Payment request failed, please try again later","Pedido de pagamento falhou, por favor tente novamente mais tarde",,,,
error2214,"单笔转豆最低1,000最高5,000,000豆","單筆轉豆最低1,000最高5,000,000豆","1,000 minimum and 5,000,000 maximum","Limite de transferência única, mínimo 1000 máximo 5.000.000",,,,
error2215,一张银行卡只能绑定2个ID号码,一張銀行卡只能綁定2個ID號碼,Only two ID number can be bound to one bank card,Um cartão de crédito só pode ser vinculado a duas contas,,,,
error1110,支付密码错误,支付密碼錯誤,Payment password error,Erro de senha de pagamento,,,,
error2300,每个牌局只能投诉三次,每個牌局只能投訴三次,Only three complaints per table,Só são aceitas 3 denúncias por partida,,,,
error105,服务器维护中，请稍后重试,服務器維護中，請稍後重試,"Server maintenance, please try again later","Servidor em manutenção, por favor tente mais tarde",,,,
ServerMaintenance,亲爱的玩家:\n服务器正在维护中，请稍后再试。\n\n【停服时间】\n<size=40>{0}</size>\n请妥善安排游戏时间,親愛的玩家\n服務器正在維護中，請稍後再試。\n\n【停服時間】\n<size=40>{0}</size>\n請：活動安排遊戲時間,"Dear player:\nThe server is under maintenance, please try again later.\n\n[Stop service time]\n<size=40>{0}</size>\nPlease arrange the game time properly","Querido jogador, \n o servidor está sob manutenção, por favor tente mais tarde.\n\n[tempo de parada]\n<size=40>{0}</size>\nPor favor organize seu horário de jogo",,,,
roomError6_1,用户不存在,用戶不存在,User is not exist,Usuário inexistente,,,,
roomError6_2,密码输入错误,密碼輸入錯誤,Password is wrong ,Senha Incorreta,,,,
roomError6_3,一般错误,壹般錯誤,General Error ,Erro Geral,,,,
roomError6_4,您的客户端版本太低，请前往更新,您的客戶端版本太低，請前往更新,"Your client version is too low, please update ","Sua versão está desatualizada, por favor atualize",,,,
roomError6_5,您正在一台新设备登录，为了账号安全请进行安全验证,您正在一台新設備登錄，為了賬號安全請進行安全驗證,"You are logging in on a new device, please perform security verification for account security ","Você está fazendo login em um novo aparelho, por favor valide seu código de segurança",,,,
roomError6_6,其他错误,其他錯誤,Other Errors ,Outros erros,,,,
roomError6_7,您的账号已被停用,您的賬號已被停用,Your account has been disabled ,Sua conta foi desabilitada,,,,
roomError6_8,账号异常，无法登录,賬號異常，無法登錄,"Account exception, unable to log in","Erro na conta, não foi possível conectar",,,,
roomError8_7,您的账号已被停用,您的賬號已被停用,Your account has been disabled ,Sua conta foi desabilitada,,,,
roomError12_1,比赛已结束,比賽已結束,The game is over,O jogo acabou,,,,
roomError12_2,房间已经解散。,房間已經解散。,The room has been disbanded.,A sala foi desabilitada,,,,
roomError12_3,房间内观众较多，进入失败。请稍后再试,房間內觀眾較多，進入失敗。請稍後再試,"Failed to enter, please try again later","Sala cheia, erro ao conectar. Tente novamente mais tarde",,,,
roomError12_4,请先在之前游戏的房间站起再重新进入新房间,請先在之前遊戲的房間站起再重新進入新房間,Please stand up in the room you playing and re-enter.,"Por favor, desocupe a sala anterior,  antes de entrar em uma sala nova",,,,
roomError18_1,座位已被别的玩家坐下 ,座位已被別的玩家坐下 ,Seat has been seated by other players ,Assento já ocupado por outro jogador,,,,
roomError18_2,有相同IP玩家 ,有相同IP玩家 ,Has the same IP player ,Possui jogador com o mesmo IP,,,,
roomError18_3,游戏即将结束 ,遊戲即將結束 ,The game is coming to an end ,O jogo está prestes a acabar,,,,
roomError18_4,信用额度不足 ,信用額度不足 ,Insufficient credit line ,Limite de crédito insuficiente,,,,
roomError18_5,正在游戏中，无法站起 ,正在遊戲中，無法站起 ,Can't stand up when playing,Impossível se levantar durante um jogo,,,,
roomError18_6,未知错误 ,未知錯誤 ,Unknown Error,Erro desconhecido,,,,
roomError18_7,有GPS位置相近玩家 ,有GPS位置相近玩家 ,Same GPS player on table,Possui jogadores com localização similar,,,,
roomError18_8,未知错误 ,未知錯誤 ,Unknown Error,Erro desconhecido,,,,
roomError18_12,坐下失败，已提前离桌 ,坐下失敗，已提前離桌 ,Failed to sit down. Left the table early,Não conseguiu sentar-se e saiu da mesa mais cedo,,,,
roomError18_13,你已被冻结 ,妳已被凍結 ,You're frozen,Sua conta foi bloqueada,,,,
roomError19_1,操作失败，重新弹操作框 ,操作失敗，重新彈操作框 ,"Failed, rebound operation box ","A operação falhou, abra novamente a caixa de operação",,,,
roomError19_6,操作轮数和服务器不对应，重连,操作輪數和服務器不對應，重連,"Number of rounds of operation does not correspond to the server, reconnect","O número de rodadas não corresponde ao do servidor, reconecte",,,,
roomError53_1,错误，需要重连,錯誤，需要重連,"Error, requiring reconnection","Erro, reconecte",,,,
roomError68_1,失败,失敗,Failure,Erro,,,,
roomError69_1,失败,失敗,Failure,Erro,,,,
roomError72_1,失败,失敗,Failure,Erro,,,,
roomError78_1,失败,失敗,Failure,Erro,,,,
roomError82_1,失败,失敗,Failure,Erro,,,,
roomError86_1,失败,失敗,Failure,Erro,,,,
roomError86_2,金豆不足,金豆不足,chips Insufficiency,Moedas insuficientes,,,,
roomError90_1, 失败, 失敗, Failure,Erro,,,,
roomError118_1,超过上限,超過上限,Exceeding the upper limit,Excedido limite,,,,
roomError118_2,其他错误,其他錯誤,Other Errors,Outros erros,,,,
roomError143_1, 失败 , 失敗 , Failure ,Erro,,,,
roomError143_2,金豆不足,金豆不足,chips Insufficiency,Moedas insuficientes,,,,
roomError148_1,失败,失敗,Failure,Erro,,,,
roomError148_2,操作超时,操作超時,Operation timeout,Excedido limite de tempo,,,,
roomError153_1,失败,失敗,Failure,Erro,,,,
roomError168_1,失败,失敗,Failure,Erro,,,,
roomError171_1,服务器异常,服務器異常, Server exception ,Servidor anormal,,,,
roomError171_2,前一个重购申请中,前壹個重購申請中,In the previous repurchase application,Solicitando pedido de última compra,,,,
roomError171_3,金豆不足,金豆不足, chips Insufficiency,Moedas insuficientes,,,,
roomError171_4,金豆不足,金豆不足, chips Insufficiency,Moedas insuficientes,,,,
roomError171_5, 申请成功，正在审核, 申請成功，正在審核," Successful application, under review","Solicitação efetuada com sucesso, em análise",,,,
roomError171_6, 报名券不足, 報名券不足, Insufficient registration vouchers,Vouchers de registro insuficientes,,,,
roomError171_7, 重购关闭, 重購關閉, Repurchase Closed,Recompra desativada,,,,
roomError171_8, 重购请求被拒绝 , 重購請求被拒絕 , Repurchase request rejected ,Pedido de recompra negado,,,,
roomError171_9,战队在公会信用不足 ,戰隊在公會信用不足 ,Team Credit Insufficient in Congress ,Time não possui crédito suficiente no clube,,,,
roomError171_10, 拆分桌中，无法重购, 拆分桌中，無法重購," Split table, not repurchasable","Impossibilidade de recompra, mesa em divisão",,,,
roomError175_22,弹出重购提示框,彈出重購提示框,Pop-up repurchase prompt box,Notificação de janela de recompra,,,,
roomError236_1, 失败 , 失敗 , Failure ,Erro,,,,
roomError236_2,金豆不足,金豆不足,chips Insufficiency,Moedas insuficientes,,,,
roomError12_5,你已在比赛中，无法观战,妳已在比賽中，無法觀戰,You're in the game so you can't watch other table.,"Você está no meio do jogo, não pode assistir partidas",,,,
roomError28_1,金豆不足,金豆不足,chips Insufficiency,moedas insuficientes,,,,
roomError28_3,超过最大可带入记分牌,超過最大可帶入記分牌,Brouhgt bring in amount over than maximum,Excedeu o placar máximo permitido,,,,
roomError28_9,您所在房间即将结束，无法继续带入,您所在房間即將結束，無法繼續帶入,You can’t bring in because the room is dismissed,"A sala está prestes a encerrar, não permitido recarga",,,,
roomError28_15,账号异常，无法进行游戏，请您联系管理员。,賬號異常，無法進行遊戲，請您聯系管理員。,"Account exception, unable to play, please contact the administrator.","Anormalidade na conta, não foi possível entrar no jogo, por favor entre em contato com o administrador",,,,
roomError28_16,玩家所在公会被联盟踢出,玩家所在公會被聯盟踢出,The player's club is kicked out by the alliance,Clube do jogador expulso pela aliança,,,,
roomError28_17,公会、联盟处于关闭状态时不允许带入,公會、聯盟處於關閉狀態時不允許帶入,Not allowed to bring in when your club or alliance are closed,"Clube, aliança está fechada, não é possível recarga",,,,
roomError300_2,钱包被锁定,錢包被鎖定,Wallet locked,Carteira bloqueada,,,,
roomError300_2,金豆不足无法发弹幕,金幣不足無法發彈幕,chips are not enough to fire bullet screen,Moedas insuficientes para ativar o bate papo ,,,,
roomError28_18,您的钱包已被冻结，请联系客服,您的錢包已被凍結，請聯系客服,"Your wallet has been frozen, please contact customer service","Sua carteira foi desabilitada, por favor entre em contato com nossa central",,,,
Text_TopRemind,金豆数量,金豆數量,chips Amount ,Quantidade de moedas,,,,
Text_CanUsing,当前可提余豆,當前可提余豆,Withdrawable balance,Moedas disponíveis para saque,,,,
Text_NoUsing,当前不可提余豆,當前不可提余豆,Undrawable Balance,Moedas indisponíveis para saque,,,,
Text_Add,充豆,充豆,Recharge,Recarga,,,,
Text_Trans,转豆,轉豆,Transfer,Transferência,,,,
Text_Getchips,提豆,提豆,Withdraw,Saque,,,,
Text_RecordLine,记录,記錄,Record,Registro,,,,
UILogin_BtnLogin,登 录,登 錄,Log in,Acesso,,,,
UILogin_Register,注册账号,註冊賬號,Register,Registro de contra,,,,
UILogin_Forget,找回密码,找回密碼,Forgot your password ,Esqueceu sua senha,,,,
UILogin_Connect,联系客服,聯系客服,Contact us ,Serviço ao consumidor,,,,
UILogin_ChangeLine,切换线路,切換線路,Switching network ,Mudar de linha,,,,
UILogin_InputMoblie,请输入手机号,請輸入手機號,Please enter phone number ,Inserir telefone,,,,
UILogin_InputPW,请输入密码,請輸入密碼,Please enter password,Senha,,,,
UILogin_InputLocal,国家/地区,國家/地區,Country/Region,País/Região,,,,
UILogin_Code,请输入验证码,請輸入驗證碼,please enter validation code ,Código de verificação,,,,
UILogin_NewPW,请输入密码,請輸入密碼,Password,Senha,,,,
UILogin_Invitation,请输入邀请码(选填),請輸入邀請碼(選填),please enter invitation code(optional ),Inserir código de convite (Opcional),,,,
CommitOK,确定,確定,Confirm,Confirmar,,,,
UILogin_ReadOK,阅读并同意《用户协议》,閱讀並同意《用戶協議》,Read and agree to "User Agreement",Leia e concorde com o “Contrato de Usuário”,,,,
UILogin_Select,请选择,請選擇,Select,Selecionar,,,,
UILogin_TitleRegister,注册,註冊,Register,Registrar,,,,
UILogin_GetCode,获取验证码,獲取驗證碼,get code,Código de verificação,,,,
UILogin_HKLine,香港(主线路),香港(主線路),Hong Kong (Main),Hong Kong,,,,
UILogin_EastNosLine,东南亚,東南亞,Southeast Asia,Sudeste Asiático,,,,
UILogin_OtherLine,日韩欧美澳,日韓歐美澳,"Japan,Korea,Europe,America and Australia","Japão, Coréia, Europa, América e Austrália",,,,
UILogin_Desc,*可切换不同的网络路线,*可切換不同的網絡路線,*Can switch network routes,*Pode alterar diferentes rotas de rede,,,,
UILogin_RetrievePWD,找回密码,找回密碼,retrieve password ,Recuperar senha,,,,
UILogin_China,中国,中國,China,China,,,,
UILogin_USA,美国,美國,USA,Estados Unidos da América,,,,
UILogin_Canada,加拿大,加拿大,Canada,Canadá,,,,
UILogin_Singapore,新加坡,新加坡,Singapore,Singapura,,,,
UILogin_Britain,英国,英國,UK,Reino Unido,,,,
UILogin_France,菲律宾,菲律賓,Philippines,Filipinas,,,,
UILogin_SelectLocal,选择地区,選擇地區,Select Area,Seleciona Área,,,,
UILogin_GLI,通过GLI认证,通過GLI認證,certificate by GLI,Certificação através de GLI,,,,
UIMine_ShareGolden,分享赚金豆,分享賺金豆,Promote,Promover ,,,,
ShareItem1,成为推广员,成為推廣員,Become a Promoter,Se tornar promotor,,,,
ShareItem2,业绩查询,業績查詢,Performance Query,Consulta de desempenho,,,,
ShareItem3,推广员管理,推廣員管理,Promoter Management,Gerenciamento de promotor,,,,
ShareItem4,常见问题,常見問題,Frequent Asked Questions,Perguntas frequentes,,,,
UIMine_PromotersManage,推广员管理,推廣員管理,Promoter Management,Gerenciamento de promotor,,,,
Search,请输入玩家昵称,請輸入玩家暱稱,player nicknme,Nome do usuário ,,,,
SearchPeopleId,请输入推广员ID或昵称查询,請輸入推廣員ID或昵稱查詢,Promoter ID or nickname,Por favor inserir usuário ou ID do promotor para consulta,,,,
MyDownPeople,我的直属推广员:,我的直屬推廣員:,My underling:,Meu promotor direto:,,,,
TodayUp,今日新增:,今日新增:,Increased:,Novos registros:,,,,
Ranking,排名,排名,Rank,Rank,,,,
NickName,昵称,昵稱,nickname ,Usuário,,,,
ToweekCount,本周业绩,本周業績,weekly Perf,Performance semanal,,,,
TeamNum,团队人数,團隊人數,member of team ,Número de membros,,,,
UIMine_AchievementQuery,业绩查询,業績查詢,Performance,Performance,,,,
MyAchie,我的业绩,我的業績,My Pref,Minha performance,,,,
Mychips,我的返豆,我的返豆,My Bonus,Meu bônus,,,,
TimeItem,时间,時間,Date,Data ,,,,
ToweekAch,本月业绩/记分牌,本月業績/記分牌,Current Month/score,Placar Mensal/Pontuação,,,,
SelectWeek,本月业绩(记分牌)^本月返豆(金豆),本月業績(記分牌)^本月返豆(金豆),Cur. Month(score)^Cur. Month(chips),Placar Mensal(Pontuação)^Bônus mensal (Moedas),,,,
SelectAch,今日业绩(记分牌)^昨日返豆(金豆),今日業績(記分牌)^昨日返豆(金豆),Today(score)^Yesterday(chips),Placar Mensal(Pontuação)^Bônus de ontem (Moedas),,,,
UIClub_SelectProps,选择道具,選擇道具,Choose props,Escolha adereços,,,,
UIClub_SendPropsContent,是否发放{0}给{1}(ID:{2})？,是否發放{0}給{1}(ID:{2})？,Will {0} be issued to {1} (ID:{2})?,Você emite {0} para {1} (ID: {2})?,,,,
UIClub_SendPropsSucceed,发放成功,發放成功, issued Successfully,Emitido com sucesso,,,,
UIClub_SendSelectProps,请选择道具,請選擇道具,Please select props,"Por favor, selecione ferramentas ",,,,
UIClub_Send,公会发放,公會發放,Guild issue,Distribuição do Clube,,,,
UIClub_recycle,公会回收,公會回收,Guild recycling,Reciclagem do Clube,,,,
UIClub_Insurance_Share,保险分成,保險分成,Insurance profit sharing,Participação do seguro,,,,
UIClub_VIP_Insurance_Share,贵宾保险分成,貴賓保險分成,VIP insurance profit sharing,Participação do seguro VIP,,,,
UIClub_Props_are_divided,道具分成,道具分成,Props profit  sharing,Compartilhamento de ferramentas,,,,
UIClub_Service_fee_sharing,服务费分成,服務費分成,Service fee profit sharing,Taxa de serviço,,,,
UIClub_Alliance_issue,联盟发放,聯盟發放,Alliance issued,Distribuição da Aliança,,,,
UIClub_Alliance_recycling,联盟回收,聯盟回收,Alliance recycling,Reciclagem da Aliança,,,,
UIMine_Wallet_MTT,MTT分成,MTT分成,MTT profit sharing,Divisão MTT,,,,
UIMine_WalletMyMTTId,比赛ID,比赛ID,Match ID,ID de correspondência,,,,
UIMine_WalletMyPaiId,牌局ID,牌局ID,table ID,ID do Jogo,,,,
UIMine_WalletMyChangedGold,变动后金额,變動後金額,Amount after change,Valor após alteração,,,,
UIMine_WalletVIP_Cowboy,贵宾牛仔分成,貴賓牛仔分成,VIP cowboy profit sharing,Quantidade de VIP,,,,
UIMine_Wallet_Cowboy,牛仔分成,牛仔分成,Cowboy profit sharing,Cowboy split,,,,
UIMine_WalletVIP_MTT,贵宾MTT分成,貴賓MTT分成,VIP MTT profit sharing,Quantidade de MTT VIP,,,,
UIMine_WalletVIP_Rebate,贵宾返点,貴賓返點,VIP rebate,Bônus VIP,,,,
UIMine_WalletItem_Consumption,道具消费,道具消費,Item consumption,Compra de Ferramentas,,,,
UIMine_WalletMTT_Redemption,奖励兑换,獎勵兌換,Reward Redemption,Troca de prêmios,,,,
UIMine_WalletMTT_Refund,MTT退费,MTT退費,MTT Refund,Reembolso MTT,,,,
UIMine_WalletMTT_SignUp,MTT报名,MTT報名,MTT Sign up,Registro MTT,,,,
UIMine_WalletMTT_Rewards,MTT奖励,MTT獎勵,MTT Rewards,Prêmios MTT,,,,
UIMine_WalletMTT_OutPlayer,踢出玩家,踢出玩家,Kick Player,Expulsar Jogador,,,,
UIMine_WalletMTT_PlayerExit,玩家退出,玩家退出,Player Exit,Jogador saiu,,,,
UIMine_MTTWalletBringOut,报名退费,報名退費,Registration refund,Reembolso de registro,,,,
UIMine_WalletBringOut,带出,帶出,Bring out,Retirada,,,,
UIMine_WalletVIP_Sub-insurance,贵宾分保险 ,貴賓分保險,VIP Sub-insurance,Seguro VIP,,,,
UIMine_WalletFlow,充提记录,充提記錄,R&W records,Histórico,,,,
UIMine_WalletSetting,请设置二级密码,請設置二級密碼,Please set the secondary password,"Por Favor, escolha  um password secundario ",,,,
MoneyNewPWD,请输入6-12位的新密码,請輸入6-12位的新密碼,New password of 6-12 chars,Por favor inserir uma senha nova de 6-12 caracteres,,,,
MoneyAgainPWD,再次输入新密码,再次輸入新密碼,New password again,Por favor insira a senha novamente ,,,,
UIMine_WalletAdd,充豆,充豆,Recharge,Recarga,,,,
myItemLeft1,支付宝,支付寶,Alipay,Alipay,,,,
myItemLeft2,银行卡,銀行卡,Bank Card,Cartão,,,,
myItemLeft3,客服代充,客服代充,Service Agent,Taxa de serviço,,,,
UIMine_WalletTransfer,转豆,轉豆,Transfer,Transferência,,,,
trInfo,请填写转豆信息,請填寫轉豆信息,Transfer information,informações de transferência,,,,
trId,转豆ID:,轉豆ID:,Payee ID:,ID de transferência,,,,
trNumber,转豆数量:,轉豆數量:,Amount:,Quantidade,,,,
trSecondPW,二级密码:,二級密碼:,Sec-PWD:,Senha de segundo nível,,,,
trPId,请输入对方ID,請輸入對方ID,Please enter the payee's ID,Por favor insira o ID do outro jogador,,,,
trPNumber,请输入转豆数量,請輸入轉豆數量,Please enter the amount,Por favor insira o valor de moedas,,,,
trPSecondPW,请输入二级密码,請輸入二級密碼,Please enter your secondary password,Por favor insira a senha de segundo nível,,,,
UIMine_Backpack,我的背包,我的背包,My packbag,Meus Itens,,,,
ModifyAddress,编辑地址,編輯地址,Edit address,Editar endereço,,,,
bpName,请输入真实姓名:,請輸入真實姓名:,please enter your real name ,Por favor insira seu nome completo:,,,,
bpMobile,请输入手机号:,請輸入手機號:,please enter your mobile number ,Por favor inserir seu celular:,,,,
bpwx,请输入微信号:,請輸入微信號:,please enter your wechat ID ,Por favor inserir seu Wechat:,,,,
bpAddress,请输入收货地址:,請輸入收貨地址:,Please enter your receiving address ,Por favor inserir seu endereço de recebimento:,,,,
UIMine_WalletCash,提豆,提豆,Withdraw,Saque,,,,
tc_SOrkoe,支付宝,支付寶,Alipay,Alipay,,,,
tc_5rn24t,银行卡,銀行卡,Bank Card,Cartão,,,,
tc_SgtH7K,请填写您的信息,請填寫您的信息,Please fill in your information,Por favor preencher suas informações,,,,
tc_Oqhsi9,姓名:,姓名:,Name:,Nome:,,,,
tc_uieaeK,请输入姓名,請輸入姓名,Your name,Por favor inserir seu nome completo,,,,
tc_KmIeWc,支付宝账号:,支付寶賬號:,Alipay:,Alipay:,,,,
tc_FhoBxS,请输入支付宝账号,請輸入支付寶賬號,Alipay account,Conta Alipay:,,,,
tc_ERSifl,支付宝昵称:,支付寶昵稱:,alipay nickname ,Usuário do Alipay:,,,,
tc_QNzEpb,请输入支付宝昵称,請輸入支付寶昵稱,please enter alipay nickname ,Por favor insira o Usuário do Alipay:,,,,
tc_YKxu4W,公会创建者微信号:,公會創建者微信號:,Club Wechat:,WeChat do criador do clube:,,,,
tc_xDSyCM,请输入公会,請輸入公會,Club,Clube,,,,
tc_6X453H,提豆数量:,提豆數量:,chips:,Fichas ,,,,
tc_WYw6OT,请输入提豆数量,請輸入提豆數量,Withdrawal chips amount,valor das fichas para saque,,,,
tc_njDD5I,提豆金额:,提豆金額:,Amount:,Montante ,,,,
tc_DZJE,到账金额,到賬金額,Amount received,Montante recebido,,,,
tc_LjpYlZ,输入提豆金额,輸入提豆金額,Withdrawal amount,Valor do saque ,,,,
tc_wgzCy3,手机号码:,手機號碼:,Phone:,telefone,,,,
tc_WKlDfD,请输入手机号码,請輸入手機號碼,Mobile phone number,número de celular,,,,
tc_R1AXdm,验证码:,驗證碼:,Code:,Código de verificação:,,,,
tc_ezfCj6,请输入验证码,請輸入驗證碼,Validation code,código de validação:,,,,
tc_8xjace,获取验证码,獲取驗證碼,get code,Obter código de validação,,,,
tc_MDhPzz,二级密码:,二級密碼:,Sec-PWD:,Senha de segundo nível:,,,,
tc_s1CJCy,请输入二级密码,請輸入二級密碼,Secondary password,Por favor inserir senha de segundo nível,,,,
tc_jYXNDE,持卡人姓名:,持卡人姓名:,card holder,Nome do titular do cartão:,,,,
tc_skCardId,收款人证件号:,收款人證件號:,Payee ID number:,Número de identificação do beneficiário:,,,,
tc_skBankId,收款银行代码:,收款銀行代碼:,Receiving bank code:,Código do banco receptor:,,,,
tc_jgCode,机构代码:,機構代碼:,Agency Code:,Código da Agência,,,,
tc_LArPDE,请输入用户名,請輸入用戶名,Your username,Seu nome de usuario ,,,,
tc_kF9ja5,银行卡卡号:,銀行卡卡號:,card number ,Número do cartão:,,,,
tc_jhType,账户类型:,賬戶類型:,Account type:,Tipo de conta:,,,,
tc_PVnCk4,请输入银行卡账号,請輸入銀行卡賬號,please enter bank card number ,Por favor inserir número do cartão,,,,
tc_hD41cg,银行名称:,銀行名稱:,Bank:name,Nome do banco:,,,,
tc_LumBQ2,请输入银行名称,請輸入銀行名稱,please enter Name of the bank,Por favor inserir o nome do banco,,,,
tc_OWwxXQ,开户行:,開戶行:,Opening:,Conta Bancaria,,,,
tc_TpUzlc,请输入开户行,請輸入開戶行,Account-opening bank,"Por favor, digite o banco",,,,
tc_5RzN3K,开户行省:,開戶行省:,Province:,Estado,,,,
tc_PSn2Nm,开户行市:,開戶行市:,City:,Cidade,,,,
tc_Jo3Dr1,请输入倶乐部,請輸入倶樂部,Enter the Club,insera o clube,,,,
TestProblem,常见问题,常見問題,FAQ,Questões frequentes,,,,
UIMine_ShareProblem,常见问题,常見問題,FAQ,Questões frequentes,,,,
UIMine_MsgSummary,我的消息,我的消息,Messages,mensagens,,,,
Msg1,公会消息,公會消息,Club Messages,Notificações do Clube,,,,
Msg2,联盟消息,聯盟消息,Alliance Messages,Notificações da Aliança,,,,
Msg3,系统消息,系統消息,System Messages,Notificações do Sistema,,,,
Msg4,钱包消息,錢包消息,Wallet Messages,Notificações da Carteira,,,,
Msg5,赛事消息,赛事消息,Match Messages,Notificações da Partida,,,,
Msg6,背包消息,背包消息,Items Messages,Notificações dos Itens,,,,
UIMine_MsgSystem,系统消息,系統消息,System Messages,Notificações do Sistema,,,,
UIMine_PromotersBecomeBook,查看推广海报,查看推廣海報,Look Poster,Visualizar poster promocional,,,,
UIMine_MsgNormal,背包消息^公会消息^钱包消息^系统消息^联盟消息^赛事消息,背包消息^公會消息^錢包消息^系統消息^聯盟消息^賽事消息,Items Messages^Guild Messages^Wallet Messages^System Messages^League Messages^Match Messages,Notificações dos Itens^Notificações da Clube^Notificações da Carteira^Notificações do Sistema^Notificações da Liga^Notificações da Partida,,,,
UIRecordList,德州^奥马哈^AOF^必下场^锦标赛,德州^奧馬哈^AOF^必下場^錦標賽,Texas^Omaha^AOF^Ante^MTT,Texas^Omaha^AOF^Ante^MTT,,,,
MySelfRecord,个人战绩,个人戰績,SelfResults,Resultados pessoais,,,,
UICareerRecord_History,历史牌局,歷史牌局,History Games,Histórico de jogos,,,,
UICareerRecord,战绩,戰績,Results,Resultado,,,,
UICareerRecord_HundredHands,战绩/百手,戰績/百手,Results/HundredHand,Resultado/Centena,,,,
UIMine_RecordList,战绩,戰績,Results,Resultado,,,,
UIMatch_Filter,筛选,篩選,Filter,Filtro,,,,
UIDataList,德州^奥马哈^AOF^锦标赛,德州^奧馬哈^AOF^錦標賽,Texas^Omaha^AOF^MTT,TexasˆOmahaˆAOFˆMTT,,,,
UIMine_title,我的,我的,Mine,Meu,,,,
UIMine_btn_MyWallet,我的钱包,我的錢包,Wallet,Carteira,,,,
UIMine_btn_VIP,VIP,VIP,VIP,VIP,,,,
UIMine_btn_paipu,牌谱收藏,牌譜收藏,Hands,mãos,,,,
UIMine_btn_record,我的战绩,我的戰績,Results,Resultados,,,,
UIMine_btn_backpack,我的背包,我的背包,my packbag ,meu carrinho,,,,
UIMine_btn_share,分享赚金豆,分享賺金豆,Promote,Compartilhe para ganhar fichas,,,,
UIMine_btn_message,我的消息,我的消息,Messages,Menssagens,,,,
UIMine_btn_fair,游戏公平,遊戲公平,Equity,Jogo justo,,,,
UIMine_btn_setting,设置,設置,Settings,Ajustes,,,,
UIMine_expire,到期,到期,Expired,Expirado,,,,
UIMine_becomeVIP,马上开通VIP,馬上開通VIP,Open VIP,Ativar VIP,,,,
UIMine_VIP_title,会员中心,會員中心,VIP Center,Centro VIP,,,,
UIMine_VIP_expire,有效期至,有效期至,Valid until,Valido até,,,,
UIMine_VIP_openVIP,开通会员立即享受特权,開通會員立即享受特權,Enjoy Privileges Now,Torne-se um membro para desfrutar dos privilégios,,,,
UIMine_VIP_year,年,年,Year,Ano,,,,
UIMine_VIP_month,月,月,chips/Month,fichas/Mês,,,,
UIMine_VIP_year_price,金豆/年,金豆/年,chips/Year,Fichas/Ano,,,,
UIMine_VIP_month_price,金豆/月,金豆/月,chips/Month,Fichas/Mês,,,,
UIMine_VIP_right,特权,特權,Privileges,Privilégios,,,,
UIMine_VIP_upperLimit,上限,上限,Limit,Limite,,,,
UIMine_VIP_used,已用,已用,Used,Usado,,,,
UIMine_VIP_left,剩余,剩余,banlance ,Saldo,,,,
UIMine_VIP_creatClubNum,创建社区数,創建社區數,Number of communities created,Números de clubes criados,,,,
UIMine_VIP_paipuLimit,保存牌谱,保存牌譜,Hands Collect,Mãos coletadas,,,,
UIMine_VIP_dataTimeTitle,数据查看/天,數據查看/天,Data View/Day,Visualizar dados/dia,,,,
UIMine_VIP_normal,普通,普通,Ordinary,Ordinário,,,,
UIMine_VIP_gold,黄金,黃金,Gold,Ouro,,,,
UIMine_VIP_platinum,铂金,鉑金,Platinum,Platina,,,,
UIMine_VIP_diamond,钻石,鉆石,Diamond,Diamante,,,,
UIMine_VIP_dataAll,生涯,生涯,Career,Histórico,,,,
UIMine_VIP_cardTitle_month,开通月卡,開通月卡,Open Monthly,Ativar cartão mensal,,,,
UIMine_VIP_cardTitle_year,开通年卡,開通年卡,Open Annual,Ativar cartão anual,,,,
UIMine_VIP_cardTitle_month_add,续费月卡,續費月卡,renewal monthly,Renovar mensalmente,,,,
UIMine_VIP_cardTitle_year_add,续费年卡,續費年卡,renewal annual,Renovar anualmente,,,,
UIMine_VIP_Text_viptitle,会员特权,會員特權,Privileges,Privilégios ,,,,
UIMine_VIP_right_name_1,专属特权,專屬特權,Privileges,Privilegios,,,,
UIMine_VIP_right_des_1,专属会员特权,專屬會員特權,VIP Privileges,privilégios VIP,,,,
UIMine_VIP_right_name_2,数据查看,數據查看,Data View,Visualização de dados,,,,
UIMine_VIP_right_des_2,非隐身玩家的高阶数据,非隱身玩家的高階數據,Advanced stats for non-invisible players,Estatíticas avançadas para jogadores não invisíveis ,,,,
UIMine_VIP_right_name_3,普通隐身,普通隱身,Stealth,Ocultação ,,,,
UIMine_VIP_right_des_3,高阶数据隐身,高階數據隱身,Advanced data stealth,Os dados estão ocultados,,,,
UIMine_VIP_right_name_4,终身隐身,終身隱身,Super Stealth,Ocultação permanente,,,,
UIMine_VIP_right_des_4,对全用户隐藏高阶数据,對全用戶隱藏高階數據,Advanced data stealth from all users,Ocultação de dados de alto nível para o usuário,,,,
UIMine_VIP_right_name_5,破隐功能,破隱功能,Unlock,Desbloqueio ,,,,
UIMine_VIP_right_des_5,查看隐身玩家高阶数据,查看隱身玩家高階數據,Unlock Stealth,Visualizar dados de alto nível de usuários ocultos,,,,
UIMine_VIP_right_name_6,全景影像,全景影像,full-disk image,Dados completos,,,,
UIMine_VIP_right_des_6,生涯数据全景影像,生涯數據全景影像,Career full-disk image,Dados completos de carreira,,,,
UIMine_VIPPurchase_title,购买会员,購買會員,VIP Purchase,Compra VIP,,,,
UIMine_VIPPurchase_month,个月,個月,months,meses,,,,
UIMine_VIPPurchas_vipName,会员,會員,VIP,VIP,,,,
UIMine_VIPPurchase_text_top_tips,购买会员，持续时间：,購買會員，持續時間：,"Purchase VIP, duration:","Compra VIP, duraçâo ",,,,
UIMine_VIPPurchase_btn_check_right,查看我的会员特权,查看我的會員特權,View my privileges,Visualizar meu privilégios ,,,,
UIMine_UserInfoSetting_title,编辑资料,編輯資料,Edit Profile,Editar informações,,,,
UIMine_UserInfoSetting_Male,男,男,Male,Homem,,,,
UIMine_UserInfoSetting_Female,女,女,Female,Mulher,,,,
UIMine_UserInfoSetting_Camera,拍照,拍照,Camera,Camera,,,,
UIMine_UserInfoSetting_album,相册,相冊,Album,Album,,,,
UIMine_UserInfoSetting_btn_head,头像,頭像,Portrait,Foto de Perfil,,,,
UIMine_UserInfoSetting_btn_nick,昵称,昵稱,Nickname,Usuário,,,,
UIMine_UserInfoSetting_btn_gender,性别,性別,Gender,Gênero,,,,
UIMine_UserInfoSettingNick_Placeholder,不超过12个汉字或字母,不超過12個漢字或字母,Less than 12 chars,Não pode ultrapassar 12 caracteres,,,,
UIMine_UserInfoSettingNick_InputName,输入昵称,輸入暱稱,Enter nickname,Inserir usuário,,,,
UIMine_UserInfoSettingNick_cost_title,消耗金豆:,消耗金豆:,Price:,Preço:,,,,
UIMine_UserInfoSettingNick_coin_left,我的金豆:,我的金豆:,Chips:,Fichas:,,,,
UIMine_UserInfoSettingNick_tips,*首次更改昵称免费，之后每次消耗{0}金豆,*首次更改昵稱免費，之後每次消耗3金豆,"*First time to change nickname for free, then cost {0} chips each time","Primeira ediçao de nome de usuario gratuita, as proximas alteraçoes custarao {0} moedas cada",,,,
UIMine_UserInfoSettingNick_title,修改昵称,修改昵稱,Modify Nickname,Editar nome de usuário,,,,
Save,保存,保存,Save,Salvar,,,,
UILobby_Menu_menu_btn_discover,发现,發現,Discover,Descobrir,,,,
UILobby_Menu_menu_btn_club,公会,公會,Club,Clube,,,,
UILobby_Menu_menu_btn_data,生涯,生涯,Career,Histórico,,,,
UILobby_Menu_menu_btn_my,我,我,Me,Eu,,,,
UIMine_UserInfoNick_tooLong,昵称不能超过10个字符,昵稱不能超過10個字符,Less than 10 chars,menos de 10 caracteres,,,,
UIMine_UserInfoNick_Include_Special,不能包含特殊字符，请修改后再提交,不能包含特殊字符，請修改後再提交,Include Special Character Word,Incluir caracter especial ,,,,
tc_FKurKJYR,当前线路,當前線路,Network,Rede,,,,
tc_RsXwKUrw,香港(主线路)香港(主线路),香港(主線路)香港(主線路),Hong Kong (Main),Hong Kong(Linha Principal),,,,
tc_PpNL8LVJ,切换语言,切換語言,Language,Linguagem ,,,,
tc_MHoYsIbY,简体中文,簡體中文,Simplified Chinese,Chinês Simplificado,,,,
tc_TsALrril,游戏声音,遊戲聲音,Game Sound,Som do Jogo,,,,
tc_n53zSvpD,修改密码,修改密碼,Reset Password,Alterar Senha,,,,
tc_wV5t3xsr,问题反馈,問題反饋,Report,Reclamações,,,,
tc_YQAGnw3p,关于我们,關於我們,About us,Sobre nós,,,,
tc_ExsmF9T7,备份下载,備份下載,Backup Download,Download de Backup,,,,
tc_5E0V3qlb,用户协议,用戶協議,User Agreement,Contrato de Usuário,,,,
tc_NO5NT6aa,版本号,版本號,Version,Versão,,,,
sd_qbjMh5MA,下载地址,下載地址,Download address,Endereço de Download,,,,
sd_X7o0UdXC,复制,復制,Copy,Copiar,,,,
sd_kENe8NPR,下载二维码,下載二維碼,Download QR code,Download QR code,,,,
sd_4QZz9MNR,扫描二维码,掃描二維碼,QR Code,QR code,,,,
sl_bnftN7UY,简体中文,簡體中文,Simplified Chinese,Chinês Simplificado,,,,
sl_K8cPNvxU,English,English,English,Inglês,,,,
sl_1js2egAI,繁体中文,繁體中文,Traditional Chinese,Chinês Tradicional,,,,
sl_ptyyPutao,葡萄牙语,葡萄牙語,Portuguese,Português,,,,
sr_ZoxrCvSy,问题描述,問題描述,Problem Description,Descrição do Problema,,,,
sr_wcv5TTrg,请输入问题描述,請輸入問題描述,Please enter the problem description,Por favor descreva o seu problema,,,,
sr_r9ccGtey,提交,提交,Submit,Enviar,,,,
sr_r9ccQuit,退出公会,退出公會,Quit Club,Sair do clube,,,,
sn_a3P2VSwC,香港(主线路),香港(主線路),Hong Kong (Main),Hong Kong(Linha Principal),,,,
sn_xADWMbr6,东南亚,東南亞,Southeast Asia,Sudeste Asiático,,,,
sn_YxbZ7LNJ,日韩欧美澳,日韓歐美澳,"Japan,South Korea,Europe,America and Australia","Japão, Coréia, Europa, América e Austrália",,,,
UIJackPotInfoList,玩法介绍^JackPot^奖励记录,玩法介紹^JackPot^獎勵記錄,Rules^JackPot^Records,RegrasˆJackpotˆRegistro de premiação,,,,
UIJackPotInfo_blindLevel,盲注级别,盲註級別,Blind,Nível cego,,,,
UIMine_PromotersBecome_dfg4d5g,推广员说明,推廣員說明,Promote Rules,Regras de promotor,,,,
UIMine_PromotersBecome_Jli87DRv,复制下载链接,復制下載鏈接,Copy Link,Copiar link para download,,,,
UIMine_PromotersBecome_rTPhmznj,保存二维码,保存二維碼,Save QR code,Salvar QR Code,,,,
UIMine_RecordItemMatch_LPe0Iy4I,名次,名次,Rank,Rank,,,,
UIMine_RecordItemMatch_2TZCjaqM,玩家,玩家,Player,Jogador,,,,
UIMine_RecordItemMatch_IMrHkZrO,排名奖励,排名獎勵,Ranking Award,Prêmio de Rank,,,,
UIMine_RecordItemsNormal_7HWiFGuM,名次,名次,Rank,Rank,,,,
UIMine_RecordItemsNormal_VEtG1zkp,玩家,玩家,Player,Jogador,,,,
UIMine_RecordItemsNormal_3RCUa3w8,手数,手數,Hands,Mãos,,,,
UIMine_RecordItemsNormal_eodrjcHJ,带入,帶入,Buy-in,Buy-in,,,,
UIMine_RecordItemsNormal_fzCeKaD7,积分,積分,Profit,Pontuação,,,,
UIMine_WalletAdd_EjPOTlsz,充值,平臺充值,Recharge,Recarga,,,,
UIMine_WalletAdd_jSvJ2zpi,充豆金额,充豆金額,chips Amount,Quantidade de fichas ,,,,
UIMine_WalletAdd_UrJVLJkp,余豆:,余豆:,Balance:,Saldo:,,,,
UIMine_WalletAdd_ShYippxT,充豆金额{0}元到{1}元,充豆金額{0}元到{1}元,{0} to {1} yuan,Valor de recarga{0} até {1} yuan,,,,
UIMine_WalletAdd_AJZsJzC3,银行卡转账,銀行卡轉賬,Bank Card Transfer,Transferência de cartão,,,,
UIMine_WalletAdd_1heqE7jB,注：单笔金额最大限额{0}元，充豆金额为100的整数,註：單筆金額最大限額{0}元，充豆金額為100的整數,"Note: The amount must be an integer, An integer of 100 chips","Observação: o limite máximo de cada transação {0}, precisa ser múltiplo de 100 moedas",,,,
UIMine_WalletAdd_RNdrJkHJ,充值,充值,Recharge,Recarga,,,,
UIMine_RecordDetailForNormal_FENSVUz3,本局牌谱,本局牌譜,The Hands History,historico das maos ,,,,
UIMine_RecordDetailForNormal_soxaxJz1,保险池,保險池,Insurance,Seguro,,,,
UIMine_RecordDetailForNormal_oLEwo2wI,公会战绩,公會戰績,Club Result,Resultado do clube,,,,
UIMine_RecordDetailForNormal_RiDnNRPJ,玩家,玩家,Player,Jogador,,,,
UIMine_RecordDetailForNormal_BYh6JqX4,牌型,牌型,Type,Tipo carta,,,,
UIMine_RecordDetailForNormal_XpE4EVeO,奖励(金豆),獎勵(金豆),Award(chips),Prêmio(moedas),,,,
UIMine_RecordDetailForNormal_kLk3czkP,名次,名次,Rank,Rank,,,,
UIMine_RecordDetailForNormal_CqIHdrgI,手数,手數,Hands,Mãos,,,,
UIMine_RecordDetailForNormal_eUGoSk5Y,带入,帶入,Buy-in,Buy-in,,,,
UIMine_RecordDetailForNormal_zVjRxxMr,积分,積分,Profit,Pontuação,,,,
UIMine_RecordDetailForMatch_LhncMZ07,公会战绩,公會戰績,Club Result,Pontuação do clube,,,,
UIMine_RecordDetailForMatch_JXmIUtJW,名次,名次,Rank,Rank,,,,
UIMine_RecordDetailForMatch_fSlG0niU,玩家,玩家,Player,Jogador,,,,
UIMine_RecordDetailForMatch_pb5dDzFa,手数,手數,Hands,Mãos,,,,
UIMine_RecordDetailForMatch_VN1Imz02,带入,帶入,Buy-in,Buy-in,,,,
UIMine_RecordDetailForMatch_NHvEfssh,积分,積分,Profit,Pontuação,,,,
UIMine_RecordDetailForMatch__BaoPerson,报名人数,報名人數,Number of applicants,Número de candidatos,,,,
UIMine_WalletExtra_2PFHpIQC,银行卡,銀行卡,Bank Card,Cartão,,,,
UIMine_WalletExtra_sOLfgQk7,支付宝,支付寶,Alipay,Alipay,,,,
UIMine_WalletFlow_BoptsRJx,充豆订单,充豆訂單,Order,Pedido,,,,
UIMine_WalletFlow_c2DKDYMA,充豆数量,充豆數量,Amount,Valor,,,,
UIMine_WalletFlow_sCnJuwSl,状态,狀態,Status,Status,,,,
UIMine_WalletFlow_Zxkp4H2K,充豆时间,充豆時間,Recharge Time,Tempo de recarga,,,,
UIOwner_GrIjPhof,房主功能,房主功能,Functions,Funções,,,,
UIOwner_gLSdJX0D,暂停游戏,暫停遊戲,Pause,Pausa do jogo,,,,
UIOwner_3hvt5EXj,解散游戏,解散遊戲,Dismiss,Finalizar jogo,,,,
UIOwner_GBUKP7d2,分享房间,分享房間,Sharing,Compartilhar sala,,,,
UIOwner_YSQJyJYp,设置,設置,Settings,Configurações,,,,
UIOwner_BSRdHRe8,Muck开关,Muck開關,Muck,Muck Liga/Desliga,,,,
UIOwner_1UwjmB0F,设置玩家可以带入的记分牌倍数,設置玩家可以帶入的記分牌倍數,Sets the multiples can buy in,Configuração de quantidades de buy-in,,,,
UIOwner_puEMtzn6,牌局延时（分钟）,牌局延時（分鐘）,Lengthen (minutes),Prolongar o jogo(minutos),,,,
UIPause_sdXLZk7S,继续游戏,繼續遊戲,Continue,Continuar jogo,,,,
UIPromptWifi_yujciRSe,"网络请求失败,请检查您的网络","網絡請求失敗,請檢查您的網絡","Request failed, please check your network","Conexão falha, favor verificar sua internet.",,,,
UITexasRule_Ug7QXzjK,牌型提示,牌型提示,Type,Tipo,,,,
UITexasRule_RlNZ1ysZ,玩法说明,玩法說明,Tips,Regras,,,,
UITexasRule_1QEuiq2M,保险说明,保險說明,Insurance,Seguro,,,,
UIAddChips_dIyU7Svz,带入记分牌,帶入記分牌,Buy-in,Buy-in,,,,
UIAddChips_OhZuXhM0,小盲/大盲,小盲/大盲,SB/BB (small blind/big blind),SB/BB,,,,
UIAddChips_zL0qp8UO,所需金豆:,所需金豆:,Require:,Moedas necessárias:,,,,
UIAddChips_1mIC7nGP,账户金豆:,賬戶金豆:,Balance:,Saldo:,,,,
UIAutoOperation_DTQMhJtu,自动弃牌,自動棄牌,Auto Fold,Auto Fold,,,,
UIAutoOperation_zwTtLsjf,自动跟牌,自動跟牌,Auto Call,Auto Call,,,,
UIAutoOperation_Nq9t7pxs,自动Allin,自動Allin,Auto Allin,Auto Allin,,,,
UIAutoOperation_jMVHC6Lf,自动看牌,自動看牌,Auto Check,Auto Check,,,,
UIClub_3TxsOLBr,玩玩公会,玩玩公會,Club,Clube,,,,
UIClub_3FZzNIph,你当前还没有创建任何公会,妳當前還沒有創建任何公會,You haven’t create club yet,Você ainda não criou um clube,,,,
UIClub_Creat_2LvGNmS7,公会名称,公會名稱,Name of the club,Nome do clube,,,,
UIClub_Creat_4vH7wQnp,请输入公会名称[最多十个字],請輸入公會名稱[最多十個字],Name of the club(not more then 10 characters),Por favor insira o nome do clube (máximo 10 caracteres),,,,
UIClub_Creat_JQaDE4bz,公会地区,公會地區,Area,Área ,,,,
UIClub_Creat_ogwUfrKa,选择国家和地区,選擇國家和地區,Regions,Selecionar país/região,,,,
UIClub_Creat_yszeXPVR,联系方式[以下至少填一项],聯係方式[以下至少填壹項],Contact Information [fill in at least one of the following],Contato (Pelo menos um abaixo),,,,
UIClub_Creat_jOC9LsJS,请输入联系人电话,請輸入聯系人電話,please enter Phone number of contact ,Por favor digite o numero do telefone para contato ,,,,
UIClub_Creat_0EQVmlOr,请输入联系人微信,請輸入聯系人微信,please enter Wechat ID of contact,"Po favor, digite seu Wechat ID para contato",,,,
UIClub_Creat_6F8SQesq,请输入联系人Telegram,請輸入聯系人Telegram,please enter Telegram ID of contact,"Por favor, digite seu telegram ID para contato ",,,,
UIClub_Creat_dXB0TP8V,请输入联系人邮箱,請輸入聯系人郵箱,please enter Email of contact,"Por favor, digite seu email para contato",,,,
UIClub_Creat_McWz7moW,留言箱（最多60个字）,留言箱（最多60個字）,Message Box( max 60 chars),Caixa de mensagem (máximo 60 caracteres),,,,
UIClub_Creat_ZizEgnjo,公会简介,公會簡介,Club Profile,Perfil do clube,,,,
UIClub_Creat_W1qXZpQJ,请输入公会简介[最多50字],請輸入公會簡介[最多50字],Message Box (max 50 chars),Caixa de mensagem (maximo 50 caracteres),,,,
UIClub_Creat_50vt29qk,公会创建默认成为推广员,公會創建默認成為推廣員,"Club creator defaults to promotionist, please view in ""Promote""",Criador do clube se sujeita a se tornar promotor,,,,
UIClub_Creat_7G6oAawB,确定创建,確定創建,Create,Criar,,,,
UIClub_CreaArea_RGdinf0R,国家和地区,國家和地區,Regions,Região,,,,
UIClub_CreaArea_e1OAY5uy,其他地区,其他地區,Others,Outros,,,,
UIClub_CreaCity_WYSQDnB5,选择城市,選擇城市,City,Cidade,,,,
UIClub_CreaCountry_ZJpWGtU7,选择国家,選擇國家,Country,País,,,,
UIClub_CreaProvince_Qablg3jy,选择省份,選擇省份,Provinces,Província,,,,
UIClub_FundDetail_T2bGi160,基金余额,基金余額,Fund balance,Saldo do fundo,,,,
UIClub_FundDetail_j5MG4TvS,交收,交收,Recharge,Recarga,,,,
UIClub_FundDetail_5iSXE2Uj,发放,發放,Grant,Conceder,,,,
UIClub_FundDetail_2SUn7PLM,基金收益记录,基金收益記錄,Fund Income Record,Histórico de fundos,,,,
UIClub_FundDetail_xYlV8VBZ,暂无数据,暫無數據,No data,Sem registro,,,,
UIClub_FundGive_B40BFWsR,请输入成员昵称,請輸入成員昵稱,Enter member nickname,Por favor inserir seu usuário,,,,
UIClub_FundGiveSub_iNmQjMMj,发放基金,發放基金,Grant Fund,Distribuir fundos,,,,
UIClub_FundGiveSub_90RdvzTv,发放金豆数量：,發放金豆數量：,Number of chips:,Número de moedas,,,,
UIClub_FundGiveSub_6iXlkJGI,请输入金豆数量,請輸入金豆數量,The number to grant,Por favor inserir valor de moedas,,,,
UIClub_FundRecharge_yioCCJHp,交收金豆：,交收金豆：,Recharge Amount,Valor de moedas,,,,
UIClub_FundRecharge_9Uo6D5gi,余豆,余豆,Balance,Saldo,,,,
UIClub_FundRecharge_9jO4mlS6,消耗,消耗,Consumption,Consumo,,,,
UIClub_Info_RaQUXcSW,简介,簡介,Intro,Introdução,,,,
UIClub_Info_rUC1C7lI,联盟,聯盟,Alliance,Aliança,,,,
UIClub_Info_Fue61o7s,基金,基金,Fund,Fundo,,,,
UIClub_Info_Activity,活动管理,活動管理,Management,Administração,,,,
UIClub_Info_Members,成员,成員,Members,Membros,,,,
UIClub_Info_fyUi10bL,交易模式,交易模式,Trade Mode,Modo de transação,,,,
UIClub_Info_abuZSLsS,公会成员,公會成員,Club Members,Membros do clube,,,,
UIClub_Info_nzqFv3PN,请联系客服完成充值,請聯係客服完成充值,Contact,Por favor entre em contato com o suporte,,,,
UIClub_Info_gL1Ehrnk,复制,復制,Copy,Copiar,,,,
UIClub_Info_paiKRllG,复制,復制,Copy,Copiar,,,,
UIClub_Info_Y3zsh4du,转移中,轉移中,Transfer,Em transferência,,,,
UIClub_join_HYz6aW4U,请输入公会ID,請輸入公會ID,The club ID,Por favor inserir o ID do clube,,,,
UIClub_join_VW1EsJQF,推荐公会,推薦公會,Recommended Club,Clube recomendado,,,,
UIClub_join_ny49totn,国家和地区,國家和地區,Regions,Região,,,,
UIClub_join_2ptzLQYh,其他地区,其他地區,Other Regions,Outras regiões,,,,
UIClub_JoinQuery_ISNSnu1A,请输入公会ID,請輸入公會ID,The club ID,Por favor inserir o ID do clube,,,,
UIClub_Mlistinfo_GiVUYG7E,数据统计,數據統計,Data,Dados,,,,
UIClub_Mlistinfo_rRyW4JkW,入池率,入池率,VPIP,VPIP,,,,
UIClub_Mlistinfo_zJ34Z3aQ,入池胜率,入池勝率,Wins,Porcentagem de vitórias ,,,,
UIClub_Quit,您是否要退出公会{0}?退出后钱包金豆将被回收,您是否要退出公會{0}?退出後錢包金豆將被回收,"Do you want to quit the club {0}? After exiting, the wallet golden chips will be recycled",Você tem certeza que quer sair do clube {0}? Após a saída as moedas serão recolhidas,,,,
adaptation11001,##分钟##秒,##分鐘##秒,##Min##Sec,##minuto##segundo,,,,
adaptation11000,##天##小时##分钟##秒,##天##小時##分鐘##秒,##Day##Hour##Min##Sec,##dia##hora##minuto##segundo,,,,
adaptation10000,##天##小时##分钟,##天##小時##分鐘,##Day##Hour##Min,##dia##hora##minuto,,,,
adaptation10001,##小时##分钟##秒,##小時##分鐘##秒,##Hour##Min##Sec,##hora##minuto##segundo,,,,
adaptation10002,##小时##分钟,##小時##分鐘,##Hour##Min,##hora##minuto,,,,
adaptation10003,##秒,##秒,##Sec,##segundo,,,,
adaptation10004,东南亚,東南亞,SEA,Sudeste Asiático,,,,
adaptation10005,内容,內容,Content,Conteúdo,,,,
adaptation10006,标题,標題,Title,Título,,,,
adaptation10007,温馨提示,溫馨提示,Prompt,Aviso,,,,
adaptation10008,好的,好的,OK,Ok,,,,
adaptation10009,奥马哈,奧馬哈,Omaha,Ohama,,,,
adaptation10010,奥马哈(血战),奧馬哈(血戰),Omaha(Unlimited),Omaha (Ilimitado),,,,
adaptation10011,返回游戏,返回遊戲,Return,Retornar ao jogo,,,,
adaptation10012,确定,確定,Confirm,Confirmar,,,,
adaptation10013,取消,取消,Cancel,Cancelar,,,,
adaptation10014,托管模式,托管模式,Auto Check/Fold,Auto Check/Fold,,,,
adaptation10015,继续打牌,繼續打牌,Return,Retornar,,,,
adaptation10016,观众无法发送表情,觀眾無法發送表情,Audience can't send voice,A audiência não pode enviar áudio ,,,,
adaptation10017,录音时间太短,錄音時間太短,Too short to send,Gravação muito curta,,,,
adaptation10018,查看翻牌,查看翻牌,View Flop,Ver o flop,,,,
adaptation10019,查看转牌,查看轉牌,View Turn,Ver o turn,,,,
adaptation10020,查看河牌,查看河牌,View River,Ver o river,,,,
adaptation10021,保险模式,保險模式,Insurance,Seguro,,,,
adaptation10022,德州,德州,Texas,Texas,,,,
adaptation10023,最短上桌时间,最短上桌時間,Minimum table time,Mínimo de tempo da rodada ,,,,
adaptation10024,知道了,知道了,Yes,Sim,,,,
adaptation10025,余额不足,余額不足,Insufficient,Saldo insuficiente,,,,
adaptation10026,去充豆,去充豆,Store,Carregar moedas,,,,
adaptation10027,房主已开启观众语音,房主已開啟觀眾語音,Audiences' voice has turned on,Ativado o som da audiência,,,,
adaptation10028,房主已关闭观众语音,房主已關閉觀眾語音,Audiences' voice has turned off,Desativado som da audiência,,,,
adaptation10029,已选择过庄模式,已選擇過莊模式,Waiting Blind,Aguardando o Blind,,,,
adaptation10030,房主已经解散房间,房主已經解散房間,The owner has dismiss the room,Sala desfeita,,,,
adaptation10031,座位已被别的玩家坐下,座位已被別的玩家坐下,Seat has been taken,O assento já foi tomado por outro jogador,,,,
adaptation10032,游戏即将结束,遊戲即將結束,The game is coming to an end,O jogo está prestes a finalizar,,,,
adaptation10033,信用额度不足,信用額度不足,Insufficient credit,Crédito insuficiente,,,,
adaptation10034,强制站起玩家失败,強制站起玩家失敗,Forced stand up failed,Erro ao tentar forçar o jogador a sair,,,,
adaptation10035,强制踢出玩家失败,強制踢出玩家失敗,Forced kick failed,Erro ao expulsar jogador,,,,
adaptation10036,强制站起玩家成功,強制站起玩家成功,Forced stand up success,Levantamento forçado do assento foi realizado com sucesso,,,,
adaptation10037,强制踢出玩家成功,強制踢出玩家成功,Forced kick success,Confirmado expulsão do jogador,,,,
adaptation10038,你将在这手牌结束后提前离桌,妳將在這手牌結束後提前離桌,You'll leave the table after current hand.,Você irá se retirar depois de finalizar a jogada,,,,
adaptation10039,提前离桌成功,提前離桌成功,Success in leaving the table in advance,Confirmada a retirada da mesa,,,,
adaptation10040,你已被冻结,妳已被凍結,You're frozen,Sua conta foi congelada,,,,
adaptation10041,您被房主强制站起,您被房主強制站起,You are forced to stand up,Você foi forçado a se levantar,,,,
adaptation10042,您被房主强制踢出,您被房主強制踢出,You are kicked out,Você foi expulso pelo administrador da sala,,,,
adaptation10043,过庄,過莊,Waiting,Aguardando,,,,
adaptation10044,跟注,跟註,Call,Call,,,,
adaptation10045,加注,加註,Raise,Raise,,,,
adaptation10046,看牌,看牌,Check,Check,,,,
adaptation10047,弃牌,棄牌,Fold,Fold,,,,
adaptation10048,盖牌,蓋牌,Muck,Muck,,,,
adaptation10049,不保,不保,Uninsured,Sem seguro,,,,
adaptation10050,网络异常,網絡異常,Network error,Erro de conexão,,,,
adaptation10051,请检查网络,請檢查網絡,Check the network,Verifique sua internet,,,,
adaptation10052,未知错误,未知錯誤,Unknown error,Erro desconhecido,,,,
adaptation10053,皇家同花顺,皇家同花順,Royal Flush,Royal Flush,,,,
adaptation10054,同花顺,同花順,Straight Flush,Straight Flush,,,,
adaptation10055,四条,四條,Four of a kind,Four of a kind,,,,
adaptation10056,葫芦,葫蘆,Full House,Full House,,,,
adaptation10057,同花,同花,Flush,Flush,,,,
adaptation10058,顺子,順子,Straight,Straight,,,,
adaptation10059,三条,三條,Three of a kind,Trinca,,,,
adaptation10060,两对,兩對,Two pairs,Dois Pares,,,,
adaptation10061,一对,壹對,A pair,Par,,,,
adaptation10062,高牌,高牌,High card,High card,,,,
adaptation10063,对子,對子,pairs,Pares,,,,
adaptation10064,单张,單張,leaflet,Single Card,,,,
adaptation10065,连对,連對,contiguous pairs,Pares,,,,
adaptation10066,豹子,豹子,Leopard,Three of a kind,,,,
adaptation10067,连豹子,連豹子,Leopard,Dois Three of a kind,,,,
adaptation10068,三带一,三帶壹,Triplet with one,Three of a kind mais um,,,,
adaptation10069,三带一飞机,三帶壹飛機,Sequence of triplets,Dois Three of a kind mais um,,,,
adaptation10070,三带二,三帶二,Full house,Full House,,,,
adaptation10071,三带二飞机,三帶二飛機,Sequence of triplets with a pair,Double Full House,,,,
adaptation10072,炸弹,炸彈,bomb,Four of a kind,,,,
adaptation10073,四带一,四帶壹,Quads,Four of a kind mais um,,,,
adaptation10074,四带二,四帶二,Quads with a pair,Four of a kind mais dois,,,,
adaptation10075,四带三,四帶三,Quads with trip,Four of a kind mias tres,,,,
adaptation10076,王炸,王炸,Rocket,Double joker,,,,
adaptation10077,无,無,none,nenhum,,,,
adaptation10078,微信,微信,WeChat,WeChat,,,,
adaptation10079,修改成功,修改成功,Modified successfully,Alteração com sucesso,,,,
adaptation10080,公会名字长度超出限制,公會名字長度超出限制,Guild name length exceeds limit,Nome do clube ultrapassou limite de caracteres,,,,
adaptation10081,请输入公会名称,請輸入公會名稱,Please enter guild name,Inserir nome do clube,,,,
adaptation10082,请选择地区,請選擇地區,Please select area,Selecionar região,,,,
adaptation10083,手机长度超出限制,手機長度超出限制,phone number length exceeds the limit,Número de telefone ultrapassou o limite,,,,
adaptation10084,微信长度超出限制,微信長度超出限制,WeChat length exceeds the limit,WeChat ultrapassou o limite,,,,
adaptation10085,留言长度超出限制,留言長度超出限制,Message length exceeds the limit,Mensagem ultrapassou o limite,,,,
adaptation10086,暂无数据,暫無數據,No data,Sem dados,,,,
adaptation10087,松开可以刷新,松開可以刷新,Release to refresh,Solte para atualizar,,,,
adaptation10088,下拉可以刷新,下拉可以刷新,Pull down to refresh,Puxe para baixo para atualizar,,,,
adaptation10089,松开可以加载更多,松開可以加載更多,Release to load more,Solte para baixar,,,,
adaptation10090,没有更多数据了,沒有更多數據了,No more data,Sem dados,,,,
adaptation10091,上拉可以加载更多,上拉可以加載更多,Pull up to load more,Arraste para cima para ler mais,,,,
adaptation10092,发放基金,發放基金,Pay out bonus,Distribuição de fundos,,,,
adaptation10093,充值基金池,充值基金池,Fill the pool,Fundo de recarga,,,,
adaptation10094,牌局收益,牌局收益,Hand earnings,Ganhos de jogo,,,,
adaptation10095,战绩流水返佣,戰績流水返傭,Commissions from the game stream,O reembolso é de acordo com os ganhos,,,,
adaptation10096,平台代充支付渠道充豆,平臺代充支付渠道充豆,Platform charger payment channel to fill beans,A plataforma usada para a recarga pode ter taxa de transação,,,,
adaptation10097,提豆记录,提豆記錄,Withdrawal of beans,Registro de saque,,,,
adaptation10098,分享赚金豆返豆,分享賺金豆返豆,Share to earn coins back to coins,Compartilhe para ganhar moedas,,,,
adaptation10099,请输入联系人的微信,請輸入聯系人的微信,Please enter your contact's WeChat,Por favor inserir o seu usuário do WeChat,,,,
adaptation10100,长度超出,長度超出,Length exceeds,Ultrapassou o limite,,,,
adaptation10101,名称长度超出,名稱長度超出,Name length exceeds,Nome de usuário ultrapassou o limite,,,,
adaptation10102,金豆不足,金豆不足,money is not enough,Moedas insuficientes,,,,
adaptation10103,请输入正确的金豆数目,請輸入正確的金豆數目,Please enter correct amount,Por favor inserir o número certo de moedas,,,,
adaptation10104,充值成功,充值成功,Successful recharge,Recarga com sucesso,,,,
adaptation10105,敬请期待,敬請期待,Please look forward to,Fique ligado,,,,
adaptation10106,复制成功,復制成功,Copy success,Cópia efetuado com sucesso,,,,
adaptation10107,加入成功,加入成功,Join successfully,Adicionado com sucesso,,,,
adaptation10108,备注名和打法标记,備註名和打法標記,Remark name and typing mark,Observações,,,,
adaptation10109,备注昵称长度超出,備註昵稱長度超出,Nickname length exceeded,Nome do lembrete excede tamanho permitido,,,,
adaptation10110,打法标记长度超出,打法標記長度超出,Typo mark length exceeded,Lembrete de método excede tamanho permitido,,,,
adaptation10111,名字长度超出,名字長度超出,Name length exceeded,Nome excede tamanho permitido,,,,
adaptation10112,请输入牌局名称,請輸入牌局名稱,Please enter the name of the game,Inserir nome do jogo,,,,
adaptation10113,功能未开放,功能未開放,Function not open,Função indisponível,,,,
adaptation10114,系统消息,系統消息,System message,Mensagem do sistema,,,,
adaptation10115,您是否同意交易模式由平台交易模式变为公会交易模式,您是否同意交易模式由平臺交易模式變為公會交易模式,Do you agree to change the trading mode from platform trading mode to guild trading mode?,Você aceita trocar o modo de transação da plataforma para o modelo de transação do clube?,,,,
adaptation10116,是,是,Yes,Sim,,,,
adaptation10117,否,否,No,Não,,,,
adaptation10118,请输入联盟名称,請輸入聯盟名稱,Please enter your alliance name,Escreva o nome da aliança,,,,
adaptation10119,联盟名字长度超出,聯盟名字長度超出,Alliance name length exceeds,Nome da aliança excede o tamanho permitido,,,,
adaptation10120,添加成功,添加成功,Added successfully,Adicionado com sucesso,,,,
adaptation10121,数据说明,數據說明,Data Description,Descrição dos dados,,,,
adaptation10122,钻石,鉆石,Diamond,Diamante,,,,
adaptation10123,所有,所有,All,Tudo,,,,
adaptation10124,数据,數據,Data,Dados,,,,
adaptation10125,服务器正忙，请稍后再试,服務器正忙，請稍後再試,"Server is busy, please try again later",Servidor ocupado,,,,
adaptation10126,网络超时,網絡超時,Network timeout,Tempo de conexão excedido,,,,
adaptation10127,请输入手机号,請輸入手機號,Please enter your cell phone number,Inserir celular,,,,
adaptation10128,请输入正确的手机号,請輸入正確的手機號,Please enter the correct cell phone number,Inserir celular corretamente,,,,
adaptation10129,更改密码成功,更改密碼成功,Change password successfully,Senha alterada com sucesso,,,,
adaptation10130,请输入验证码,請輸入驗證碼,Please enter the verification code,Inserir código de verificação,,,,
adaptation10131,请稍等再发,請稍等再發,Please wait before sending,Por favor aguarde,,,,
adaptation10132,此号码未注册,此號碼未註冊,This number is not registered,Não há registro desse número,,,,
adaptation10133,验证码已发送,驗證碼已發送,Verification code has been sent,Código de verificação foi enviado,,,,
adaptation10134,找回密码,找回密碼,Retrieve password,Recuperar senha,,,,
adaptation10135,暂只支持简体中文,暫只支持簡體中文,Only Simplified Chinese is supported for now,No momento somente chinês simplificado é aceito,,,,
adaptation10136,用户协议,用戶協議,User Agreement,Contrato de Usuário,,,,
adaptation10137,中国,中國,China,China,,,,
adaptation10138,注册成功,註冊成功,Register successfully,Registro efetuado com sucesso,,,,
adaptation10139,开发服,開發服,Development Service,Em desenvolvimento,,,,
adaptation10140,测试服,測試服,Beta,Teste,,,,
adaptation10141,正式服,正式服,Official Service,Online,,,,
adaptation10142,提审用测试服,提審用測試服,Test Service,Levantamento de teste,,,,
adaptation10143,环境切换,環境切換,Environment switch,Troca de ambiente,,,,
adaptation10144,用户不存在,用戶不存在,User does not exist,Usuário inexistente,,,,
adaptation10145,密码不对,密碼不對,Wrong password,Senha incorreta,,,,
adaptation10146,一般错误,壹般錯誤,General error,Erro Geral,,,,
adaptation10147,版本太低,版本太低,Version too low,Versão desatualizada,,,,
adaptation10148,账户或密码错误,賬戶或密碼錯誤,Wrong account or password,Usuário ou senha incorretos,,,,
adaptation10149,账号被封禁,賬號被封禁,Account is blocked,Conta bloqueada,,,,
adaptation10150,登录失败,登錄失敗,Login failed,Erro de login,,,,
adaptation10151,美国,美國,United States,Estados Unidos da América,,,,
adaptation10152,加拿大,加拿大,Canada,Canadá,,,,
adaptation10153,英国,英國,United Kingdom,Reino Unido,,,,
adaptation10154,法国,法國,France,França,,,,
adaptation10155,德国,德國,Germany,Alemanha,,,,
adaptation10156,意大利,意大利,Italy,Itália,,,,
adaptation10157,西班牙,西班牙,Spain,Espanha,,,,
adaptation10158,葡萄牙,葡萄牙,Portugal,Portugal,,,,
adaptation10159,澳大利亚,澳大利亞,Australia,Austrália,,,,
adaptation10160,荷兰,荷蘭,Netherlands,Holanda,,,,
adaptation10161,香港,香港,Hong Kong,Hong Kong,,,,
adaptation10162,澳门,澳門,Macau,Macau,,,,
adaptation10163,韩国,韓國,Korea,Coréia,,,,
adaptation10164,柬埔寨,柬埔寨,Cambodia,Camboja,,,,
adaptation10165,日本,日本,Japan,Japão,,,,
adaptation10166,泰国,泰國,Thailand,Tailândia,,,,
adaptation10167,台湾,臺灣,Taiwan,Taiwan,,,,
adaptation10168,文莱,文萊,Brunei,Brunei,,,,
adaptation10169,新加坡,新加坡,Singapore,Singapura,,,,
adaptation10170,印度,印度,India,Índia,,,,
adaptation10171,印度尼西亚,印度尼西亞,Indonesia,Indonésia,,,,
adaptation10172,越南,越南,Vietnam,Vietnã,,,,
adaptation10173,俄罗斯,俄羅斯,Russia,Rússia,,,,
adaptation10174,获取验证码,獲取驗證碼,Get Captcha,Obter código,,,,
adaptation10175,并无筛选内容,並無篩選內容,There is no filtered content,Sem conteúdo no filtro,,,,
adaptation10176,前往,前往,Go to,Avançar,,,,
adaptation10177,等待中,等待中,Waiting,Aguardando,,,,
adaptation10178,##局,##局,##Bureau,##Jogo,,,,
adaptation10179,保险,保險,Insurance,Seguro,,,,
adaptation10180,德州,德州,Texas,Texas,,,,
adaptation10181,血战,血戰,Bloodbath,Ilimitado,,,,
adaptation10182,血进,血進,Blood in,Ilimitado,,,,
adaptation10183,同时,同時,Simultaneous,Ao mesmo tempo,,,,
adaptation10184,顺序,順序,Order,Ordem,,,,
adaptation10185,赖子,賴子,Raijin,Joker,,,,
adaptation10186,进行中,進行中,In progress,Processando,,,,
adaptation10187,游戏中,遊戲中,Game in progress,Em jogo,,,,
adaptation10188,必下场,必下場,Must play,Deve Jogar,,,,
adaptation10189,已经是最后一条啦,已經是最後壹條啦,It's the last one!,Esse é o último,,,,
adaptation10190,锦标赛,錦標賽,Tournament,Torneio,,,,
adaptation10191,坐满即玩,坐滿即玩,Play when full,SNG,,,,
adaptation10192,我的业绩,我的業績,performance,Minha performance,,,,
adaptation10193,大菠萝,大菠蘿,Open face,OFCP,,,,
adaptation10194,我的返豆,我的返豆,My Rebates,Meu bônus,,,,
adaptation10195,本月业绩,本月業績,Monthly Performance,Performance mensal,,,,
adaptation10196,本月返豆,本月返豆,coins returned this month,Bônus Mensal,,,,
adaptation10197,输入框不能为空,輸入框不能為空,The input box cannot be empty,Caixa deve estar preenchida,,,,
adaptation10198,成功修改地址,成功修改地址,Change address successfully,Alteração de endereço realizada com sucesso,,,,
adaptation10199,兑换成功,兌換成功,Redeemed successfully,Resgate efetuado com sucesso,,,,
adaptation10200,使用,使用,Use,Uso,,,,
adaptation10201,使用中,使用中,In use,Em Uso,,,,
adaptation10202,已使用,已使用,Used,Já Utilizado,,,,
adaptation10203,兑换,兌換,Redeeming,Resgate,,,,
adaptation10204,兑换中,兌換中,Redemption in progress,Processando,,,,
adaptation10205,已兑换,已兌換,Redeemed,Resgatado,,,,
adaptation10206,游戏公平,遊戲公平,Game Fair,Equilíbrio do jogo,,,,
adaptation10207,保险明细,保險明細,Insurance details,Informações do seguro,,,,
adaptation10208,暂无消息,暫無消息,No news yet,Sem notícias,,,,
adaptation10209,牌谱收藏,牌譜收藏,Card Collection,Coleção de mãos,,,,
adaptation10210,牌谱详情,牌譜詳情,Details,Detalhes de mãos,,,,
adaptation10211,取消收藏,取消收藏,Cancel Collection,Cancelar coleção,,,,
adaptation10212,收藏,收藏,Bookmark,Colecionar,,,,
adaptation10213,退出,退出,Logout,Sair do clube,,,,
adaptation10214,成为推广员,成為推廣員,Become a promoter,Se tornar promotor,,,,
adaptation10215,你输入的ID或昵称##并无搜索到,妳輸入的ID或昵稱##並無搜索到,ID or nickname not searched,Usuário ou ID ## inexistente,,,,
adaptation10216,并无搜索到,並無搜索到,Not searched,Não encontrado,,,,
adaptation10217,战绩详情,戰績詳情,Battle details,Resultado de performance,,,,
adaptation10218,欢乐锦标赛,歡樂錦標賽,Tournament,MTT feliz,,,,
adaptation10219,房主:##,房主:##,owner,Hospedeiro: ##,,,,
adaptation10220,小六子,小六子,,Xiaoliuzi,,,,
adaptation10221,玩玩公会##,玩玩公會##,Play Guild,Play Clube,,,,
adaptation10222,查看牌谱,查看牌譜,View Card List,Histórico de jogos,,,,
adaptation10223,设置,設置,Settings,Configurações,,,,
adaptation10224,用户协议,用戶協議,User Agreement,Contrato de Usuário,,,,
adaptation10225,备份下载,備份下載,Backup Downloads,Download de Backup,,,,
adaptation10226,图片已保存到相册,圖片已保存到相冊,Image saved to album,Foto salva no Álbum,,,,
adaptation10227,图片保存失败,圖片保存失敗,Image save failed,Erro em salvar foto,,,,
adaptation10228,切换语言,切換語言,Switch language,Trocar de Idioma,,,,
adaptation10229,选择线路,選擇線路,Select line,Trocar conexão,,,,
adaptation10230,修改密码,修改密碼,Change password,Modificar senha,,,,
adaptation10231,举报,舉報,Report,Denúncia,,,,
adaptation10232,请先输入内容,請先輸入內容,Please enter the content first,Por favor inserir dados,,,,
adaptation10233,版本号,版本號,Version number,Versão,,,,
adaptation10234,请先成为推广员,請先成為推廣員,Please become a promoter first,Por favor se torne um promotor antes,,,,
adaptation10235,支付成功,支付成功,Payment successful,Pagamento completado,,,,
adaptation10236,支付未完成,支付未完成,Payment is not completed,Pagamento não completado,,,,
adaptation10237,昵称不能为空,昵稱不能為空,Nickname cannot be empty,Nome de usuário não pode estar em branco,,,,
adaptation10238,充豆,充豆,Beans,Recarga,,,,
adaptation10239,公会充值,公會充值,Guild recharge,Recarga do clube,,,,
adaptation10240,平台充值,平臺充值,Platform recharge,Recarga através da plataforma,,,,
adaptation10241,充值,充值,Recharge,Recarga,,,,
adaptation10242,未选中金豆数量或未输入想充值的金额,未選中金豆數量或未輸入想充值的金額,amount is not selected or the amount you want to recharge is not entered,Valor de recarga não inserido,,,,
adaptation10243,工商银行,工商銀行,Industrial and Commercial Bank,ICBC,,,,
adaptation10244,提豆,提豆,Reflect,Saque,,,,
adaptation10245,充豆中,充豆中,Recharge in progress,Recarregando,,,,
adaptation10246,充豆成功,充豆成功,Successful recharge,Recarga efetuada com sucesso,,,,
adaptation10247,充豆失败,充豆失敗,Failed to recharge,Recarga falhou,,,,
adaptation10248,转豆成功,轉豆成功,Transfer successful,Transferência efetuada com sucesso,,,,
adaptation10249,处理中,處理中,Processing,Processando,,,,
adaptation10250,成功,成功,Success,Sucesso,,,,
adaptation10251,失败,失敗,Failure,Falha,,,,
adaptation10252,充豆记录,充豆記錄,Recharge History,Histórico de recarga,,,,
adaptation10253,转豆记录,轉豆記錄,Transfer Record,Histórico de transferência,,,,
adaptation10254,提豆记录,提豆記錄,Withdrawal Record,Histórico de saque,,,,
adaptation10255,返豆转入,返豆轉入,Return Record,Bônus,,,,
adaptation10256,状态,狀態,Status,Status,,,,
adaptation10257,充豆订单,充豆訂單,Recharge Order,Pedidos de recarga,,,,
adaptation10258,充豆数量,充豆數量,Recharge amount,Valor de recarga,,,,
adaptation10259,充豆时间,充豆時間,Recharge time,Horário de recarga,,,,
adaptation10260,转豆订单,轉豆訂單,Transfer Order,Pedido de transferência,,,,
adaptation10261,转豆数量,轉豆數量,Transfer amount,Valor de transferência,,,,
adaptation10262,转豆时间,轉豆時間,Transfer Time,Horário da transferência,,,,
adaptation10263,提豆订单,提豆訂單,Withdrawal order,Pedido de saque,,,,
adaptation10264,提豆数量,提豆數量,Withdrawal amount,Valor de saque,,,,
adaptation10265,提豆时间,提豆時間,Withdrawal time,Horário de saque,,,,
adaptation10266,返豆订单,返豆訂單,Return Record,Histórico de reembolso,,,,
adaptation10267,返豆数量,返豆數量,Refund amount,Valor do reembolso,,,,
adaptation10268,返豆时间,返豆時間,Refund time,Horário de reembolso,,,,
adaptation10269,系统赠送金豆##,系統贈送金豆##,System Gift Amount,Bônus do sistema##,,,,
adaptation10270,有误,有誤,Error,Erro,,,,
adaptation10271,请先填全信息,請先填全信息,Please fill in the complete information,Por favor inserir as informações,,,,
adaptation10272,两次密码输入不相符,兩次密碼輸入不相符,Two times password input does not match,Inconsistência nas duas senhas,,,,
adaptation10273,非法值,非法值,Illegal value,Valor não suportado,,,,
adaptation10274,绑定支付宝,綁定支付寶,Binding Alipay,Conectar Alipay,,,,
adaptation10275,请选填入信息,請選填入信息,Please fill in the information,Por favor preencher as informações,,,,
adaptation10276,您提交的修改信息正在审核,您提交的修改信息正在審核,The information you submitted is being reviewed,As informações entregues estão sendo analisadas,,,,
adaptation10277,绑定银行卡,綁定銀行卡,Binding bank card,Vincular cartão,,,,
adaptation10278,请选择,請選擇,Please select,Selecionar,,,,
adaptation10279,请先选择省份,請先選擇省份,Please choose your province first,Por favor selecione seu Estado ,,,,
adaptation10280,已是直辖市啦,已是直轄市啦,Already a municipality,Município,,,,
adaptation10281,##小时局,##小時局,Hourly Bureau,##Jogo de hora,,,,
adaptation10282,##分钟局,##分鐘局,Minute Bureau,##Jogo de minuto,,,,
adaptation10283,中国银行,中國銀行,Bank of China,BOC,,,,
adaptation10284,建设银行,建設銀行,Construction Bank,CCB,,,,
adaptation10285,工商银行,工商銀行,Industrial and Commercial Bank,ICBC,,,,
adaptation10286,农商银行,農商銀行,Agricultural and Commercial Bank,FAMB,,,,
adaptation10287,招商银行,招商銀行,China Merchants Bank,CMBC,,,,
adaptation10288,广发银行,廣發銀行,Guangfa Bank,Guangfa,,,,
adaptation10289,浦发银行,浦發銀行,Pudong Development Bank,SPD BANK,,,,
adaptation10290,广州银行,廣州銀行,Bank of Guangzhou,GZCB,,,,
adaptation10291,您修改交易方式的申请已经审核通过,您修改交易方式的申請已經審核通過,Your application to modify the transaction method has been approved,Sua aplicação de modificação foi aprovada,,,,
adaptation10292,您修改交易方式的申请审核没有通过,您修改交易方式的申請審核沒有通過,Your application to modify the transaction method has not been approved,Sua aplicação de modificação não foi aprovada,,,,
adaptation10293,您修改提豆账号信息的申请已经通过,您修改提豆賬號信息的申請已經通過,Your application to modify your account information has been approved,Sua solicitação de alteração de conta para saque foi aprovada,,,,
adaptation10294,您修改提豆账号信息的申请没有通过,您修改提豆賬號信息的申請沒有通過,Your application to modify your account information has not been approved,Sua solicitação de alteração de conta para saque não foi aprovada,,,,
adaptation10295,金豆数不足,金豆數不足,The amount of money is not enough,Valor insuficiente,,,,
adaptation10296,开始录音,開始錄音,Start recording,Gravação sonora iniciada,,,,
adaptation10297,停止录音,停止錄音,Stop recording,Gravação parada,,,,
adaptation10298,购买保险中,購買保險中,Purchase of insurance is in progress,Ativando seguro,,,,
adaptation10299,请选择要投保的牌,請選擇要投保的牌,Please select the card you want to insure,Selecione as cartas que gostaria de assegurar,,,,
adaptation10300,金豆不足,金豆不足,Insuficiente chips,Valor insuficiente,,,,
adaptation10301,功能尚未开放,功能尚未開放,Function not yet open,Função indisponível,,,,
adaptation10302,继续游戏,繼續遊戲,Continue the game,Continuar jogo,,,,
adaptation10303,暂停游戏,暫停遊戲,Pause the game,Pausar jogo,,,,
adaptation10304,解散,解散,Dismiss,Encerrar,,,,
adaptation10305,复制链接成功,復制鏈接成功,Copy link successfully,Link copiado,,,,
adaptation10306,收藏牌谱已达上限,收藏牌譜已達上限,Collection has reached its limit,Coleção de mãos atingiu seu limite,,,,
adaptation10307,备注标记,備註標記,Note marker,Observação,,,,
adaptation10308,最强隐身,最強隱身,The strongest stealth,Invisibilidade máxima,,,,
adaptation10309,所有人不可查看,所有人不可查看,Not viewable by all,Ninguém pode visualizar,,,,
adaptation10310,破隐成功,破隱成功,Success in breaking invisibility,Visualização com sucesso ,,,,
adaptation10311,入池率,入池率,unlock succeed,VPIP,,,,
adaptation10312,翻牌前加注,翻牌前加註,Pot rate,PRF,,,,
adaptation10313,翻前再加注,翻前再加註,Re-raise pre-flop,3Bet,,,,
adaptation10314,持续加注,持續加註,Re-raise pre-flop,CBet,,,,
adaptation10315,让牌,讓牌,Continuous raise,Check,,,,
adaptation10316,当前是第几天,當前是第幾天,Check,Dia do jogo,,,,
adaptation10317,摊牌率,攤牌率,Showdown Rate,WTSD,,,,
adaptation10318,全下胜率,全下勝率,All-in win rate,All-wins,,,,
adaptation10319,入池胜率,入池勝率,Pot Win Rate,Wins,,,,
adaptation10320,无法给自己另起标记,無法給自己另起標記,Unable to mark myself,Não pode pagar a si mesmo,,,,
adaptation10321,一个都没填,壹個都沒填,None of them are filled in,Não foi preenchido,,,,
adaptation10322,错误,錯誤,Error,Erro,,,,
adaptation10323,应用需要访问您的相册来获取头像,應用需要訪問您的相冊來獲取頭像,The app needs access to your album to get an avatar,Precisa de permissão de acesso a fotos para obter sua imagem,,,,
adaptation10324,投保额要大于0,投保額要大於0,Insured amount must be greater than 0,O valor de seguro deve ser superior a 0,,,,
adaptation10325,存在平分outs时，河牌投保额不得超过（已投入总额-转牌投保与背保额）,存在平分outs時，河牌投保額不得超過（已投入總額-轉牌投保與背保額）,"When there are tie-breakers, the amount of river insurance should not exceed (total amount invested - transfer insurance and back insurance)","Quando existir chop outs, o seguro do river deve ser (seguro total - seguro da partida)",,,,
adaptation10326,购买,購買,Purchase,Comprar,,,,
adaptation10327,##小时##分钟局,##小時##分鐘局,"Hours, minutes game",##hora##partida de minuto,,,,
adaptation10328,参与##共##手,參與##共##手,Participate ## total ## hands,Participação##total##mãos,,,,
adaptation10329,请输入手机号码,請輸入手機號碼,Please enter your cell phone number,Inserir celular,,,,
adaptation10330,密码不得少于6个字符,密碼不得少於6個字符,Password must not be less than 6 characters,Senha não deve ser inferior a 6 caracteres,,,,
adaptation10331,香港(主线路),香港(主線路),Hong Kong (main line),Hong Kong(Linha Principal),,,,
adaptation10332,线路##,線路##,Line,Linha##,,,,
adaptation10333,商城,商城,Shopping Mall,Loja,,,,
adaptation10335,最低入池率低于{0}%不能入座,最低入池率低於{0}%不能入座,Minimum pooling rate below {0}% cannot be seated,Quando o VPIP for inferior a {0}% não pode se sentar,,,,
adaptation10336,总手数低于{0}手不能入座,總手數低於{0}手數不能入座,Total lots below {0} lots cannot be seated,Total de mãos abaixo de {0} não pode se sentar,,,,
area0,中国,中國,China,China,,,,
area1,亚洲地区,亞洲地區,Asia,Ásia,,,,
area2,欧洲地区,歐洲地區,Europe,Europa,,,,
area3,北美地区,北美地區,North America,América do Norte,,,,
area4,南美地区,南美地區,South America,América do Sul,,,,
area5,太平洋地区,太平洋地區,Pacific,Região do Pacífico,,,,
area6,非洲地区,非洲地區,Africa,África,,,,
area111,日本,日本,Japan,Japão,,,,
area112,韩国,韓國,Korea,Coréia,,,,
area113,新加坡,新加坡,Singapore,Singapura,,,,
area114,印度,印度,India,Índia,,,,
area115,蒙古,蒙古,Mongolia,Mongólia,,,,
area116,菲律宾,菲律賓,Philippines,Filipinas,,,,
area117,泰国,泰國,Thailand,Tailândia,,,,
area118,土耳其,土耳其,Turkey,Turquia,,,,
area119,越南,越南,Vietnam,Vietnã ,,,,
area120,孟加拉国,孟加拉國,Bangladesh,Bangladesh,,,,
area121,缅甸,緬甸,Myanmar,Myanmar,,,,
area122,印度尼西亚,印度尼西亞,Indonesia,Indonésia,,,,
area123,柬埔寨,柬埔寨,Cambodia,Camboja,,,,
area124,马来西亚,馬來西亞,Malaysia,Malásia,,,,
area211,英国,英國,United Kingdom,Reino Unido,,,,
area212,俄罗斯,俄羅斯,Russia,Rússia,,,,
area213,法国,法國,France,França,,,,
area214,德国,德國,Germany,Alemanha,,,,
area215,意大利,意大利,Italy,Itália,,,,
area216,西班牙,西班牙,Spain,Espanha,,,,
area217,葡萄牙,葡萄牙,Portugal,Portugal,,,,
area218,奥地利,奧地利,Austria,Áustria,,,,
area219,比利时,比利時,Belgium,Bélgica,,,,
area220,保加利亚,保加利亞,Bulgaria,Bulgária,,,,
area221,克罗地亚,克羅地亞,Croatia,Croácia,,,,
area222,丹麦,丹麥,Denmark,Dinamarca,,,,
area223,芬兰,芬蘭,Finland,Finlândia,,,,
area224,希腊,希臘,Greece,Grécia,,,,
area225,匈牙利,匈牙利,Hungary,Hungria,,,,
area226,冰岛,冰島,Iceland,Islândia,,,,
area227,爱尔兰,愛爾蘭,Ireland,Irlanda,,,,
area228,卢森堡,盧森堡,Luxembourg,Luxemburgo,,,,
area229,摩纳哥,摩納哥,Monaco,Mônaco,,,,
area230,荷兰,荷蘭,Netherlands,Holanda,,,,
area231,挪威,挪威,Norway,Noruega,,,,
area232,斯洛文尼亚,斯洛文尼亞,Slovenia,Eslovênia,,,,
area233,瑞典,瑞典,Sweden,Suécia,,,,
area234,瑞士,瑞士,Switzerland,Suíça,,,,
area311,格陵兰,格陵蘭,Greenland,Groenlândia,,,,
area312,墨西哥,墨西哥,Mexico,México,,,,
area313,巴哈马,巴哈馬,Bahamas,Bahamas,,,,
area314,牙买加,牙買加,Jamaica,Jamaica,,,,
area315,古巴,古巴,Cuba,Cuba,,,,
area316,美国,美國,United States,Estados Unidos da América,,,,
area317,加拿大,加拿大,Canada,Canadá,,,,
area411,巴西,巴西,Brazil,Brasil,,,,
area412,阿根廷,阿根廷,Argentina,Argentina,,,,
area413,哥伦比亚,哥倫比亞,Colombia,Colômbia,,,,
area414,乌拉圭,烏拉圭,Uruguay,Uruguai,,,,
area415,委内瑞拉,委內瑞拉,Venezuela,Venezuela,,,,
area416,智利,智利,Chile,Chile,,,,
area511,澳大利亚,澳大利亞,Australia,Austrália,,,,
area512,新西兰,新西蘭,New Zealand,Nova Zelândia,,,,
area513,斐济,斐濟,Fiji,Fiji,,,,
area514,汤加,湯加,Tonga,Tonga,,,,
area515,所罗门群岛,所羅門群島,Solomon Islands,Ilhas Salomão,,,,
area611,埃及,埃及,Egypt,Egito,,,,
area612,南非,南非,South Africa,África do Sul,,,,
area613,摩洛哥,摩洛哥,Morocco,Marrocos,,,,
area614,肯尼亚,肯尼亞,Kenya,Quênia,,,,
area615,尼日利亚,尼日利亞,Nigeria,Nigéria,,,,
area616,刚果,剛果,Congo,Congo,,,,
area99911,安徽,安徽,Anhui,Anhui,,,,
area99912,北京,北京,Beijing,Pequim,,,,
area99913,福建,福建,Fujian,Fujian,,,,
area99914,甘肃,甘肅,Gansu,Gansu,,,,
area99915,广东,廣東,Guangdong,Guangdong,,,,
area99916,广西,廣西,Guangxi,Guangxi,,,,
area99917,贵州,貴州,Guizhou,Guizhou,,,,
area99918,海南,海南,Hainan,Hainan,,,,
area99919,河北,河北,Hebei,Hebei,,,,
area99920,河南,河南,Henan,Henan,,,,
area99921,黑龙江,黑龍江,Heilongjiang,Heilongjiang,,,,
area99922,湖北,湖北,Hubei,Hubei,,,,
area99923,湖南,湖南,Hunan,Hunan,,,,
area99924,吉林,吉林,Jilin,Jilin,,,,
area99925,江苏,江蘇,Jiangsu,Jiangsu,,,,
area99926,江西,江西,Jiangxi,Jiangxi,,,,
area99927,辽宁,遼寧,Liaoning,Liaoning,,,,
area99928,内蒙古,內蒙古,Inner Mongolia,Inner Mongolia,,,,
area99929,宁夏,寧夏,Ningxia,Ningxia,,,,
area99930,青海,青海,Qinghai,Qinghai,,,,
area99931,山东,山東,Shandong,Shandong,,,,
area99932,山西,山西,Shanxi,Shanxi,,,,
area99933,陕西,陜西,Shaanxi,Shaanxi,,,,
area99934,上海,上海,Shanghai,Xangai,,,,
area99935,四川,四川,Sichuan,Sichuan,,,,
area99936,天津,天津,Tianjin,Tianjin,,,,
area99937,西藏,西藏,Tibet,Tibete,,,,
area99938,新疆,新疆,Xinjiang,Xinjiang,,,,
area99939,云南,雲南,Yunnan,Yunnan,,,,
area99940,浙江,浙江,Zhejiang,Zhejiang,,,,
area99941,重庆,重慶,Chongqing,Chongqing,,,,
area99942,澳门,澳門,Macau,Macau,,,,
area99943,香港,香港,Hong Kong,Hong Kong,,,,
area99944,台湾,臺灣,Taiwan,Taiwan,,,,
area9991111,安庆,安慶,Anqing,Anqing,,,,
area9991112,蚌埠,蚌埠,Bengbu,Bengbu,,,,
area9991113,亳州,亳州,Bozhou,Bozhou,,,,
area9991114,巢湖,巢湖,Chaohu,Chaohu Lake,,,,
area9991115,池州,池州,Chizhou,Chizhou,,,,
area9991116,滁州,滁州,Chuzhou,Chuzhou,,,,
area9991117,阜阳,阜陽,Fuyang,Fuyang,,,,
area9991118,合肥,合肥,Hefei,Hefei,,,,
area9991119,淮北,淮北,Huabei,Huaibei,,,,
area9991120,淮南,淮南,Huainan,Huainan,,,,
area9991121,黄山,黃山,Huangshan,Huangshan,,,,
area9991122,六安,六安,Liuan,Luan,,,,
area9991123,马鞍山,馬鞍山,Maanshan,Ma'anshan,,,,
area9991124,宿州,宿州,Suizhou,Suzhou,,,,
area9991125,铜陵,銅陵,Tongling,Tongling,,,,
area9991126,芜湖,蕪湖,Wuhu,Wuhu,,,,
area9991127,宣城,宣城,Xuancheng,Xuancheng,,,,
area9991311,福州,福州,Fuzhou,Fuzhou,,,,
area9991312,龙岩,龍巖,Longyan,Longyan,,,,
area9991313,南平,南平,Nanping,Nanping,,,,
area9991314,宁德,寧德,Ningde,Ningde,,,,
area9991315,莆田,莆田,Putian,Putian,,,,
area9991316,泉州,泉州,Quanzhou,Quanzhou,,,,
area9991317,三明,三明,Sanming,Sanming,,,,
area9991318,厦门,廈門,Xiamen,Xiamen,,,,
area9991319,漳州,漳州,Zhangzhou,Zhangzhou,,,,
area9991411,白银,白銀,Baiyin,Baiyin,,,,
area9991412,定西,定西,Dingxi,Dingxi,,,,
area9991413,甘南,甘南,Gannan,Gannan,,,,
area9991414,嘉峪关,嘉峪關,Jiayuguan,Jiayuguan,,,,
area9991415,金昌,金昌,Jinchang,Jinchang,,,,
area9991416,酒泉,酒泉,Jiuquan,Jiuquan,,,,
area9991417,兰州,蘭州,Lanzhou,Lanzhou,,,,
area9991418,临夏,臨夏,Linxia,Linxia,,,,
area9991419,陇南,隴南,Longnan,Longnan,,,,
area9991420,平凉,平涼,Pingliang,Pingliang,,,,
area9991421,庆阳,慶陽,Qingyang,Qingyang,,,,
area9991422,天水,天水,Tianshui,Tianshui,,,,
area9991423,武威,武威,Wuwei,Wuwei,,,,
area9991424,张掖,張掖,Zhangye,Zhangye,,,,
area9991511,潮州,潮州,Chaozhou,Chaozhou,,,,
area9991512,东莞,東莞,Dongguan,Dongguan,,,,
area9991513,佛山,佛山,Foshan,Foshan,,,,
area9991514,广州,廣州,Guangzhou,Guangzhou,,,,
area9991515,河源,河源,Heyuan,Heyuan,,,,
area9991516,惠州,惠州,Huizhou,Huizhou,,,,
area9991517,江门,江門,Jiangmen,Jiangmen,,,,
area9991518,揭阳,揭陽,Jieyang,Jieyang,,,,
area9991519,茂名,茂名,Maoming,Maoming,,,,
area9991520,梅州,梅州,Meizhou,Meizhou,,,,
area9991521,清远,清遠,Qingyuan,Qingyuan,,,,
area9991522,汕头,汕頭,Shantou,Shantou,,,,
area9991523,汕尾,汕尾,Shanwei,Shanwei,,,,
area9991524,韶关,韶關,Shaoguan,Shaoguan,,,,
area9991525,深圳,深圳,Shenzhen,Shenzhen,,,,
area9991526,阳江,陽江,Yangjiang,Yangjiang,,,,
area9991527,云浮,雲浮,Yunfu,Cloud Float,,,,
area9991528,湛江,湛江,Zhanjiang,Zhanjiang,,,,
area9991529,肇庆,肇慶,Zhaoqing,Zhaoqing,,,,
area9991530,中山,中山,Zhongshan,Zhongshan,,,,
area9991531,珠海,珠海,Zhuhai,Zhuhai,,,,
area9991611,百色,百色,Baise,Baise,,,,
area9991612,北海,北海,Beihai,Beihai,,,,
area9991613,崇左,崇左,Chongzuo,Chongzuo,,,,
area9991614,防城港,防城港,Fangchenggang,Fangcheng Port,,,,
area9991615,贵港,貴港,Guigang,Guigang,,,,
area9991616,桂林,桂林,Guilin,Guilin,,,,
area9991617,河池,河池,Hechi,Hechi,,,,
area9991618,贺州,賀州,Hezhou,Hezhou,,,,
area9991619,来宾,來賓,Laibin,Laibin,,,,
area9991620,柳州,柳州,Liuzhou,Liuzhou,,,,
area9991621,南宁,南寧,Nanning,Nanning,,,,
area9991622,钦州,欽州,Qinzhou,Qinzhou,,,,
area9991623,梧州,梧州,Wuzhou,Wuzhou,,,,
area9991624,玉林,玉林,Yulin,Yulin,,,,
area9991711,安顺,安順,Anshun,Anshun,,,,
area9991712,毕节,畢節,Bijie,Bijie,,,,
area9991713,贵阳,貴陽,Guiyang,Guiyang,,,,
area9991714,六盘水,六盤水,Liupanshui,Liupanshui,,,,
area9991715,黔东南,黔東南,Qiandongnan,Southeast Guizhou,,,,
area9991716,黔南,黔南,Qiannan,Southern Guizhou,,,,
area9991717,黔西南,黔西南,Qianxinan,Southwest Guizhou,,,,
area9991718,铜仁,銅仁,Tongren,Tongren,,,,
area9991719,遵义,遵義,Zunyi,Zunyi,,,,
area9991811,海口,海口,Haikou,Haikou,,,,
area9991812,三亚,三亞,Sanya,Sanya,,,,
area9991911,保定,保定,Baoding,Baoding,,,,
area9991912,沧州,滄州,Cangzhou,Cangzhou,,,,
area9991913,承德,承德,Chengde,Chengde,,,,
area9991914,邯郸,邯鄲,Handan,Handan,,,,
area9991915,衡水,衡水,Hengshui,Hengshui,,,,
area9991916,廊坊,廊坊,Langfang,Langfang,,,,
area9991917,秦皇岛,秦皇島,Qinhuangdao,Qinhuangdao,,,,
area9991918,石家庄,石家莊,Shijiazhuang,Shijiazhuang,,,,
area9991919,唐山,唐山,Tangshan,Tangshan,,,,
area9991920,邢台,邢臺,Xingtai,Xingtai,,,,
area9991921,张家口,張家口,Zhangjiakou,Zhangjiakou,,,,
area9992011,安阳,安陽,Anyang,Anyang,,,,
area9992012,鹤壁,鶴壁,Hebi,Hebi,,,,
area9992013,济源,濟源,Jiyuan,Jiyuan,,,,
area9992014,焦作,焦作,Jiaozuo,Jiaozuo,,,,
area9992015,开封,開封,Kaifeng,Kaifeng,,,,
area9992016,洛阳,洛陽,Luoyang,Luoyang,,,,
area9992017,漯河,漯河,Luohe,Luohe,,,,
area9992018,南阳,南陽,Nanyang,Nanyang,,,,
area9992019,平顶山,平頂山,Pingdingshan,Pingdingshan,,,,
area9992020,濮阳,濮陽,Puyang,Puyang,,,,
area9992021,三门峡,三門峽,Sanmenxia,Sanmenxia,,,,
area9992022,商丘,商丘,Shangqiu,Shangqiu,,,,
area9992023,新乡,新鄉,xinxiang,Xinxiang,,,,
area9992024,信阳,信陽,Xinyang,Xinyang,,,,
area9992025,许昌,許昌,Xuchang,Xuchang,,,,
area9992026,郑州,鄭州,Zhengzhou,Zhengzhou,,,,
area9992027,周口,周口,Zhoukou,Zhoukou,,,,
area9992028,驻马店,駐馬店,Zhumadian,Zhumadian,,,,
area9992111,大庆,大慶,Daqing,Daqing,,,,
area9992112,大兴安岭,大興安嶺,Daxinganling,Greater Hinggan Mountains,,,,
area9992113,哈尔滨,哈爾濱,Harbin,Harbin,,,,
area9992114,鹤岗,鶴崗,Hegang,Hegang,,,,
area9992115,黑河,黑河,Heihe,Heihe,,,,
area9992116,鸡西,雞西,Jixi,Jixi,,,,
area9992117,佳木斯,佳木斯,Jiamusi,Jiamusi,,,,
area9992118,牡丹江,牡丹江,Mudanjiang,Mudanjiang,,,,
area9992119,七台河,七臺河,Qitaihe,Qitaihe,,,,
area9992120,齐齐哈尔,齊齊哈爾,Qiqihaer,Qiqihar,,,,
area9992121,双鸭山,雙鴨山,Shuangyashan,Shuangyashan,,,,
area9992122,绥化,綏化,Suihua,Suihua,,,,
area9992123,伊春,伊春,Yichun,Yichun,,,,
area9992211,鄂州,鄂州,Ezhou,Ezhou,,,,
area9992212,恩施,恩施,Ensh,Enshi,,,,
area9992213,黄冈,黃岡,Huanggang,Huanggang,,,,
area9992214,黄石,黃石,Huangshi,Yellowstone,,,,
area9992215,荆门,荊門,Jingmen,Jingmen,,,,
area9992216,荆州,荊州,Jingzhou,Jingzhou,,,,
area9992217,潜江,潛江,Qianjiang,Qianjiang,,,,
area9992218,神农架林区,神農架林區,Shennongjia Forestry Area,Hennongjia Forest Area,,,,
area9992219,十堰,十堰,Shiyan,Shiyan,,,,
area9992220,随州,隨州,Suizhou,Suizhou,,,,
area9992221,天门,天門,Tianmen,Tianmen,,,,
area9992222,武汉,武漢,Wuhan,Wuhan,,,,
area9992223,仙桃,仙桃,Xiantao,Xiantao,,,,
area9992224,咸宁,鹹寧,Xianning,Xianning,,,,
area9992225,襄樊,襄樊,Xiangfan,Xiangfan,,,,
area9992226,孝感,孝感,Xiaogan,Xiaogan,,,,
area9992227,宜昌,宜昌,Yichang,Yichang,,,,
area9992311,长沙,長沙,Changsha,Changsha,,,,
area9992312,株洲,株洲,Zhuzhou,Zhuzhou,,,,
area9992313,湘潭,湘潭,Xiangtan,Xiangtan,,,,
area9992314,衡阳,衡陽,Hengyang,Hengyang,,,,
area9992315,邵阳,邵陽,Shaoyang,Shaoyang,,,,
area9992316,岳阳,嶽陽,Yueyang,Yueyang,,,,
area9992317,常德,常德,Changde,Changde,,,,
area9992318,张家界,張家界,Zhangjiajie,Zhangjiajie,,,,
area9992319,益阳,益陽,Yiyang,Yiyang,,,,
area9992320,郴州,郴州,Chenzhou,Chenzhou,,,,
area9992321,永州,永州,Yongzhou,Yongzhou,,,,
area9992322,怀化,懷化,Huaihua,Huaihua,,,,
area9992323,娄底,婁底,Loudi,Loudi,,,,
area9992324,湘西,湘西,Xiangxi,Xiangxi,,,,
area9992411,白城,白城,Baicheng,Baicheng,,,,
area9992412,白山,白山,Baishan,Baishan,,,,
area9992413,长春,長春,Changchun,Changchun,,,,
area9992414,吉林,吉林,Jilin,Jilin,,,,
area9992415,辽源,遼源,Liaoyuan,Liaoyuan,,,,
area9992416,四平,四平,Siping,Siping,,,,
area9992417,松源,松源,Songyuan,Songyuan,,,,
area9992418,通化,通化,Tonghua,Tonghua,,,,
area9992419,延边,延邊,Yanbian,Yanbian,,,,
area9992511,常州,常州,Changzhou,Changzhou,,,,
area9992512,淮安,淮安,Huai'an,Huaian,,,,
area9992513,连云港,連雲港,Lianyungang,Lianyungang,,,,
area9992514,南京,南京,Nanjing,Nanjing,,,,
area9992515,南通,南通,Nantong,Nantong,,,,
area9992516,苏州,蘇州,Suzhou,Suzhou,,,,
area9992517,宿迁,宿遷,Suqian,Suqian,,,,
area9992518,泰州,泰州,Taizhou,Taizhou,,,,
area9992519,无锡,無錫,Wuxi,Wuxi,,,,
area9992520,徐州,徐州,Xuzhou,Xuzhou,,,,
area9992521,盐城,鹽城,Yancheng,Yancheng,,,,
area9992522,扬州,揚州,Yangzhou,Yangzhou,,,,
area9992523,镇江,鎮江,Zhenjiang,Zhenjiang,,,,
area9992611,抚州,撫州,Fuzhou,Fuzhou,,,,
area9992612,赣州,贛州,Ganzhou,Ganzhou,,,,
area9992613,吉安,吉安,Ji'an,Ji'an,,,,
area9992614,景德镇,景德鎮,Jingdezhen,Jingdezhen,,,,
area9992615,九江,九江,Jiujiang,Jiujiang,,,,
area9992616,南昌,南昌,Nanchang,Nanchang,,,,
area9992617,萍乡,萍鄉,Pingxiang,Pingxiang,,,,
area9992618,上饶,上饒,Shangrao,Shangrao,,,,
area9992619,新余,新余,Xinyu,Xinyu,,,,
area9992620,宜春,宜春,Yichun,Yichun,,,,
area9992621,鹰潭,鷹潭,Yingtan,Yingtan,,,,
area9992711,鞍山,鞍山,Anshan,Anshan,,,,
area9992712,本溪,本溪,Benxi,Benxi,,,,
area9992713,朝阳,朝陽,Chaoyang,Chaoyang,,,,
area9992714,大连,大連,Dalian,Dalian,,,,
area9992715,丹东,丹東,Dandong,Dandong,,,,
area9992716,抚顺,撫順,Fushun,Fushun,,,,
area9992717,阜新,阜新,Fuxin,Fuxin,,,,
area9992718,葫芦岛,葫蘆島,Huludao,Huludao,,,,
area9992719,锦州,錦州,Jinzhou,Jinzhou,,,,
area9992720,辽阳,遼陽,Liaoyang,Liaoyang,,,,
area9992721,盘锦,盤錦,Panjin,Panjin,,,,
area9992722,沈阳,沈陽,Shenyang,Shenyang,,,,
area9992723,铁岭,鐵嶺,Tieling,Tieling,,,,
area9992724,营口,營口,Yingkou,Yingkou,,,,
area9992811,阿拉善盟,阿拉善盟,Alashan League,Alxa league,,,,
area9992812,巴彦淖尔,巴彥淖爾,Bayan Nur,Bayannur,,,,
area9992813,包头,包頭,Baotou,Baotou,,,,
area9992814,赤峰,赤峰,Chifeng,Chifeng,,,,
area9992815,鄂尔多斯,鄂爾多斯,Erdos,Ordos,,,,
area9992816,呼和浩特,呼和浩特,Huhehaote,Hohhot,,,,
area9992817,呼伦贝尔,呼倫貝爾,Hulunbeier,Hulunbuir,,,,
area9992818,通辽,通遼,Tongliao,Tongliao,,,,
area9992819,乌海,烏海,Wuhai,Wuhai,,,,
area9992820,乌兰察布,烏蘭察布,Ulaanchab,Ulanchab,,,,
area9992821,锡林郭勒盟,錫林郭勒盟,Xilinguolemeng,Xilingol League,,,,
area9992822,兴安盟,興安盟,Xinganmeng,Xing'an League,,,,
area9992911,固原,固原,Guyuan,Guyuan,,,,
area9992912,凉山,涼山,Liangshan,Liangshan,,,,
area9992913,石嘴山,石嘴山,Shizuishan,Shizuishan,,,,
area9992914,吴忠,吳忠,Wuzhong,Wu Zhong,,,,
area9992915,银川,銀川,Yinchuan,Yinchuan,,,,
area9992916,中卫,中衛,Zhongwei,Zhong Wei,,,,
area9993011,果洛,果洛,Golog,Golo,,,,
area9993012,海北,海北,Haibei,Haibei,,,,
area9993013,海东,海東,Haidong,Haidong,,,,
area9993014,海南,海南,Hainan,Hainan,,,,
area9993015,海西,海西,Haixi,Hercynian,,,,
area9993016,黄南,黃南,Huangnan,Huangnan,,,,
area9993017,西宁,西寧,Xining,Xining,,,,
area9993018,玉树,玉樹,Yushu,Yushu,,,,
area9993111,滨州,濱州,Binzhou,Binzhou,,,,
area9993112,德州,德州,Dezhou,Dezhou,,,,
area9993113,东营,東營,Dongying,Dongying,,,,
area9993114,菏泽,菏澤,Heze,Heze,,,,
area9993115,济南,濟南,Jinan,Jinan,,,,
area9993116,济宁,濟寧,Jining,Jining,,,,
area9993117,莱芜,萊蕪,Laiwu,Laiwu,,,,
area9993118,聊城,聊城,Liaocheng,Liaocheng,,,,
area9993119,临沂,臨沂,Linyi,Linyi,,,,
area9993120,青岛,青島,Qingdao,Qingdao,,,,
area9993121,日照,日照,Rizhao,Rizhao,,,,
area9993122,泰安,泰安,Taian,Taian,,,,
area9993123,威海,威海,Weihai,Weihai,,,,
area9993124,潍坊,濰坊,Weifang,Weifang,,,,
area9993125,烟台,煙臺,Yantai,Yantai,,,,
area9993126,枣庄,棗莊,Zaozhuang,Zaozhuang,,,,
area9993127,淄博,淄博,Zibo,Zibo,,,,
area9993211,长治,長治,Changzhi,Changzhi,,,,
area9993212,大同,大同,Datong,Datong,,,,
area9993213,晋城,晉城,Jincheng,Jincheng,,,,
area9993214,晋中,晉中,Jinzhong,Jinzhong,,,,
area9993215,临汾,臨汾,Linfen,Linfen,,,,
area9993216,吕梁,呂梁,Lu Liang,Lu Liang,,,,
area9993217,朔州,朔州,Shuozhou,Shuozhou,,,,
area9993218,太原,太原,Taiyuan,Taiyuan,,,,
area9993219,忻州,忻州,Xinzhou,Xinzhou,,,,
area9993220,阳泉,陽泉,Yangquan,Yangquan,,,,
area9993221,运城,運城,Yuncheng,Yuncheng,,,,
area9993311,安康,安康,Ankang,Ankang,,,,
area9993312,宝鸡,寶雞,Baoji,Baoji,,,,
area9993313,汉中,漢中,Hanzhong,Hanzhong,,,,
area9993314,商洛,商洛,Shangluo,Shangluo,,,,
area9993315,铜川,銅川,Tongchuan,Tongchuan,,,,
area9993316,渭南,渭南,Weinan,Weinan,,,,
area9993317,西安,西安,Xi'an,Xi'an,,,,
area9993318,咸阳,鹹陽,Xianyang,Xianyang,,,,
area9993319,延安,延安,Yan'an,Yan'an,,,,
area9993320,榆林,榆林,Yulin,Yulin,,,,
area9993511,阿坝,阿壩,Aba,Aba,,,,
area9993512,巴中,巴中,Bazhong,Bazhong,,,,
area9993513,成都,成都,Chengdu,Chengdu,,,,
area9993514,达州,達州,Dazhou,Dazhou,,,,
area9993515,德阳,德陽,Deyang,Deyang,,,,
area9993516,甘孜,甘孜,Ganzi,Ganzi,,,,
area9993517,广安,廣安,Guang An,Guang An,,,,
area9993518,广元,廣元,Guangyuan,Guangyuan,,,,
area9993519,乐山,樂山,Leshan,Leshan,,,,
area9993520,泸州,瀘州,Luzhou,Luzhou,,,,
area9993521,眉山,眉山,Meishan,Meishan,,,,
area9993522,绵阳,綿陽,Mianyang,Mianyang,,,,
area9993523,内江,內江,Neijiang,Neijiang,,,,
area9993524,南充,南充,Nanchong,Nanchong,,,,
area9993525,攀枝花,攀枝花,Panzhihua,Panzhihua,,,,
area9993526,遂宁,遂寧,Suining,Suining,,,,
area9993527,雅安,雅安,Ya An,Ya An,,,,
area9993528,宜宾,宜賓,Yibin,Yibin,,,,
area9993529,资阳,資陽,Ziyang,Ziyang,,,,
area9993530,自贡,自貢,Zigong,Zigong,,,,
area9993711,阿里,阿裏,Ali,Ali,,,,
area9993712,昌都,昌都,Changdu,Changdu,,,,
area9993713,拉萨,拉薩,Lhasa,Lhasa,,,,
area9993714,林芝,林芝,Linzhi,Linzhi,,,,
area9993715,那曲,那曲,Nagqu,Nagqu,,,,
area9993716,日喀则,日喀則,Shigatse,Shigatse,,,,
area9993717,山南,山南,Shannan,Shannan,,,,
area9993811,阿克苏,阿克蘇,Aksu,Aksu,,,,
area9993812,阿勒泰,阿勒泰,Altai,Altai,,,,
area9993813,巴州,巴州,Bazhou,Bazhou,,,,
area9993814,博州,博州,Bozhou,Bozhou,,,,
area9993815,昌吉州,昌吉州,Changji,Changji,,,,
area9993816,哈密,哈密,Hami,Hami,,,,
area9993817,和田,和田,Hetian,Hetian,,,,
area9993818,喀什,喀什,Kashgar,Kashgar,,,,
area9993819,克拉玛依,克拉瑪依,Karamay,Karamay,,,,
area9993820,克州,克州,Kezhou,Kezhou,,,,
area9993821,塔城,塔城,Tacheng,Tacheng,,,,
area9993822,吐鲁番,吐魯番,Turpan,Turpan,,,,
area9993823,乌鲁木齐,烏魯木齊,Urumqi,Urumqi,,,,
area9993824,伊犁州直,伊犁州直,Ili Prefecture,Ili Prefecture,,,,
area9993911,版纳,版納,Banna,Banna,,,,
area9993912,保山,保山,Baoshan,Baoshan,,,,
area9993913,楚雄,楚雄,Chuxiong,Chuxiong,,,,
area9993914,大理,大理,Dali,Dali,,,,
area9993915,德宏,德宏,Dehong,Dehong,,,,
area9993916,迪庆,迪慶,Diqing,Diqing,,,,
area9993917,红河,紅河,Honghe,Honghe,,,,
area9993918,昆明,昆明,Kunming,Kunming,,,,
area9993919,丽江,麗江,Lijiang,Lijiang,,,,
area9993920,临沧,臨滄,Lincang,Lincang,,,,
area9993921,怒江,怒江,Nujiang,Nujiang,,,,
area9993922,普洱,普洱,Pu'er,Pu Er,,,,
area9993923,曲靖,曲靖,Qujing,Qujing,,,,
area9993924,文山,文山,Wenshan,Wenshan,,,,
area9993925,玉溪,玉溪,Yuxi,Yuxi,,,,
area9993926,昭通,昭通,Zhaotong,Zhaotong,,,,
area9994011,杭州,杭州,Hangzhou,Hangzhou,,,,
area9994012,湖州,湖州,Huzhou,Huzhou,,,,
area9994013,嘉兴,嘉興,Jiaxing,Jiaxing,,,,
area9994014,金华,金華,Jinhua,Jinhua,,,,
area9994015,丽水,麗水,Lishui,Lishui,,,,
area9994016,宁波,寧波,Ningbo,Ningbo,,,,
area9994017,衢州,衢州,Quzhou,Quzhou,,,,
area9994018,绍兴,紹興,Shaoxing,Shaoxing,,,,
area9994019,台州,臺州,Taizhou,Taizhou,,,,
area9994020,温州,溫州,Wenzhou,Wenzhou,,,,
area9994021,舟山,舟山,Zhoushan,Zhoushan,,,,
club_fund_0,公会牌局分润收益,公會牌局分潤收益,Guild profit sharing of card games,Ganhos do Clube,,,,
club_fund_1,操作人,操作人,Operator,Operador,,,,
club_fund_2,松开可以刷新,松開可以刷新,Release to refresh,Solte para atualizar,,,,
club_fund_3,下拉可以刷新,下拉可以刷新,Pull down to refresh,Puxe para baixo para atualizar,,,,
club_fund_4,松开可以加载更多,松開可以加載更多,Release to load more,Solte para atualizar mais dados,,,,
club_fund_5,没有更多数据了,沒有更多數據了,No more data,Não possui mais dados,,,,
club_fund_6,上拉可以加载更多,上拉可以加載更多,Pull up to load more,Puxe para cima para atualizar,,,,
club_fund_7,发放基金,發放基金,Issue funds,Fundo de distribuição,,,,
club_fund_8,交收(充值){0}金豆 ,交收(充值){0}金豆 ,Settlement(recharge){0} chips,Pagamento(recarga){0}moedas,,,,
club_fund_9,公会牌局收益,公會牌局收益,Games profit to guild,Ganhos do clube,,,,
club_fund_10,战绩流水返佣,戰績流水返傭,Flow rebate of battle performance,Extrato de bônus por performance,,,,
club_fund_11,平台代充支付渠道充豆,平臺代充支付渠道充豆,Platform payment channel recharge,Recarga através da plataforma,,,,
club_fund_12,提豆记录,提豆記錄,Withdraw records,Extrato de saque,,,,
club_fund_13,分享赚金豆返豆,分享賺金豆返豆,Share to earn the chips,Compartilhe para ganhar moedas,,,,
club_fund_14,发放成功,發放成功,Release successful,Lançamento bem sucedido,,,,
club_fund_15,充值成功,充值成功,Rechagre successful,Recarga confirmada,,,,
club_fund_16,请输入正确的金豆数目,請輸入正確的金豆數目,Please enter the correct number of chips,Por favor insira o número correto ,,,,
club_fund_17,金豆不足,金豆不足,Insufficient,Saldo insuficiente,,,,
club_fund_18,联盟牌局分润收益,聯盟牌局分潤收益,Alliance games profit,Ganhos da aliança,,,,
club_fund_19,联盟牌局收益,聯盟牌局收益,Games profit to alliance,Ganhos da aliança na partida,,,,
club_fund_20,交收(提现){0}金豆 ,交收(提现){0}金豆 ,settlement(withdraw deposit){0} chips,Liquidação(saque){0}moedas,,,,
club_creat_0,公会名字长度超出,公會名字長度超出,Name length exceeded,Nome da aliança acima do tamanho permitido,,,,
club_creat_1,请输入公会名称,請輸入公會名稱,Please enter guild name,Por favor insira o nome do Clube,,,,
club_creat_2,请选择地区,請選擇地區,Please select region,Selecionar região,,,,
club_creat_3,手机信息长度超出,手機信息長度超出,Phone length exceeding limit,Phone - Quantidade de caracteres excede o limite,,,,
club_creat_4,微信信息长度超出,微信信息長度超出,Wechat length exceeding limit,Wechat - Quantidade de caracteres excede o limite,,,,
club_creat_5,telegram信息长度超出,telegram信息長度超出,Telegram length exceeding limit,Telegram - Quantidade de caracteres excede o limite,,,,
club_creat_6,留言信息长度超出,留言信息長度超出,Message length exceeding limit,Informação da mensagem acima do permitido,,,,
club_creat_7,选填信息内容，请您至少填写一项信息,選填信息內容，請您至少填寫壹項信息,Please fill in at least one information,"Selecionar preenchimento, pelo menos uma opção",,,,
club_creat_8,公会创建成功，请等待审核通过。,公會創建成功，請等待審核通過。,"Guild creation is successful, please wait for the approval","Clube criado com sucesso, aguardar aprovação",,,,
club_info_0,微信,微信,Wechat,Wechat,,,,
club_info_1,复制成功,復制成功,Copied,Copiado,,,,
club_info_2,请输入联系人的Telegram,請輸入聯系人的Telegram,Please enter the contact's Telegram,"Por favor, insira os contatos do Telegram",,,,
club_info_3,请输入联系人的Skype,請輸入聯系人的Skype,Please enter the contact's Skype,"Por favor, insira os contatos do Skype",,,,
club_info_4,请输入联系人的Sugram,請輸入聯系人的Sugram,Please enter the contact's Sugram,"Por favor, insira os contatos do Sugram",,,,
club_info_5,请输入联系人的微信,請輸入聯系人的微信,Please enter the contact's Wechat,"Por favor, insira os contatos do Wechat",,,,
club_info_6,没有修改内容,沒有修改內容,No changes to content,Nada a modificar,,,,
club_info_7,简介长度超出,簡介長度超出,Profile length exceeded,Perfil acima do limite,,,,
club_info_8,修改成功,修改成功,Modified successfully,Alteração com sucesso,,,,
club_info_9,名称长度超出,名稱長度超出,Name length exceeded,Nome acima do permitido,,,,
club_join_0,"抱歉,该ID没有搜索到公会","抱歉,該ID沒有搜索到公會","Sorry, no guild searched for this ID","Desculpe, o ID informado não apresentou resultado para clube",,,,
club_join_1,"抱歉,该地区没有搜索到公会","抱歉,該地區沒有搜索到公會","Sorry, no guild searched in this area","Desculpe, na região informada não foi encontrado clube",,,,
club_join_2,搜索结果,搜索結果,Result,Resultado,,,,
club_join_3,加入公会成功,加入公會成功,Joined successfully,Juntou-se ao clube com sucesso,,,,
club_mlst_0,参与##共##手,參與##共##手,Played xxx for xxx hands,Participação##total##mãos,,,,
club_mlst_1,备注标记,備註標記,Remark and Tag,Observação,,,,
club_mlst_2,备注昵称长度超出,備註昵稱長度超出,Remark length exceeding limit,Observação acima do limite,,,,
club_mlst_3,打法标记长度超出,打法標記長度超出,Tag length exceeding limit,Nome da observação ultrapassou o limite,,,,
club_trans_0,系统消息,系統消息,System Message,Mensagem do sistema,,,,
club_trans_1,您是否同意交易模式由公会交易模式变为平台交易模式,您是否同意交易模式由公會交易模式變為平臺交易模式,Do you agree to change the trade mode from guild mode to platform mode?,Você aceita trocar o modo de transação do clube para o modelo de transação da plataforma?,,,,
club_trans_2,您是否同意交易模式由平台交易模式变为公会交易模式,您是否同意交易模式由平臺交易模式變為公會交易模式,Do you agree to change the trade mode from platform mode to guild mode?,Você aceita trocar o modo de transação da plataforma para o modelo de transação do clube?,,,,
club_trans_3,是,是,Yes,Sim,,,,
club_trans_4,否,否,No,Não,,,,
club_tribe_0,您已创建or加入联盟，请勿重复点击,您已創建or加入聯盟，請勿重復點擊,"You have already created or joined an alliance, please do not click again",Você já criou ou está participando de uma aliança,,,,
club_tribe_2,联盟名字长度超出,聯盟名字長度超出,Alliance name length exceed,Nome da aliança acima do tamanho permitido,,,,
club_tribe_3,请输入联盟名称,請輸入聯盟名稱,Please enter your alliance name,Por favor inserir o nome da aliança,,,,
club_tribe_4,联盟创建成功，请等待审核通过。,聯盟創建成功，請等待審核通過。,"Please wait for approvingAffiliate creation is successful, please wait for the review and approval","Aliança criada com sucesso, favor aguardar aprovação",,,,
club_tribe_5,您创建的联盟正在审核中，不可创建其他联盟,您創建的聯盟正在審核中，不可創建其他聯盟,"The alliance you created is under review, you cannot create other alliances","A aliança que você criou está em aprovação, enquanto isso não pode criar outra aliança",,,,
club_tribe_6,创建者,創建者,Creator,Criador,,,,
club_tribe_7,占成比例,占成比例,Ratio,Porcentagem de participação,,,,
club_tribe_8,加入的公会,加入的公會,Guild joined,Participação em clubes,,,,
club_tribe_9,"抱歉,该ID没有搜索到联盟","抱歉,該ID沒有搜索到聯盟","Sorry, no alliances were searched for this ID","Desculpe, o ID informado não apresentou resultado para aliança",,,,
club_tribe_10,"加入成功,等待审批","加入成功,等待審批","Join successfully, waiting for approval","Inscrito com sucesso, favor aguardar aprovação",,,,
club_0,您创建的公会正在审核中，不可创建其他公会。,您創建的公會正在審核中，不可創建其他公會。,"The guild you created is under review, you cannot create other guilds","A clube que você criou está em análise, não pode criar novos clubes no momento.",,,,
club_1,您创建的公会正在审核中，不可加入其他公会。,您創建的公會正在審核中，不可加入其他公會。,"The guild you created is under review, you cannot join other guilds","O clube que você criou está em análise, não pode se juntar a outros clubes no momento.",,,,
club_2,创建公会,創建公會,Create a guild,Criar clube,,,,
club_3,加入公会,加入公會,Join a guild,Inscreve-se em clube,,,,
UIClub_RoomCreat,开局,開局,Start,Começar,,,,
UIClub_Info,公会,公會,Guild,Clube,,,,
UIClub_InfoIntroduce,公会简介,公會簡介,Guild Introduction,Introdução do clube,,,,
UIClub_InfoIntroducePH,抵制不良游戏，拒绝盗版游戏。注意自我保护，谨防受骗上当。适度游戏益脑，沉迷游戏伤身。合理安排时间。,抵制不良遊戲，拒絕盜版遊戲。註意自我保護，謹防受騙上當。適度遊戲益腦，沈迷遊戲傷身。合理安排時間。," Resist bad games and pirated games. Take care to protect yourself from being cheated. Playing in moderation may benefit the brain, but playing in moderation may harm the body. Manage your time.","Resista ao jogo ruim, recuse os jogos piratas. Preste atenção à autoproteção e tome cuidado para não ser enganado. O jogo moderado beneficia o cérebro. Organize o tempo de forma razoável.",,,,
UIClub_InfoName,公会名称,公會名稱,Guild Name,Nome do clube,,,,
UIClub_InfoContact,联系方式,聯系方式,Contacts,Contatos,,,,
UIClub_Tribe,联盟,聯盟,Alliance,Aliança,,,,
UIClub_TribeCreat,新建联盟,新建聯盟,Create alliance,Criando aliança,,,,
UIClub_TribeJoin,加入联盟,加入聯盟,Join alliance,Inscrever-se em aliança,,,,
UIClub_TribeInfo,联盟详情,聯盟詳情,Alliance details,Detalhes da aliança,,,,
UIClub_JoinQuery,加入公会,加入公會,Join Guild,Inscreve-se em clube,,,,
UIClub_Join,加入公会,加入公會,Join Guild,Inscreve-se em clube,,,,
UIClub_JoinRecommend,推荐公会,推薦公會,Recommended Guilds,Clube recomendado,,,,
UIClub_JoinCountry,选择国家,選擇國家,Countries,País,,,,
UIClub_JoinProvince,选择省份,選擇省份,Provinces,Estado,,,,
UIClub_JoinCity,选择城市,選擇城市,Cities,Cidade,,,,
UIClub_Creat,新建公会,新建公會,Create a new guild,Criar Clube ,,,,
UIClub_CreatArea,选择国家和地区,選擇國家和地區,Select regions,Selecionar região,,,,
UIClub_CreatCountry,选择国家,選擇國家,Countries,Selecionar País,,,,
UIClub_CreatProvince,选择省份,選擇省份,Provinces,Selecionar Estado,,,,
UIClub_CreatCity,选择城市,選擇城市,Cities,Selecionar Cidade,,,,
UIClub_FundDetail,基金,基金,Fund,Fundo,,,,
UIClub_FundGive,发放,發放,Issuance,Emissão,,,,
UIClub_FundGiveSub,发放基金,發放基金,Issuance funds,Emissão de fundo,,,,
UIClub_FundRecharge,交收,交收,Settlement,Liquidação,,,,
UIClub_Mlist,公会成员,公會成員,Guild member,Membros do clube,,,,
UIClub_MlistInfo,成员详情,成員詳情,Member details,Informações do membro,,,,
UIClub_MlistRemarks,标记备注名和打法详情,標記備註名和打法詳情,Remark and Tag,Observações e marcação de jogadas,,,,
UIClub_Trans,交易模式,交易模式,Trade mode,Modo de transação,,,,
UIClub_RoomCreat_A4FgDkYa,德州局,德州局,Texas,Partida Texas,,,,
UIClub_RoomCreat_mlE7Cnsh,奥马哈,奧馬哈,Omaha,Omaha,,,,
UIClub_RoomCreat_h6C0kUfT,必下场,必下場,Ante,Ante,,,,
UIClub_RoomCreat_6xL2jCGr,德州,德州,Texas,Texas,,,,
UIClub_RoomCreat_iIevBNtr,基础设置,基礎設置,Basic setting ,Configuração básica,,,,
UIClub_RoomCreat_0HvQkjkd,牌局名称,牌局名稱,Game Name,Nome do Jogo,,,,
UIClub_RoomCreat_1mIGCqso,请输入牌局名称,請輸入牌局名稱,Please enter the name of the game,Por favor inserir o nome do jogo,,,,
UIClub_RoomCreat_mDLGm5JA,牌桌人数设置,牌桌人數設置,Table Size Setting,Jogadores,,,,
UIClub_RoomCreat_I03E3BUH,小/大盲注设置,小/大盲註設置,SB/BB,SB/BB,,,,
UIClub_RoomCreat_kRMRZT6c,带入记分牌,帶入記分牌,Buy-in,Buy-in,,,,
UIClub_RoomCreat_TCA5h9k4,牌局时长,牌局時長,Game length,Tempo de jogo,,,,
UIClub_RoomCreat_cGRiZucp,最短上桌时间,最短上桌時間,Minimum length,Mínimo tempo na mesa,,,,
UIClub_RoomCreat_vCP1YSI0,思考时间,思考時間,Time,Tempo ,,,,
UIClub_RoomCreat_ZGOlgpD2,带入倍数,帶入倍數,Buy-in amount,Quantidades de buy-in,,,,
UIClub_RoomCreat_K5iaZeIu,游戏内设置,遊戲內設置,Limited here,Configuração interna do jogo,,,,
UIClub_RoomCreat_gmo7laWj,前注,前註,Ante,Ante,,,,
UIClub_RoomCreat_noh7zoAE,IP限制,IP限制,IP,Restrição IP,,,,
UIClub_RoomCreat_pUBJ5n8n,提前离桌,提前離桌,Pre-leave,Sair antes da mesa,,,,
UIClub_RoomCreat_ZxuJwNh1,统计入池率,統計入池率,VPIP,Levantamento VPIP,,,,
UIClub_RoomCreat_23Y9oZsQ,保险模式,保險模式,Insurance,Seguro,,,,
UIClub_RoomCreat_OMKEvaor,GPS限制,GPS限制,GPS,Restrição GPS,,,,
UIClub_RoomCreat_SZOKzx40,(高于6人不可开启保险),(高於6人不可開啟保險),(Insurance invalid if > 6),Mais de 6 jogadores não pode ativar seguro,,,,
UIClub_RoomCreat_EWzFul7w,血战模式,血戰模式,Unlimited,Modo ilimitado,,,,
UIClub_RoomCreat_in2fI2An,其他设置,其他設置,Options,Opções,,,,
UIClub_RoomCreat_ind8ffAl,开局,開局,Create,Início,,,,
adaptation20000,提前离桌后，您将不能在此房间继续坐下游戏，是否继续？,提前離桌後，您將不能在此房間繼續坐下遊戲，是否繼續？,"After leaving the table, you will not be able to sit in this room. Confirm?","Caso você se retire antecipadamente da mesa, você não poderá continuar jogando na mesma mesa, gostaria de confirmar a saída?",,,,
adaptation20001,上桌时间不满##小时,上桌時間不滿##小時,Less than ## hours at the table,Duração da mesa ## horas,,,,
adaptation20002,您还需要继续打牌##，或者选择留盲代打的托管模式,您還需要繼續打牌##，或者選擇留盲代打的托管模式,You need to play ## or choose the auto check/fold mode.,"Você precisa continuar jogando ##, selecionar modo automático ou check/fold.",,,,
adaptation20003,退出游戏，在这手牌结束后将自动站起,退出遊戲，在這手牌結束後將自動站起,Quit the game and stand up automatically after the end of the hand.,Saia do Jogo após o final da mão,,,,
adaptation20004,观众无法发送语音,觀眾無法發送語音,Audiences can't send voice,Público não pode mandar mensagem de voz,,,,
adaptation20005,底池,底池,Pot,Pote,,,,
adaptation20006,盲注,盲註,Blind,Blind,,,,
adaptation20007,前注,前註,Ante,Ante,,,,
adaptation20008,限制,限制,Limit,Limite,,,,
adaptation20009,"房主设置玩家的最短打牌时间为<color=#ff0000>##小时</color>,玩家在此期间内不能离桌,否则将实行留盲代打得托管模式.","房主設置玩家的最短打牌時間為<color=#ff0000>##小時</color>,玩家在此期間內不能離桌,否則將實行留盲代打得托管模式.","The shortest playing time for the homeowner is <color=#ff0000>##hour</color>, during which the player can not leave the table, otherwise the player will play auto check/fold.","Ajustes do menor tempo de jogo <color=#ff0000>##horas</color>, durante esse período o jogador não pode sair do jogo, caso contrário será ativado o modo automático de jogo.",,,,
adaptation20010,金豆余额不足，请先充值,金豆余額不足，請先充值,"chips balance is insufficient, please recharge","Saldo insuficiente, por favor fazer recarga.",,,,
adaptation20011,房主已开启Muck,房主已開啟Muck,The owner has opened Muck,Muck ligado,,,,
adaptation20012,房主已关闭Muck,房主已關閉Muck,The owner has closed Muck,Muck desligado,,,,
adaptation20013,房主已开启强制Straddle,房主已開啟強制Straddle,The owner has opened Straddle,Straddle ativado,,,,
adaptation20014,房主已关闭强制Straddle,房主已關閉強制Straddle,The owner has closed Straddle,Straddle desativado,,,,
adaptation20015,房主进行延时##分钟,房主進行延時##分鐘,Lengthen ## minutes,Tempo extendido##minutos,,,,
adaptation20016,您在 ## 牌局中处于留座状态，无法加入本局游戏,您在 ## 牌局中處於留座狀態，無法加入本局遊戲,You are sitting in ## room and cannot join current game.,"Você está sentado no ## jogo, não pode se juntar ao jogo atual",,,,
adaptation20017,OUTS>16 或 OUTS=0，不能购买保险,OUTS>16 或 OUTS=0，不能購買保險,"OUTS > 16 or OUTS = 0, you can't buy insurance","OUTS>16 ou OUTS>0, não pode comprar seguro",,,,
adaptation20018,系统自动背保险，购买##金豆,系統自動背保險，購買##遊戲幣,"System Automated Buy Insurance, Purchase ## chips","Seguro compra, seguro automaticamente, comprar ## moedas",,,,
adaptation20019,您本次投保额最大为自身投入底池积分的0.45，已自动购买最高值#,您本次投保額最大為自身投入底池積分的0.45，已自動購買最高值#,"Your maximum insured amount is 0.45 of your own pool, and you have automatically purchased the maximum value#","O valor máximo de seu seguro é 0.45 de seu pool, e você comprou automaticamente o valor máximo #",,,,
adaptation20020,二次投保额最高为1/2底池，已自动购买最高值##,二次投保額最高為1/2底池，已自動購買最高值##,"the maximum secondary insured amount is 1/2 pool, which has automatically purchased the maximum value##","O valor máximo de seu segundo seguro é 1/2 de seu pool, e você comprou automaticamente o valor máximo #",,,,
adaptation20021,当前局若不是大盲位，你将在扣至大盲数额的金豆后，加入牌局,當前局若不是大盲位，妳將在扣至大盲數額的遊戲幣後，加入牌局,You will be deducted to a BB of score to join the game if you are not in BB position.,"Você pagará como BB se você entrar no meio do jogo, caso sua posição não seja de BB.",,,,
adaptation20022,在 ## 房间被托管,在 ## 房間被托管,Auto check/fold in ## Room,Está em modo automático na sala ##,,,,
adaptation20023,房主设置带入倍数为##-##倍,房主設置帶入倍數為##-##倍,Owner set buy-in multiples to ##-##,O limite de buy-in deve ser múltiplos de ##-##,,,,
adaptation20024,公平起见，轮到你是大盲位时才能加入牌局,公平起見，輪到妳是大盲位時才能加入牌局,"To be fair, you can join only in BB position.",Pelo equilíbrio do jogo somente quando for sua vez de BB é que você pode entrar no jogo,,,,
adaptation20025,查看翻牌圈的牌,查看翻牌圈的牌,View the flop cards,Verifique as cartas no flop,,,,
adaptation20026,查看转牌圈的牌,查看轉牌圈的牌,View the turn card,Verifique as cartas no turn,,,,
adaptation20027,查看河牌圈的牌,查看河牌圈的牌,View the river card,Verifique as cartas no river,,,,
adaptation20028,您被管理员踢出战队，强制站起,您被管理員踢出戰隊，強制站起,You are kicked out of the club and forced to stand up,Você foi expulso pelo administrador da sala,,,,
adaptation20029,德州(必下场),德州(必下場),Texas(Ante),Texas (Ante),,,,
adaptation20030,德州(AOF),德州(AOF),Texas(AOF),Texas (AOF),,,,
adaptation20031,奥马哈(必下场),奧馬哈(必下場),Omaha(Ante),Omaha (Ante),,,,
adaptation20033,奥马哈(AOF),奧馬哈(AOF),Omaha(AOF),Omaha (AOF),,,,
adaptation20034,强制背保：未选中OUTS ##张，赔率##，自动投保额##,強制背保：未選中OUTS ##張，賠率##，自動投保額##,"Force insured：unselected OUTS ##, odds ##, auto insured ##","Seguro forçado: OUTS não selecionado ## cartas, chance ##, auto-segurado ##",,,,
adaptation20035,这一轮你必须购买所有OUTS,這壹輪妳必須購買所有OUTS,You must insure all OUTS this round,Nessa partida você precisa assegurar todos os OUTS,,,,
adaptation20036,最小加注金额: ##,最小加註金額: ##,Minimum raise: ##,Minimum raise: ##,,,,
adaptation20037,确定弃牌？,確定棄牌？,Fold?,Fold?,,,,
adaptation20038,你可以让牌而不需要任何记分牌,妳可以讓牌而不需要任何記分牌,You can Check instead of Fold,Você pode escolher Check ao invés de Fold,,,,
adaptation20039,是否解散房间?,是否解散房間?,Dimiss the room?,Desfazer a sala?,,,,
adaptation20040,花费: ##,花費: ##,Cost: ##,Gastos: ##,,,,
adaptation20041,昵称:,昵稱:,Nick:,Apelido:,,,,
adaptation20042,仅显示近30天数据,僅顯示近30天數據,Last 30 days,Últimos 30 dias,,,,
adaptation20043,仅显示近7天数据,僅顯示近7天數據,Last 7 days,Últimos 7 dias,,,,
adaptation20044,开通VIP,開通VIP,Buy VIP,Ativar VIP,,,,
adaptation20045,升级VIP,升級VIP,Upgrade VIP,Upgrade VIP,,,,
adaptation20046,所有VIP可查看,所有VIP可查看,All VIP,Todos VIP,,,,
adaptation20047,铂金钻石VIP可查看,鉑金鉆石VIP可查看,Platinum/Diamond VIP,Platinum/Diamante VIP,,,,
adaptation20048,钻石VIP可查看,鉆石VIP可查看,Diamond VIP,Diamante VIP,,,,
adaptation20049,观众无法发送魔法表情,觀眾無法發送魔法表情,Audience can't send emoji,Espectador não pode enviar emojis,,,,
adaptation20050,是否强制踢出该玩家？踢出后无法进入本房间。,是否強制踢出該玩家？踢出後無法進入本房間。,"Are you sure to kick out the player? The player won't be able to enter the room, ",Gostaria de expulsar o jogador? Ele não poderá retornar para a sala.,,,,
adaptation20051,是否强制站起该玩家?,是否強制站起該玩家?,"are you sure to Force the player to stand up,?",Você tem certeza que você quer forçar o jogador a levantar?,,,,
adaptation20052,观众(##),觀眾(##),Audience(##),Audiência(##),,,,
adaptation20053,由于你已买转牌保险，为保障你的利益，河牌保险强制购买。已自动为你背保##（本次无法选牌）,由於妳已買轉牌保險，為保障妳的利益，河牌保險強制購買。已自動為妳背保##（本次無法選牌）,River will auto insure ## as you insured in turn.,"Como você já utilizou seguro na jogada Turn, o seguro já esta ativo na rodada river.",,,,
adaptation20054,恭喜##击中##，赢得##金豆,恭喜##擊中##，贏得##金豆,"Congratulation ## hit ##, rewarded ## chips","Parabéns ## atingiu ##, ganhou ## moedas",,,,
adaptation20055,您确定要成为推广员吗？,您確定要成為推廣員嗎？,Do you want to be a promoter？,Você gostaria de se tornar um promotor?,,,,
adaptation20056,投保,投保,Insure,Assegurar,,,,
adaptation20057,背保,背保,Insured,Assegurado,,,,
adaptation20058,投保##+背保##,投保##+背保##,Insure##+Insured##,Assegurar##+Assegurado##,,,,
adaptation20059,投保##,投保##,Insure##,Assegurar##,,,,
adaptation20060,赔付##,賠付##,Claim##,Resgatar##,,,,
adaptation20061,留座##秒,留座##秒, RESV ##s,Reserva ## segundos,,,,
adaptation20062,购买中##s,購買中##s,Insure in ##s,Adquirindo ##s,,,,
adaptation20063,给##发放基金,給##發放基金,Grant fund to ##,"Distribuir valor para ##
",,,,
adaptation20064,将为您关闭APP，重新打开即可更新,將為您關閉APP，重新打開即可更新,"The app will be shut down, please restart and update.","O aplicativo será fechado, por favor reinicie para iniciar o upgrade",,,,
adaptation20065,牌局时长：,牌局時長：,game duration ：,Tempo de duração do jogo:,,,,
adaptation20066,牌局##分润收益,牌局##分潤收益,Game profit from ##,Ganhos do jogo ##,,,,
adaptation20067,给##返豆,給##返豆,Bonus to ##,Bônus para ##,,,,
adaptation20068,该账号已冻结，请联系公会客服,该账号已冻结，请联系公会客服,"Your account is frozen, please contact customer service","Sua conta está congelada, por favor entre em contato com nosso suporte",,,,
adaptation20069,您是否确定要给##发放##金豆?,您是否確定要給##發放##金豆?,Are you sure you want to send ## chips to ##?,Você tem certeza que quer mandar ## moedas para ##?,,,,
adaptation20070,亲爱的玩家，此活动仅限新玩家参与，一个设备只能领取一次，您的设备已经领取过红包，无法再次领取！,親愛的玩家，此活動僅限新玩家參與，壹個設備只能領取壹次，您的設備已經領取過紅包，無法再次領取！,"Dear user, the chance to roll free chips is only for new user with new device, your device has rolled before!","Querido jogador, essa promoção é somente válida para novos jogadores, você já recebeu sua bonificação",,,,
adaptation20071,当前线路连接状态不佳，请在下方切换线路再登录,當前線路連接狀態不佳，請在下方切換線路再登錄,"The network is bad, please switch the channel below and try again.","A conexão está fraca, por favor troque de canal e reconecte",,,,
adaptation30073,赔付,賠付,Claim,Reclamar,,,,
adaptation30074,全下,全下,All in,All in,,,,
adaptation30075,托管,託管,Hosting,Hospedando,,,,
adaptation20072,当前线路不稳定，已为您切换线路重新连接,當前線路不穩定，已為您切換線路重新連接,The current line is unstable. We have switched the line for you to reconnect.,"A conexão está fraca, estamos trocando de canal e reconctando",,,,
User_LocationSeetingTrue,距离0m,距離0m,Distance 0m,Distância 0 m,,,,
User_LocationSeetingFalse,未开启定位,未開啟定位,Location not turned on,Sua localização não foi ativada.,,,,
UITexasPlayerInfo_PuTong,30日普通牌局信息,30日普通牌局信息,30th general hand information,Informações dos jogos dos últimos 30 dias,,,,
UITexasPlayerInfo_MTT,锦标赛生涯,錦標賽生涯,Championship career,Carreira no campeonato,,,,
UITexas_BackDest,回桌,回桌,Return,Voltar para mesa,,,,
UITesas_Leave,留座,留座,ReserveDesk,Reservar lugar,,,,
UITexas_Start,开始,開始,Start,Iniciar,,,,
UITexas_choice,请选择座位坐下,請選擇座位坐下,Please take a seat,Por favor selecione um assento,,,,
UITexas_gameSaveTips,等待开局,等待開局,Please wait for start,Aguardando início,,,,
UITexas_needUpdateTips,点击升级APP以获得更好体验,點擊升級APP以獲得更好體驗,Please update APP,Por favor atualize o APP para obter uma experiência melhor,,,,
UITexas_anyplayerhand,任一人手牌,任一人手牌,Either hand type,Mão de qualquer jogador,,,,
UITexas_winCard,获胜\n牌型,獲勝\n牌型,Winning\nhand rank,Vencedor \n tipo de mão,,,,
UITexas_Cowboy_wins,牛仔胜,牛仔勝,Cowboy wins,Cowboy wins,,,,
UITexas_draw,平局,平局,Push,Empate,,,,
UITexas_Beauty_wins,美女胜,美女勝,Beauty wins,Beauty wins,,,,
UITexas_Beauty,美女,美女,Beauty,Beauty,,,,
UITexas_check,让牌,讓牌,Check,Check,,,,
UITexas_call,跟注,跟註,Call,Call,,,,
UITexas_fold,弃牌,棄牌,Fold,Fold,,,,
UITexas_freeCall,自由加注,自由加註,Slider,Slider,,,,
UITexas_confirm,确定,確定,Confirm,Confirm,,,,
UITexas_preciseCall,精确加注,精確加註,RAISE,RAISE,,,,
UITexas_addBlind,补盲,補盲,Blind,Blind,,,,
UITexas_autoFlod,看牌/弃牌,看牌/棄牌,Check/Fold,Check/Fold,,,,
UITexas_autoCall,自动跟牌,自動跟牌,Auto Call,Auto Call,,,,
UITexas_autoAllin,自动All in,自動All in,Auto All in,Auto All in,,,,
UITexas_autoCheck,自动看牌,自動看牌,Auto Check,Auto Check,,,,
UITexas_AddChips,带入记分牌,帶入記分牌,Buy-in,Buy-in,,,,
UITexas_smallBigBlind,小盲/大盲,小盲/大盲,SB/BB,SB/BB,,,,
UITexas_needBean,所需金豆:,所需金豆:,Require:,Requer:,,,,
UITexas_leftBean,账户金豆:,賬戶金豆:,Balance:,Total de moedas:,,,,
UITexas_InsuranceMode,保险模式,保險模式,Insurance,Seguro,,,,
UITexas_standUp,站起围观,站起圍觀,Stand up,Levantar-se,,,,
UITexas_OwerFund,房主功能,房主功能,Functions,Configurações,,,,
UITexas_PreLeave,提前离桌,提前離桌,Pre-leave,Pre-leave,,,,
UITexas_AddChipsMenu,补充记分牌,補充記分牌,Supplementary scoreboard,Placar complementar,,,,
UITexas_BringOutChipsMenu,带出记分牌,帶出記分牌,Bring out the scoreboard,Mostrar placar ,,,,
UITexas_BringOutChips,本手结束时，将为您带出相应的记分牌,本手結束時，將為您帶出相應的記分牌,"At the end of the hand, the corresponding scoreboard will be brought out for you","No final da jogada, você poderá ver o placar correspondente",,,,
UITexas_SureBringOut,确认带出,確認帶出,Confirm to bring out,Confirme para sacar,,,,
UITexas_LeaveTheTable,留座离桌,留座離桌,Leave the table,Deixar a mesa,,,,
UITexas_RuleTips,规则,規則,Rules,Regras,,,,
UITexas_RuleOfTips,规则提示,規則提示,Rules of the tip,Dicas de jogo,,,,
UITexas_Setting,个性设置,個性設置,Options,Configurações,,,,
UITexas_TrustGame,托管牌局,托管牌局,Auto check/fold,Auto check/fold,,,,
UITexas_Leave,离开房间,離開房間,Return,Retornar,,,,
UITexas_Trust,托管中,托管中,Trust,Confiar,,,,
UITexas_Holding,等待,等待,Holding,Aguardando,,,,
UIInsurance_buyTitle,购买保险,購買保險,Insurance,Adquirir seguro,,,,
UIInsurance_delay,延时,延時,Add,Adicionar,,,,
UIInsurance_notBuy,不买,不買,Uninsured,Sem seguro ,,,,
UIInsurance_baoben,保本,保本,Secure,Seguro,,,,
UIInsurance_all,满池,滿池,Full,Cheio,,,,
UIInsurance_youxiao,有效底池,有效底池,Pot,Pote,,,,
UIInsurance_yitouru,已投入:,已投入:,Insured:,Assegurado:,,,,
UIInsurance_toubaoe,投保额:,投保額:,Insured:,Valor assegurado:,,,,
UIInsurance_peifue,赔付额:,賠付額:,claims:,Valor de compensação:,,,,
UIInsurance_peilv,赔率,賠率,odds,Chances,,,,
UIInsurance_publicCard,公共牌,公共牌,Board,Cartas comunitárias,,,,
UIInsurance_yixuan,已选,已選,Selected,selecionado,,,,
UIJackPotInfo_tips,1.当前手如果参与玩家达到4人，则自动开启Jackpot彩池，不足4人不激活奖励也不抽取JP，开启后玩家击中特定牌型，即可获得彩池奖励；\n2.击中特定牌型指的是：\n玩家的两张手牌与公共牌共同组成了【皇家同花顺】【同花顺】【四条】其中一种并且取得胜利。\n如：击中4条，必须玩家的两张手牌为其中一对\n3.投入彩池：\n玩家每手牌盈利数额达到10个大盲时，系统自动从中拿出两个小盲，一个小盲投入彩池，一个小盲投入“奖池”。\n注：“奖池”会每天随机发放，每桌会抽取一个幸运玩家获得奖励，具体规则见奖池页面。\n4.发放说明\n（1）击中发放的奖励为金豆\n（2）击中的奖励直接发放至钱包中,1.當前手如果參與玩家達到4人，則自動開啟Jackpot彩池，不足4人不激活獎勵也不抽取JP，開啟後玩家擊中特定牌型，即可獲得彩池獎勵；\n2.擊中特定牌型指的是：\n玩家的兩張手牌與公共牌共同組成了【皇家同花順】【同花順】【四條】其中壹種並且取得勝利。\n如：擊中4條，必須玩家的兩張手牌為其中壹對\n3.投入彩池：\n玩家每手牌盈利数额达到10个大盲时，系统自动从中拿出两个小盲，一个小盲投入彩池，一个小盲投入“奖池”。 \n注：“奖池”会每天随机发放，每桌会抽取一个幸运玩家获得奖励，具体规则见奖池页面。\n4.發放說明\n（1）擊中發放的獎勵為金豆\n（2）擊中的獎勵直接發放至錢包中,"1.Jackpot will be activated when players are no less than 4, then player will be rewarded once hit the specific card type；\n2.Hit specific type means:\nYour both hands hit the [Royal Flush], [Straight Flush], [Four of a kind] and win the game\nFor example: your hands must be a pair when you hit Four of a kind.\n3.Invest:\n Player wins more than 10BB in one hand, will invest 1 SB into Jackpot, 1 SB into  “winning pool”. \nNote: ""The prize pool"" will be distributed randomly every day, and each table will draw a lucky player to receive the reward. The specific rules can be found on the prize pool page.\n4.Note\n (1) Rewarded with chips\n (2) Directly to your wallet","1. Se houver 4 jogadores na mão atual, o pool do Jackpot será aberto automaticamente. Se houver menos de 4 jogadores, o bônus não será ativado e o Jackpot não será sacado. Após o jogador acertar um tipo de jogada específico , o jogador pode obter a recompensa do pool; \n2. O tipo de carta específico refere-se a: \n As duas mãos do jogador e as cartas comunitárias juntas formam um dos [Royal Straight Flush], [Flush Flush] e [Quad] e ganham. \n Por exemplo: para acertar 4, as duas cartas do jogador devem formar pelo menos um par \n3. Coloque no pool: \n Quando o lucro do jogador por mão atingir 10 big blinds, o sistema trará automaticamente dois small blinds. Um small blind vai para o pool e um small blind vai para o ""prêmio total"". \n Observação: o ""Conjunto de prêmios"" será distribuído aleatoriamente todos os dias, e cada mesa sorteará um jogador aleatório para receber a recompensa. Consulte a página do conjunto de prêmios para regras específicas. \n4. Instruções de distribuição \n (1) A recompensa é feita pela distribuição de moedas \n (2) A recompensa é distribuída diretamente para a carteira",,,,
UIJackPotInfo_cardType,获奖牌型,獲獎牌型,Type,Tipo,,,,
UIJackPotInfo_tonghuashun,同花顺,同花順,S-flush,Straight flush,,,,
UIJackPotInfo_huangjia,皇家同花顺,皇家同花順,R-flush,Royal flush,,,,
UIJackPotInfo_shitiao,四条,四條,FOAK,Four of a Kind,,,,
UIJackPotInfo_rewardRatio,获奖比例,獲獎比例,Reward Ratio,Proporção da recompensa,,,,
UIOwner_title,房主功能,房主功能,Functions,Funções,,,,
UIOwner_pause,暂停游戏,暫停遊戲,Pause,Pausar,,,,
UIOwner_dismiss,解散游戏,解散遊戲,Dismiss,Fechar,,,,
UIOwner_share,分享房间,分享房間,Share,Compartilhar ,,,,
UIOwner_setting,设置,設置,Settings,Configurações,,,,
UIOwner_voice,观众语音,觀眾語音,Audience Voice,Audio dos espectadores,,,,
UIOwner_muck,Muck开关,Muck開關,Muck,Liga/Desliga,,,,
UIOwner_bring,设置玩家可以带入的记分牌倍数,設置玩家可以帶入的記分牌倍數,Sets the multiples can buy in,Configuração de quantidades de buy-in,,,,
UIOwner_delay,牌局延时（分钟）,牌局延時（分鐘）,Lengthen (minutes),Tempo (Minutos),,,,
TexasGameProtocol_currentPoolRate,当前入池率,当前入池率,Current admission rate,Taxa de entrada atual,,,,
TexasGameProtocol_currentHandNumber,当前总手数,当前總手數,Current total lot size,Total de jogadores,,,,
UITexasGameEnd,牌局统计,牌局統計,Hand statistics,Estatísticas do jogo,,,,
UITexasGameEnding_myReward,我的奖励,我的獎勵,My Reward,Meu prêmio,,,,
UITexasGameEnding_allhand,总手数,總手數,Hands,Mãos totais,,,,
UITexasGameEnding_time,牌局时长：,牌局時長：,Length：,Tempo de jogo,,,,
UITexasGameEnding_bigFish,大鱼,大魚,Fish,Big fish,,,,
UITexasGameEnding_richman,土豪,土豪,Rich,Magnata,,,,
UITexasGameEnding_nicName,昵称,昵稱,Nick,Apelido,,,,
UITexasGameEnding_bring,带入,帶入,Buy-in,Buy-in,,,,
UITexasGameEnding_vp,当桌入池率,當桌入池率,VPIP,VPIP,,,,
UITexasGameEnding_pl,积分,積分,Profit,Ganhos,,,,
UITexasGameEnding_rewardPlayer,中奖玩家,中獎玩家,JP Winner,Ganhador do Jackpot,,,,
UITexasGameEnding_rewardCard,中奖牌型,中獎牌型,Type,Tipo,,,,
UITexasGameEnding_reward,获得奖励,獲得獎勵,Reward,Prêmio,,,,
UITexasGameEnding_insurancePool,保险池,保險池,Insurance,Seguro,,,,
UITexasGameEnding_allBring,总带入,總帶入,Total Buy-in,Total do Buy-in,,,,
UITexasGameEnding_BigPot,最大底池,最大底池,Biggest pot,Maior pot,,,,
UITexasGameEnding_upper,水上数据,水上數據,Profit,Ganhos,,,,
UITexasGameEnding_down,水下数据,水下數據,Loss,Perdas,,,,
UITexasGameEnding_tips,-游戏成绩仅供娱乐参考，严禁任何形式的赌博行为-,-遊戲成績僅供娛樂參考，嚴禁任何形式的賭博行為-,"-For entertainment, gambling forbidden-","-As pontuações do jogo são somente para entretenimento, qualquer forma de aposta é proibida-",,,,
UITexasHistory_title,上局回顾,上局回顧,Review,Revisar,,,,
UITexasHistory_insurance,保险池,保險池,Insurance,Seguro,,,,
UITexasHistory_share,分享,分享,Share,Compartilhar,,,,
UITexasHistory_collect,收藏,收藏,Collect,Salvar,,,,
UITexasInfo_title,个人信息,個人信息,Profile,Perfil,,,,
UITexasInfo_forceStand,强制站起,強制站起,Stand Up,Levantar-se,,,,
UITexasInfo_forceKict,踢出牌局,踢出牌局,Kick Out,Expulsar,,,,
UITexasInfo_Texas,德州,德州,Texas,Texas,,,,
UITexasInfo_Omaha,奥马哈,奧馬哈,Omaha,Omaha,,,,
UITexasInfo_sng,坐满即玩,坐滿即玩,SNG,Sit and Go,,,,
UITexasInfo_mtt,锦标赛,錦標賽,MTT,Multi Table Tournment,,,,
UITexasInfo_default,设为默认页,設為默認頁,Default ,Definir como página padrão,,,,
UITexasInfo_30day,仅显示近30天数据,僅顯示近30天數據,Last 30 days,Últimos 30 dias,,,,
UITexasInfo_all,生涯数据,生涯數據,All Data,Todos os dados,,,,
UITexasInfo_game,参与牌局,參與牌局,Games ,Partidas,,,,
UITexasInfo_poolwin,入池胜率,入池勝率,Wins ,Ganhos,,,,
UITexasInfo_allhands,总手数,總手數,Hands ,Mãos,,,,
UITexasInfo_poolrate,入池率,入池率,VPIP ,VPIP ,,,,
UITexasInfo_games,总局数,總局數,Games,Jogadas,,,,
UITexasInfo_loss,盈亏,盈虧,Profit and loss,Ganhos e perdas,,,,
UITexasInfo_flop,翻牌加注率,翻牌加註率,Flop raise rate,Taxa de aumento no flop,,,,
UITexasInfo_winrate,胜率,勝率,Win rate ,Taxa de vitórias,,,,
UITexasInfo_fantexi,进范率,進範率,Fantasy rate ,Taxa de progressão,,,,
UITexasInfo_score,手牌平均分,手牌平均分,Hand Average ,Pontuação média de mão,,,,
UITexasInfo_gamecount,参赛次数,參賽次數,Num of contests ,Número de participações,,,,
UITexasInfo_wincount,获奖次数,獲獎次數,Num of awards ,Premiações,,,,
UITexasInfo_one,第一名次数,第壹名次數,First place ,primeiro lugar,,,,
UITexasInfo_two,第二名次数,第二名次數,Second place ,segundo lugar,,,,
UITexasInfo_three,第三名次数,第三名次數,Third place ,terceiro lugar,,,,
UITexasReport_title,实时战况,實時戰況,Live,Tempo real,,,,
UITexasReport_allBring,总带入,總帶入,Total Buy-in,Total de Buy-in,,,,
UITexasReport_player,玩家,玩家,Player,Jogador,,,,
UITexasReport_hand,手数,手數,Hands,Mãos,,,,
UITexasReport_bring,带入,帶入,Buy-in,Buy-in,,,,
UITexasReport_pl,积分,積分,Profit,Ganhos,,,,
UITexasReport_insurance,保险池,保險池,Insurance,Seguro,,,,
UI,未改的有如下 0514 1006,未改的有如下 0514 1006,Not modified yet: 0514 1006,Ainda não modificado: 0514 1006,,,,
UIMatch_GtO8YEcc,大厅,大廳,Lobby,Início,,,,
UIMatch_GtO8YEdb,全部,全部,All,Tudo,,,,
UIMatch_eyKDno2n,我的牌局,我的牌局,Mine,Meu,,,,
UIMatch_yNekmf8N,德州,德州,Texas,Texas,,,,
UIMatch_lwXM7lGa,奥马哈,奧馬哈,Omaha,Omaha,,,,
UIMatch_lwXM7lGa4,奥马哈4张,奧馬哈4張,Omaha 4,Omaha 4,,,,
UIMatch_lwXM7lGa5,奥马哈5张,奧馬哈5張,Omaha 5,Omaha 5,,,,
UIMatch_lwXM7lGa6,奥马哈6张,奧馬哈6張,Omaha 6,Omaha 6,,,,
UIMatch_O7YlCKRj,AOF,AOF,AOF,All-in ou Fold? ,,,,
UIMatch_xPRi8oZ9,必下场,必下場,Ante,Ante,,,,
UIData_YGvXd5iXr,数据,數據,Data,Dados,,,,
UIData_Today,今日,今日,Today,Hoje,,,,
UIData_Month,30日,30日,Month,Mês,,,,
UIData_Week,7日,7日,Week,Semana,,,,
UIData_KrVdD5WqB,生涯,生涯,Career,Histórico,,,,
UIData_TodayMoney,今日盈利,今日盈利,Today's earnings,Ganhos de hoje,,,,
UIData_WeekMoney,7日盈利,7日盈利,Week's earnings,Ganhos da semana,,,,
UIData_MonthMoney,30日盈利,30日盈利,Month's earnings,Ganhos mensais,,,,
UIData_GizarzlDf,近7天,近7天,7 Days,7 Dias,,,,
UIData_cliUZKPSK,近一个月,近壹個月,30 Days,30 Dias,,,,
UIData_i8YBR690c,基础数据,基礎數據,Basic Data,Dados básicos,,,,
UIData_CvxdyrCft,入池率,入池率,VPIP,VPIP,,,,
UIData_eTG3G9Tzp,入池胜率,入池勝率,Wins,Ganhos,,,,
UIData_C1CNX4QIF,战绩总积分,戰績總積分,Total Profit,Ganhos totais,,,,
UIData_y7maLvwoJ,总手数,總手數,Hands,Mãos,,,,
UIData_kpHsdqDe5,场均战绩,場均戰績,Avg Profit,Média de ganhos,,,,
UIData_lh9TLd5Dz,总局数,總局數,Games,Jogos,,,,
UIData_Wk0vXh5dr,场均带入,場均帶入,Avg Buy-in,Média de buy-in,,,,
UIData_9uXzPe7nz,高阶数据,高階數據,Advance Data,Dados avançados,,,,
UIData_86Rap5lYl,侯爵王公贵族可查看,侯爵王公貴族可查看,Platinum/Diamond VIP,Platinum/Diamante VIP,,,,
UIData_UkDjET60P,入池率(VPIP):,入池率(VPIP):,VPIP:,VPIP:,,,,
UIData_TbfhUk81c,翻牌前加注(PRF):,翻牌前加註(PRF):,PRF:,PRF:,,,,
UIData_tI5vAueGX,翻前再加注(3Bet):,翻前再加註(3Bet):,3Bet:,3Bet:,,,,
UIData_KYcrpCuoH,持续下注(Cbet):,持續下註(Cbet):,Cbet:,Cbet:,,,,
UIData_NmCApsmJP^,激进率,激進率,AF,Fator de Agressão,,,,
UIData_NmCApsmJP,激进率(AF):,激進率(AF):,AF:,Fator de agressão,,,,
UIData_Uyw2DepZB,摊牌率(WTSD):,攤牌率(WTSD):,WTSD:,WTSD:,,,,
UIData_T9LPbz8rG,全下胜率(All-wins):,全下勝率(All-wins):,All-wins:,All-wins:,,,,
UIData_oLKlAnibz,入池胜率(Wins):,入池勝率(Wins):,Wins:,Ganhos:,,,,
UIMine_WalletCardNames,银行卡,銀行卡,Bank Card,Cartão,,,,
UIMine_WalletCardNames_plz,请选择银行,請選擇銀行,Please Select Bank,Selecione um banco,,,,
UIMine_WalletTranschipsAlipay_j9O6YS7JR,我的账户,我的賬戶,My Account,Minha conta,,,,
UIMine_WalletTranschipsAlipay_xdaAUIDlE,可提金豆,可提金豆,Withdrawable,Retirar,,,,
UIMine_WalletTranschipsAlipay_i05eleDyA,不可提金豆,不可提金豆,Others,Outros,,,,
UIMine_WalletTranschipsAlipay_lxAPN4IQx,金豆数量,金豆數量,Balance,Saldo,,,,
UIMine_WalletTranschipsAlipay_zaAMhdahi,收款账号,收款賬號,Payee Account,Conta de recebimento,,,,
UIMine_WalletTranschipsAlipay_D31aLGq1y,提豆信息,提豆信息,Withdraw Info,Informações de saque,,,,
UIMine_WalletTranschipsAlipay_Rg1u7wzFT,提豆数量:,提豆數量:,Amount:,Valor:,,,,
UIMine_WalletTranschipsAlipay_r68FApfsJ,请输入提豆数量（必须为100的整数）,請輸入提豆數量（必須為100的整數）,Withdraw amount(Multiple of 100),Valor de saque (múltiplo de 100),,,,
UIMine_WalletTranschipsAlipay_8pJ75gsbl,提豆金额:,提豆金額:,RMB:,Quantidade de moedas,,,,
UIMine_WalletTranschipsAlipay_qre90D7VS,兑换比例1:100,兌換比例1:100,Exchange ratio 1:100,0.111111111,,,,
UIMine_WalletTranschipsAlipay_4rusJUnp4,手机号码:,手機號碼:,Phone:,Celular:,,,,
UIMine_WalletTranschipsAlipay_mttQXpP9z,请输入手机号码,請輸入手機號碼,Phone number,Número de celular,,,,
UIMine_WalletTranschipsAlipay_MSwrxhYDk,验证码:,驗證碼:,Code:,Código:,,,,
UIMine_WalletTranschipsAlipay_heGKoadBd,请输入验证码,請輸入驗證碼,Verification code,código de verificação,,,,
UIMine_WalletTranschipsAlipay_mdJpmDiMq,获取验证码,獲取驗證碼,Send,Enviar,,,,
UIMine_WalletTranschipsAlipay_vaGhK6Eps,确定,確定,Confirm,Confirmar,,,,
UIMine_WalletTranschipsAlipay_GuKp25Pl7,"注意：提豆数量必须为100的整数\n提现发起时间：06:00-21:50 到账时间：2小时内\n提现发起时间：21:50-06:00的订单将会在06:00后开始处理\n正常到账时间为3-5分钟,请尽量选择06:00-21:50进行提现，如遇审核问题或者通道堵塞将会相对应延长到账时间，如有问题请联系客服。","註意：提豆數量必須為100的整數\n提現發起時間：06:00-21:50 到賬時間：2小時內\n提現發起時間：21:50-06:00的訂單將會在06:00後開始處理\n正常到賬時間為3-5分鐘,請盡量選擇06:00-21:50進行提現，如遇審核問題或者通道堵塞將會相對應延長到賬時間，如有問題請聯系客服。","Note: The number of chips must be 100 integer\n Withdrawal: 06:00-21:50 arrival in: 2 hours\n Withdrawal: 21:50-06:00 will be dealt after 06:00 \n Normally in 3-5 minutes,Please choose 06:00-21:50 as far as possible to withdraw. If there are audit problems or channel blockage, the arrival time will be delayed. Any problem exists, please contact customer service.","Nota: O número de moedas retirados deve ser um número inteiro múltiplo de 100 \n Hora de início da retirada: 06:00 - 21:50 Horário de depósito em conta: dentro de 2 horas \n a contar da do momento de confirmação do saque: Saque realizados entre 21:50 - 06:00, serão processados a partir das 6:00 \n O tempo normal de pagamento é de 3-5 minutos, por favor, tente escolher entre 06:00 - 21:50 para retirada de dinheiro. Em caso de problemas de auditoria ou bloqueio de canal, o tempo de pagamento será estendido. Qualquer dúvida, entre em contato com o atendimento ao cliente.",,,,
WalletTranschipsBindingAlipay_UQvLTa,请填写转豆信息,請填寫轉豆信息,Withdraw info,Informações de saque,,,,
WalletTranschipsBindingAlipay_sJV4yD,实名认证姓名:,實名認證姓名:,Real name:,Nome completo:,,,,
WalletTranschipsBindingAlipay_iucWcc,请输入用户名,請輸入用戶名,Input your name,Inserir dados do usuário,,,,
WalletTranschipsBindingAlipay_Q7lCW2,支付宝账号:,支付寶賬號:,Alipay:,Alipay:,,,,
WalletTranschipsBindingAlipay_Vp8HMd,请输入支付宝账号,請輸入支付寶賬號,Alipay account,Inserir dados da conta Alipay,,,,
WalletTranschipsBindingAlipay_RUkX0Q,注意：\n1.请输入正确的支付宝账号，支付宝提豆时将直接转入支付宝账号，修改账号请咨询客服。\n2.请输入正确实名制支付宝姓名，否则将无法转入该账号。,註意：\n1.請輸入正確的支付寶賬號，支付寶提豆時將直接轉入支付寶賬號，修改賬號請咨詢客服。\n2.請輸入正確實名制支付寶姓名，否則將無法轉入該賬號。,"Notes:\n1.Withdraw money will be tranfered into your alipay account, contact the service for account modification.\n2.Please use your real name or will not success.","Nota: \n1 por favor inserir o dados do Alipay, o valor será transferido para sua carteira. Caso precise mudar a conta, favor entrar em contato com o suporte. \n2 Por favor preencher os dados com o nome completo igual da conta, caso contrário não poderá ser processado o pedido.",,,,
WalletTranschipsCard_ZhjVmd,我的账户,我的賬戶,My Account,Minha conta,,,,
WalletTranschipsCard_uktqy5,可提金豆,可提金豆,Withdrawable,Moedas disponíveis para saque,,,,
WalletTranschipsCard_0HCaLQ,不可提金豆,不可提金豆,Others,Outros,,,,
WalletTranschipsCard_SVwzKi,金豆数量,金豆數量,Balance,Saldo,,,,
WalletTranschipsCard_W2WxXj,收款账号,收款賬號,Payee Account,Conta de recebimento,,,,
WalletTranschipsCard_v6bEhU,提豆信息,提豆信息,Withdraw Info,Informações de saque,,,,
WalletTranschipsCard_2yVGEa,提豆数量:,提豆數量:,Amount:,Valor de saque:,,,,
WalletTranschipsCard_eTHWfv,请输入提豆数量（必须为100的整数）,請輸入提豆數量（必須為100的整數）,Withdraw amount(Multiple of 100),Por favor inserir o valor de saque (múltiplo de 100),,,,
WalletTranschipsCard_m2NLlv,提豆金额:,提豆金額:,RMB:,Quantidade de moedas:,,,,
WalletTranschipsCard_6aaXxV,兑换比例1:100,兌換比例1:100,covertible proportion,0.111111111,,,,
WalletTranschipsCard_20dVN8,手机号码:,手機號碼:,Phone:,Celular:,,,,
WalletTranschipsCard_CL2IAs,请输入手机号码,請輸入手機號碼,Phone number,Número de celular,,,,
WalletTranschipsCard_8mliWy,验证码:,驗證碼:,Code:,código ,,,,
WalletTranschipsCard_rGsWhg,请输入验证码,請輸入驗證碼,Verification code,código de verificação,,,,
WalletTranschipsCard_ucDhPF,获取验证码,獲取驗證碼,Send,Enviar,,,,
WalletTranschipsCard_uGnAIn,二级密码:,二級密碼:,Sec-Pwd:,Segunda senha,,,,
WalletTranschipsCard_DR2Zp3,请输入二级密码,請輸入二級密碼,Your secondary password,Senha secundária,,,,
WalletTranschipsCard_0YuFlf,确定,確定,Confirm,Confirmar,,,,
WalletTranschipsCard_RKRCxp,忘记密码？,忘記密碼？,Reset？,Esqueceu sua senha?,,,,
WalletTransfer_Y3JQaA,请填写转豆信息,請填寫轉豆信息,Withdraw infomation,Informações de transferência,,,,
WalletTransfer_eG6WeA,转豆ID:,轉豆ID:,Payee ID:,ID de recebimento,,,,
WalletTransfer_RC0OPs,请输入对方ID,請輸入對方ID,ID whom get the chips,Por favor inserir ID do recebedor,,,,
WalletTransfer_H32GpM,转豆数量:,轉豆數量:,Amount:,Valor de transferência:,,,,
WalletTransfer_KduOEp,请输入转豆数量,請輸入轉豆數量,The amount of chips,Inserir valor de transferência,,,,
WalletTransfer_0WretM,二级密码:,二級密碼:,Sec-Pwd:,Segunda senha,,,,
WalletTransfer_aeoYlv,请输入二级新密码,請輸入二級新密碼,Your secondary password,Senha secundária,,,,
WalletTranschipsBindingCard_uR5b07,请填写您的信息,請填寫您的信息,Your infomation,Seus dados,,,,
WalletTranschipsBindingCard_2upImx,持卡人姓名:,持卡人姓名:,Real name:,Nome completo:,,,,
WalletTranschipsBindingCard_yHXpao,请输入姓名,請輸入姓名,Real name of the account,Nome completo da conta,,,,
WalletTranschipsBindingCard_zJHao,请输入CPF/CNPJ号,請輸入CPF/CNPJ號,Please enter CPF/CNPJ number,Insira o número do CPF/CNPJ,,,,
WalletTranschipsBindingCard_skBankCode,请输入收款银行代码,請輸入收款銀行代碼,Please enter the receiving bank code,Insira o código do banco receptor,,,,
WalletTranschipsBindingCard_jgCode,请输入机构代码,請輸入機構代碼,Please enter institution code,Insira o código da instituição,,,,
WalletTranschipsBindingCard_acZ6VR,銀行卡卡号:,銀行卡卡號:,Bank card:,Número do cartão:,,,,
WalletTranschipsBindingCard_w1SXCf,请输入银行卡卡号,請輸入銀行卡卡號,Number of the account,Inserir dados do cartão:,,,,
WalletTranschipsBindingCard_plzsltbank,请选择银行卡,請選擇銀行卡,Please select a bank card,Selecione um cartão bancário,,,,
WalletTranschipsBindingCard_current,活期,活期,Current,Corrente,,,,
WalletTranschipsBindingCard_savings,储蓄,儲蓄,Savings,poupança,,,,
WalletTranschipsBindingCard_8I1WFx,银行名称:,銀行名稱:,Bank:,Nome do banco:,,,,
WalletTranschipsBindingCard_NJavDR,开户行:,開戶行:,Opening:,Agência:,,,,
WalletTranschipsBindingCard_m6hR1k,请输入开户行名称,請輸入開戶行名稱,Account-opening bank,Inserir o nome do banco,,,,
WalletTranschipsBindingCard_eabsQZ,开户行省:,開戶行省:,Province:,Estado,,,,
WalletTranschipsBindingCard_Sgiloq,开户行市:,開戶行市:,City:,Cidade,,,,
WalletTranschipsBindingCard_8d9iCb,注意： 1.请输入正确的银行卡账号，银行卡提豆时将直接转入银行卡账号，修改账号请咨询客服。\n2.一张银行卡只能绑定2个ID号码。,註意： 1.請輸入正確的銀行卡賬號，銀行卡提豆時將直接轉入銀行卡賬號，修改賬號請咨詢客服。\n2.一張銀行卡只能綁定2個ID號碼。,"Notes: 1.Withdraw money will be tranfered into your bank account, contact the service for account modification.\ n2.A bank card can only bind two ID numbers.","Nota: 1. Favor inserir os dados corretos do cartão, ao efetuar o resgate das moedas, o saldo será transferido para o cartão informado. Para alterar dados da conta entre em contato com a suporte. \n 2. Um cartão só pode estar ativo em 2 contas.",,,,
WalletTranschipsBindingCard_tishi,填写正确的银行卡信息，以保证提豆成功，有疑问请联系客服,填寫正確的銀行卡信息，以保證提豆成功，有疑問請聯繫客服,"Fill in the correct bank card information to ensure the success of the bean withdrawal. If you have any questions, please contact customer service","Preencha as informações do banco corretamente para que a transferência seja realizada com sucesso. Se houver dúvidas, por gentileza entre em contato com o nosso suporte. ",,,,
WalletTranschipsBindingCard_rightNowAdd,立即添加,立即添加,Add it now,Adicione agora,,,,
UIData_ShowProblem_zIwG,基础数据,基礎數據,Basic Data,Dados básicos,,,,
UIData_ShowProblem_eZys,VIP会员高阶数据,VIP會員高階數據,VIP Advance Data,Dados avançados de membros VIP,,,,
UIData_ShowProblem_SM0y,总手数：玩家在疯狂扑克内游戏过的手牌总数量\n\n总局数：玩家在疯狂扑克内游戏过的牌局总数量\n\n入池率：玩家手牌入池进行游戏的比率（前注不算入池，需要玩家主动进行跟注或加注）；入池次数/总手数\n\n入池胜率：玩家在入池的手牌中获得胜利的比率。\n\n场均战绩：平均每局盈利/亏损的积分。计算方法是总战绩除以总局数。\n\n场均带入：平均每局带入的积分。计算方法是总带入除以总局数。                        ,總手數：玩家在瘋狂撲克內遊戲過的手牌總數量\n\n總局數：玩家在瘋狂撲克內遊戲過的牌局總數量\n\n入池率：玩家手牌入池進行遊戲的比率（前註不算入池，需要玩家主動進行跟註或加註）；入池次數/總手數\n\n入池勝率：玩家在入池的手牌中獲得勝利的比率。\n\n場均戰績：平均每局盈利/虧損的積分。計算方法是總戰績除以總局數。\n\n場均帶入：平均每局帶入的積分。計算方法是總帶入除以總局數。                        ,Total hands: The hands player used to play in ALLIN.\n\nTotal games: The games player used to play in ALLIN.\n\nVPIP: The ratio player ever raises or calls before flop in total hands.\n\nWins: The ratio player wins after raising or calling before flop in total hands.\n\nAvg result: The average result of all games played.\n\nAvg buy-in: The average buy-in of all games played.,"
Total de mãos: As mãos que jogadores usam em ALLIN.\n\nTotal de jogos: todos os jogos que entrou em ALLIN.\n\nVPIP: A proporção de jogos em que o jogador raises ou call antes do flop em todas as suas mãos. \n\nVitórias: Quantidade de partidas que o jogador ganhou após raise ou call antes do flop.\n\nResultado médio: O resultado médio de todos os jogos disputados.\n\nAvg buy-in: O buy-in médio de todos os jogos jogados.",,,,
UIData_ShowProblem_3xqp,入池率（VPIP）：玩家在翻牌前主动向底池中投入记分牌的比率。入池率反应玩家打牌的松紧度哦。\n\n翻前加注（PRF）：翻牌前加注入池的比率。计算方法是翻前加注入池次数/翻前入池次数\n\n翻前再加注（3Bet）：在他人下注，加注之后的再加注比率。计算方法是再加注次数/入池次数\n\n持续下注（CBet）：是指一个玩家在前一轮主动下注或加注后，在当前这一轮再次主动下注。计算方法是持续下注次数/前一轮主动下注或加注次数。\n\n激进率（AF）：该数值越高，说明玩家越激进，更倾向于下注/加注。计算方法是{（下注的次数+加注的次数）/跟注的次数}/50（除以50是为了转换为百分比，该数值封100%，即原始最高值为50）\n\n摊牌率（WTSD）：即摊牌率，是指一个玩家看到翻牌圈并玩到摊牌的百分比。计算方法是摊牌的手数/翻牌的手数。\n\n全下胜率（ALL-wins）：统计玩家全下后的牌局胜率，数值较高则说明该玩家很少咋呼，全下基本都能赢。\n\n入池胜率（Wins）：玩家在入池的手牌中获胜的比率。,入池率（VPIP）：玩家在翻牌前主動向底池中投入記分牌的比率。入池率反應玩家打牌的松緊度哦。\n\n翻前加註（PRF）：翻牌前加註入池的比率。計算方法是翻前加註入池次數/翻前入池次數\n\n翻前再加註（3Bet）：在他人下註，加註之後的再加註比率。計算方法是再加註次數/入池次數\n\n持續下註（CBet）：是指壹個玩家在前壹輪主動下註或加註後，在當前這壹輪再次主動下註。計算方法是持續下註次數/前壹輪主動下註或加註次數。\n\n激進率（AF）：該數值越高，說明玩家越激進，更傾向於下註/加註。計算方法是{（下註的次數+加註的次數）/跟註的次數}/50（除以50是為了轉換為百分比，該數值封100%，即原始最高值為50）\n\n攤牌率（WTSD）：即攤牌率，是指壹個玩家看到翻牌圈並玩到攤牌的百分比。計算方法是攤牌的手數/翻牌的手數。\n\n全下勝率（ALL-wins）：統計玩家全下後的牌局勝率，數值較高則說明該玩家很少咋呼，全下基本都能贏。\n\n入池勝率（Wins）：玩家在入池的手牌中獲勝的比率。,PRF: The ratio player raise before flop of raising or calling before flop.\n\n3Bet: The ratio player raise after others bet or raise of raising or calling before flop.\n\nCBet: The ratio player bets or raises continuous of betting or raising.\n\nAF: Player tends to bet/raise more as the AF goes higher.\nFormula is (bet + raise) / call / 50\n\nWTSD: The ratio player shows hand of flop.\n\nALL-wins: The ratio player wins after all in.,PRF: Quantidade de vezes que o jogador raise or call antes do flop.\n\n3Bet: Quantidade de vezes que o jogador aumenta a posta antes do flop. \n\nCBet: Quantidade de vezes que o jogador aumenta a aposta continuadamente. \n\nAF: O jogador tende a apostar/aumentar mais à medida que o AF aumenta.\nA fórmula é (aposta + aumento) / call / 50\n\nWTSD: A quantidade de vezes que o jogador mostra as mãos no flop.\n\nALL -wins: Quantidade de vezes que o jogador ganha após apostar all-in. ,,,,
UIMatchFilter_4Rj47D,清空,清空,Clear,Limpar,,,,
UIMatchFilter_DPY5kR,类型,類型,Game,Jogo,,,,
UIMineDetail_UsedTime,耗时,耗時,Time consuming,Tempo consumido,,,,
UIMatchFilter_wA4l8G,德州局,德州局,Texas,Texas,,,,
UIMatchFilter_ix4BEy,奥马哈,奧馬哈,Omaha,Omaha,,,,
UIMatchFilter_kotfAX,AOF,AOF,AOF,All-in ou Fold? ,,,,
UIMatchFilter_s16y8S,必下场,必下場,Ante,Ante,,,,
UIMatchFilter_idkiRS,盲注,盲註,Blind,Blind,,,,
UIMatchFilter_mJVUkr,5/10以下,5/10以下, <= 5/10, <= 5/10,,,,
UIMatchFilter_Tf9LOX,10/20-50/100 ,10/20-50/100 ,10/20-50/100 ,10/20-50/100 ,,,,
UIMatchFilter_WSjJc8,100/200以上,100/200以上, >= 100/200, >= 100/200,,,,
UIMatchFilter_5MWvUt,人数,人數,Players,Jogadores,,,,
UIMatchFilter_CjAyY4,2~4人,2~4人,2~4,2 à 4,,,,
UIMatchFilter_rkziBr,5~7人,5~7人,5~7,5 à 7,,,,
UIMatchFilter_mhPoYC,8~9人,8~9人,8~9,8 à 9,,,,
UIMatchFilter_ALmevl,前注,前註,Ante,Ante,,,,
UIMatchFilter_azGWPL,有前注,有前註,On,Ligado,,,,
UIMatchFilter_QkIFiN,无前注,無前註,Off,Desligado,,,,
UIMatchFilter_CfZdLJ,保险,保險,Insurance,Seguro,,,,
UIMatchFilter_XSK0a9,有保险,有保險,On,Ligado,,,,
UIMatchFilter_Gq9SuZ,无保险,無保險,Off,Desligado,,,,
UIMatchFilter_sYVKUo,座位,座位,Seat,Assento,,,,
UIMatchFilter_UO3cne,有座位,有座位,Yes,Sim,,,,
UIMatchFilter_K3qUvn,无座位,無座位,No,Não,,,,
UIMatchFilter_KodenR,确定,確定,Confirm,Confirmar,,,,
UIMatch_itemTime,天^小时^分钟^秒,天^小時^分鐘^秒,Day^Hour^Min^Sec,Dia^Horas^Minutos^Segundos,,,,
UIMatch_itemJiu,局,局,,Jogada,,,,
UIMatch_itemState,等待中^进行中^游戏中,等待中^進行中^遊戲中,Waiting^Ongoing^Playing,Aguardando^Processando^Jogando,,,,
UIMatch_PersonTable,{0}人桌,{0}人桌,{0},{0},,,,
UIMatch_Person,{0}人,{0}人,{0},{0},,,,
UIMine_Paipu_title,牌谱收藏,牌譜收藏,Hands Collections,Coleção de mãos,,,,
UIMine_Paipu_sort,筛选,篩選,Filter,Filtro,,,,
UIMine_Paipu_sortByPl,按积分排序,按積分排序,By Profit,Organizar por ganhos,,,,
UIMine_Paipu_sortByTime,按时间排序,按時間排序,By Time,Organizar por tempo,,,,
UIMine_Paipu_noneData,暂无牌谱,暫無牌譜,No data,Sem dados,,,,
UIMine_Paipu_count,共计{0}手,共計{0}手,Total {0},Total {0},,,,
UIMine_Paipu_handNum,第{0}手,第{0}手,NO.{0},{0} mão,,,,
UIMine_Paipu_shengli,以{0}获得胜利,以{0}獲得勝利,Win with {0},Ganha com {0},,,,
UIMine_Paipu_qi,对手弃牌，{0}获得胜利,對手棄牌，{0}獲得勝利,"Opponent folds, {0} wins","Fold do adversário, {0} ganhou",,,,
UIMine_Paipu_win,赢,贏,win,Vencer,,,,
DataLoading,加载中...,加載中...,Loading...,Carregando...,,,,
NoMoreData,无更多数据,無更多數據,No more data,Não há mais dados,,,,
UIMine_WalletMy,我的钱包,我的錢包,My Wallet,Minha Carteira,,,,
UIMine_WalletAddchipsAlipay,充豆,充豆,Recharge,Recarga,,,,
UIMine_WalletAddchipsList,充豆,充豆,Recharge,Recarga,,,,
UIMine_WalletAddchipsListItems,充值,充值,Recharge,Recarga,,,,
UIMine_WalletAddPlatform,平台充值,平臺充值,Platform Recharge,Recarga através da plataforma,,,,
UIMine_WalletExtra,提豆,提豆,Withdraw,Saque,,,,
UIMine_WalletSettingModify,请修改二级密码,請修改二級密碼,Modify Sec-Pwd,Modificar segunda senha,,,,
UIMine_WalletTranschipsAlipay,提豆,提豆,Withdraw,Saque,,,,
BindingAlipayMoidify,修改支付宝,修改支付寶,Modify Alipay,Modificar Alipay,,,,
BindingAlipay,绑定支付宝,綁定支付寶,Bind Alipay,Vincular Alipay,,,,
BindingCardMoidify,修改银行卡,修改銀行卡,Modify Bank,Modificar cartão,,,,
BindingCard,绑定银行卡,綁定銀行卡,Bind Bank,Vincular cartão,,,,
UIMine_WalletTranschipsCard,提豆,提豆,Withdraw,Saque,,,,
Wallet_AddItem1,公会充值,公會充值,Club Recharge,Recarga de clube,,,,
Wallet_AddItem2,平台充值,平臺充值,Platform Recharge,Recarga através da plataforma,,,,
Wallet_AddItem3,未选中金豆数量或未输入想充值的金额,未選中金豆數量或未輸入想充值的金額,Please enter the amount,Inserir valor,,,,
Wallet_AddItem4,未选中金豆数量或未输入想充值的金额,未選中金豆數量或未輸入想充值的金額,Please enter the amount,Inserir valor,,,,
Wallet_AddItem5,单笔最高充值{0}元,單筆最高充值{0}元,No more than {0},Valor de recarga mais alto que {0},,,,
Wallet_AddItem6,充豆金额最低{0}元,充豆金額最低{0}元,At least {0} yuan,Valor de recarga mais baixo que {0},,,,
Wallet_AddItem7,您充值{0}金豆需支付{1}元,您充值{0}金豆需支付{1}元,Recharge{0}chips cost{1}yuan,Ao recarregar {0} moedas você pagará {1},,,,
Wallet_Flow1,充豆中^充豆成功^充豆失败^被拒绝,充豆中^充豆成功^充豆失敗^被拒绝,Processing^Success^Failed^Refused,Processando^Sucesso^Falha^Negado,,,,
Wallet_Flow2,转豆成功,轉豆成功,Success,Transferência efetuada com sucesso,,,,
PlWallet_Flow,未支付(申请等待)^已支付^支付失败^取消^关闭,未支付(申請等待)^已支付^支付失敗^取消^關閉,Unpaid (application waiting) ^ Paid ^ Payment failed ^ Cancelled ^ Closed,Não pago (inscrição em espera) ^ Pago ^ Falha no pagamento ^ Cancelado ^ Fechado,,,,
Wallet_Flow3,等待中^处理中^成功^失败^被拒绝,等待中^處理中^成功^失敗^被拒绝,Waiting^Processing^Success^Failed^Refused,Aguardando^Processando^Sucesso^Falha^Negado,,,,
Wallet_Flow4,失败^成功,失敗^成功,Failed^Success,Falha^Sucesso,,,,
Wallet_Flow53,充豆记录^提豆记录,充豆記錄^提豆記錄^其他記錄,Recharge^Withdraw^Other,Recarga^Saque^Outros,,,,
Wallet_Flow54,充豆记录^转豆记录^提豆记录,充豆記錄^轉豆記錄^提豆記錄^其他記錄,Recharge^Transfer^Withdraw^Other,Recarga^Transferência^Saque^Outros,,,,
Wallet_Flow6,状态,狀態,Status,Status,,,,
Wallet_Flow7,充豆订单^充豆数量^充豆时间,充豆訂單^充豆數量^充豆時間,Order^Amount^Time,Pedido^Valor^Horas,,,,
Wallet_Flow8,转豆订单^转豆数量^转豆时间,轉豆訂單^轉豆數量^轉豆時間,transfer Order^transfer Amount^transferTime,Ordem de transferência^Valor^Horas,,,,
Wallet_Flow9,提豆订单^提豆数量^提豆时间,提豆訂單^提豆數量^提豆時間,Order^withdrawAmount^Time,Pedido^Valor^Horas,,,,
Wallet_Flow10,收入类型^金豆数量^返豆时间,收入類型^金豆數量^返豆時間,Type^Amount^Time,Tipo^Valor^Horas,,,,
WalletMy11,请先加入公会,請先加入公會,Please join  club first,Por favor se junto a um clube antes,,,,
WalletMy12,1.不可提金豆目前仅包含系统赠送金豆，每产生1金豆战绩流水，则自动转化1不可提金豆为可提金豆，一局一结算；\n2.新增的不可提金豆只能由新的战绩流水进行转化。,1.不可提金豆目前僅包含系統贈送金豆，每產生1金豆戰績流水，則自動轉化1不可提金豆為可提金豆，壹局壹結算；\n2.新增的不可提金豆只能由新的戰績流水進行轉化。,"1.Rewarded chips are not withdrawable originally, after every game, your new performance will make the chips withdrawable, the transform ratio is 1:1\n2.Rewarded chips can only be transformed by new performance after rewarding.","1. As moedas bonificadas pelo sistema não podem ser sacadas. Após utilização de 1 moeda bonificada durante o jogo, ela é convertida e poderá ser sacada; \n 2. Todas as bonificações novas que não estão sujeitas a saque devem ser convertidas pelo mesmo método acima. ",,,,
WalletSettingPW1,您的保密手机（{0}）,您的保密手機（{0}）,Secure Phone（{0}）,Seu celular de segurança ({0}),,,,
WalletSettingPW2,验证码已发送,驗證碼已發送,Sent,Código de verificação enviado,,,,
WalletSettingPW3,请先填全信息,請先填全信息,Please fill in the complete info,Por favor preencha todas as informações,,,,
WalletSettingPW4,密码长度在6~12位,密碼長度在6~12位,Length 6~12,Senha de 6 à12 caracteres,,,,
WalletSettingPW5,两次密码输入不一致,兩次密碼輸入不壹致,Password not matched,As senhas estão divergentes,,,,
WalletSettingPW6,密码必须为6-12位数字或字母，组合也可以,密碼必須為6-12位數字或字母，組合也可以,Password can contain 6-12 nums or letters,A senha deve conter entre 6 - 12 caracteres entre letras e números,,,,
WalletSettingPW7,二级密码设置成功，请牢记您的密码,二級密碼設置成功，請牢記您的密碼,"Success, please note down your password","Senha de segundo nível alterada com sucesso, por favor guarde sua senha.",,,,
WalletAlipay11,您输入的金豆数量有误，请重新输入,您輸入的金豆數量有誤，請重新輸入,Please input the right amount,"O valor de moedas está incorreto, por favor insira novamente",,,,
WalletAlipay12,非法数值,非法數值,Illegal amount,Erro de valor,,,,
WalletAlipay13,验证码已发送,驗證碼已發送,Sent,Enviado,,,,
WalletAlipay14,请填写完整信息,請填寫完整信息,Please fill in the complete info,Por favor preencha todas as informações,,,,
WalletBinding11,立即修改,立即修改,Modify,Modificar,,,,
WalletBinding12,立即绑定,立即綁定,Bind,Vincular,,,,
WalletBinding13,请选填入信息,請選填入信息,Fill in info,Por favor preencha as informações,,,,
WalletBinding14,请输入正确的支付宝账号,請輸入正確的支付寶賬號,Alipay account,Conta Alipay,,,,
WalletBinding15,请输入正确的用户名,請輸入正確的用戶名,Your username,Seu usuário,,,,
WalletBinding16,您并没有修改信息,您並沒有修改信息,You have modified nothing,Você não alterou nenhuma informação,,,,
WalletBinding17,提款账号信息正在审核中,提款賬號信息正在審核中,Withdraw info under reviewing,Informações de saque em análise,,,,
WalletBindingCard21,请选择,請選擇,Select,Selecionar,,,,
WalletBindingCard22,请先选择省份,請先選擇省份,Province select,Estado,,,,
WalletBindingCard23,已是直辖市啦,已是直轄市啦,Municipality already,Cidade,,,,
WalletBindingCard24,"银行卡号输入有误,请重新输入","銀行卡號輸入有誤,請重新輸入","Wrong bank card, check again","Cartão de crédito inválido, por favor verifique as informações",,,,
WalletBindingCard25,"开户行输入有误,请重新输入","開戶行輸入有誤,請重新輸入","Wrong opening bank, check again","Banco inválida, por favor verifique as informações",,,,
WalletBindingCard26,您并没有修改信息,您並沒有修改信息,You have modified nothing,Você não alterou nenhuma informação,,,,
WalletBindingCard27,您提交的修改信息正在审核中,您提交的修改信息正在審核中,New information under reviewing,As informações que você alterou estão sob análise,,,,
WalletCardTT41,您输入的金豆数量有误，请重新输入,您輸入的金豆數量有誤，請重新輸入,"Wrong amount, check again","O valor de moedas está incorreto, por favor insira novamente",,,,
WalletCardTT42,"免手续费金额为{0},手续费金额为{1},能提金额{2}","免手續費金額為{0},手續費金額為{1},能提金額{2}","Free withdraw{0},not free{1},withdrawable{2}","Saque gratuito é {0}, saque pago é {1}, montante disponível {2}",,,,
WalletCardTT43,提豆已发出申请,提豆已發出申請,Withdraw applying,Solicitação de saque,,,,
WalletCardTT44,请填写完整信息,請填寫完整信息,Please fill in the complete info,Por favor preencha todas as informações,,,,
WalletCardTT45,验证码已发送,驗證碼已發送,Sent,Enviado,,,,
WalletTransferTT51,单笔转豆1000~5000000金豆,單筆轉豆1000~5000000金豆,Range 1000~5000000 chips,Valor para transferência de moedas é entre 1.000 a 5.000.000,,,,
WalletTransferTT52,最低转1000豆,最低轉1000豆,At least 1000,Mínimo de 1.000,,,,
WalletTransferTT53,最高转5000000豆,最高轉5000000豆,At most 5000000,Máximo de 5.000.000,,,,
WalletTransferTT54,转豆成功,轉豆成功,Success,Transferência com sucesso,,,,
WalletTransferTT55,请填完信息,請填完信息,Please fill in the complete info,Por favor preencha todas as informações,,,,
SuperView1,<color=#FFFFFF4C>放开加载更多 ...</color>,<color=#FFFFFF4C>放開加載更多 ...</color>,<color=#FFFFFF4C>Release to load more ...</color>,<color=#FFFFFF4C>solte para carregar mais ...</color>,,,,
SuperView2,<color=#FFFFFF4C>加载中 ...</color>,<color=#FFFFFF4C>加載中 ...</color>,<color=#FFFFFF4C>Loading ...</color>,<color=#FFFFFF4C>carregando ...</color>,,,,
SuperView3,<color=#FFFFFF4C>已经是最后一条啦</color>,<color=#FFFFFF4C>已經是最後壹條啦</color>,<color=#FFFFFF4C>That's the last one</color>,<color=#FFFFFF4C>Não há mais informações</color>,,,,
SuperViewNon,暂无比赛,暫無比賽,No matches,Não há jogos,,,,
UICareerRecordNon,暂无战绩~,暫無戰績~,No record yet~,Não há registros,,,,
UIMineModel101,小时局^小时^分钟,小時局^小時^分鐘,Hour^Hour^Min,Jogo de hora^Hora^minutos,,,,
UIMIneModel102,账户余额不足，您当前最多可购买{0}元金豆，如需购买更多数量，请联系客服,賬戶余額不足，您當前最多可購買{0}元金豆，如需購買更多數量，請聯系客服,"Account balance is insufficient, you can buy {0} yuan chips at most, if you want to buy more, please contact service","Saldo insuficiente, você pode adquirir no máximo {0}, caso necessite de mais, entre em contato com o suporte",,,,
UIMIneModel103,金豆数不足,金豆數不足,Not enough chips,Saldo insuficiente,,,,
UIMIneModel1021,账户余额不足，请联系客服,賬戶余額不足，請聯系客服,"Account balance is insufficient,please contact service","Saldo insuficiente, por favor entre em contato com o suporte",,,,
Become101,我的二维码,我的二維碼,My QR code,Meu QR code,,,,
Become102,下载链接:,下載鏈接:,Download:,Download:,,,,
Become103,温馨提示^请先加入公会，才可以成为推广员。^前往^退出,溫馨提示^請先加入公會，才可以成為推廣員。^前往^退出,Prompt^You need to join a club before becoming a promoter^Go^Close,Aviso^Antes de se tornar um promotor você precisa se juntar a um clubeˆProsseguirˆSair,,,,
Become104,图片已保存到相册,圖片已保存到相冊,Image saved to album,Imagem salva no álbum,,,,
Become105,图片保存失败,圖片保存失敗,Failed to save image,Falha ao salvar imagem,,,,
Become106,复制成功,復制成功,Copied,Copiado,,,,
ProManage101,你输入的ID或昵称{0}并无搜索到,妳輸入的ID或昵稱{0}並無搜索到,No result for your ID{0},O ID ou usuário não foi encontrado,,,,
ProManage102,请搜索ID和昵称,請搜索ID和昵稱,Search nick or ID,Procurar por ID ou usuário,,,,
ProManage103,我的业绩^我的返豆,我的業績^我的返豆,My perf^My bonus,Minha performanceˆMeu bônus,,,,
ProManage104,本月返豆/金豆,本月返豆/金豆,Current Month/chips,Mês Atual/Moedas,,,,
UIMine_RecordDetailForNormal,战绩详情,戰績詳情,Result Details,Resultado de performance,,,,
RecordDetail101,盲注级别,盲註級別,Blind,Blind,,,,
RecordDetail102,结束时间:,結束時間:,Ending:,Final do jogo,,,,
RecordDetail103,牌局时长:,牌局時長:,game duration ,Tempo do jogo:,,,,
RecordDetail104,皇家同花顺^同花顺^四条,皇家同花順^同花順^四條,Royal Flush^Straight Flush^Four of a kind,Royal Flush^Straight Flush^Quadra,,,,
UIMine_InsurancesItems,保险明细,保險明細,Insurance,Informações do seguro,,,,
UIMine_RecordDetailForNormal_104,总手数,總手數,Hands,Mãos,,,,
UIMine_RecordDetailForNormal_103,总带入,總帶入,Buy-in,Buy-in,,,,
UIMine_RecordDetailForNormal_102,积分数据,積分數據,Profit,Ganhos,,,,
UIMine_RecordDetailForNormal_101,本桌JackPot获奖明细,本桌JackPot獲獎明細,JackPot Details,Detalhes do Jackpot,,,,
UIMine_RecordDetailForNormal_109,保险:,保險:,Insurance:,Seguro:,,,,
MsgContentNull,暂无消息,暫無消息,No message,Não há mensagens,,,,
UIMine_SettingAboutus,关于我们,關於我們,About us,Sobre nós,,,,
UIMine_Setting,设置,設置,Settings,Configurações,,,,
UIMine_Setting101,用户协议,用戶協議,User Agreement,Contrato de Usuário,,,,
UIMine_SettingDownload,备份下载,備份下載,Backup download,Fazer download do Backup,,,,
UIMine_SettingLanguage,切换语言,切換語言,Language,Idioma,,,,
UIMine_SettingNet,选择线路,選擇線路,Network,Conexão,,,,
UIMine_SettingNotice,用户协议,用戶協議,User Agreement,Contrato de Usuário,,,,
UIMine_Setting102,请输入手机号,請輸入手機號,Your phone num,Inserir número de celular,,,,
UIMine_Setting103,密码不得少于6个字符,密碼不得少於6個字符,Password needs at least 6 chars,Senha não deve ser inferior a 6 caracteres,,,,
UIMine_Setting104,请输入验证码,請輸入驗證碼,Verification code,Inserir código de verificação,,,,
UIMine_Setting105,更改密码成功~,更改密碼成功~,Modified successfully,Senha alterada com sucesso,,,,
UIMine_Setting106,请稍等再发,請稍等再發,"Wait for a moment, please","Aguarde um momento, por favor",,,,
UIMine_Setting107,验证码已发送,驗證碼已發送,Sent,Código de verificação encaminhado,,,,
UIMine_Setting108,提交成功~,提交成功~,Submitted successfully,Sucesso,,,,
UIMine_Setting109,请先输入内容,請先輸入內容,Please input first,Por favor preencha as informações,,,,
UIMine_Setting110,恭喜您，完成首次修改头像和昵称，获得{0}金豆,恭喜您，完成首次修改頭像和昵稱，獲得{0}金豆,"Congratulation, rewarded{0}chips for modified portrait and nick the first time.","Parabéns, você recebeu {0} moedas por ter alterado pela primeira vez seu apelido e foto.",,,,
UIMine_SettingPassword,修改密码,修改密碼,Reset Password,Alterar Senha,,,,
UIMine_SettingVersion,版本号,版本號,Version,Versão,,,,
UIMine_SettingReport,问题反馈,問題反饋,Report,Reportar,,,,
UIMine_BackPack_inputrightphone,请输入正确的手机号码,請輸入正確的手機號碼,Please input phone number correctly,Inserir número de celular corretamente,,,,
UIMine_BackPack_dataerr,数据出错,數據出錯,Data error,Erro de dados,,,,
UIMine_Setting111,"昵称重复了,请重新起一个吧","昵稱重復了,請重新起壹個吧",Duplicate nickname,Apelido duplicado,,,,
UIMine_Setting112,昵称不能为空,昵稱不能為空,Nickname can't be empty,Apelido não pode estar em branco,,,,
UIMine_Setting114,退出登录,退出登錄,Logout,Sair,,,,
UIMine_Setting115,保存二维码,保存二維碼,Save QR code,Salvar QR Code,,,,
UIMine_Setting116,昵称修改成功,昵稱修改成功,Nickname modification successful,Apelido alterado com sucesso,,,,
UIMine_Setting117,性别修改成功,性别修改成功,Gender modification successful,Sexo alterado com sucesso,,,,
UIMine_Setting118,头像修改成功,头像修改成功,Head Portraits modification successful,Foto do perfil alterada com sucesso,,,,
UIData_Script101,黄金VIP^铂金VIP^钻石VIP,黃金VIP^鉑金VIP^鉆石VIP,Gold VIP^Platinum VIP^Diamond VIP,VIP ouro^VIP PlatinaˆVIP Diamante,,,,
UIData_Script102,"钻石^铂金,钻石^所有","鉆石^鉑金,鉆石^所有","Diamond^Platinum,Diamond^All","Diamante^Platinum,DiamanteˆTodos",,,,
UIData_Script103,VIP可查看,VIP可查看,VIP to view,VIPs podem assistir,,,,
UIData_Script104,,到期,Expire,Vencido,,,,
UIData_Script105,到期,數據說明,Data Explain,Explicação de dados,,,,
UIMatch_Script101,温馨提示^首次修改头像及昵称赠送300金豆^前往^取消,溫馨提示^首次修改頭像及昵稱贈送300金豆^前往^取消,Prompt^You will be rewarded 300 chips for setting portrait and nickname the first time^Go^Close,Aviso^Alteração do apelido e foto pela primeira vez ganha bonificação de 300 moedas^Confirmar^Cancelar,,,,
UIMatch_Script102,保险^德州^血战^血进^同时^顺序^赖子^血战,保險^德州^血戰^血進^同時^順序^賴子^血戰,Insurance^Texas^Super^Ultimate^Sync^Sequence^Joker^Unlitmited,SeguroˆTexasˆIlimitadoˆIlimitadoˆSincronizadoˆSequênciaˆJokerˆIlimitado,,,,
UIMatchModel_101,德州^奥马哈^大菠萝^必下场,德州^奧馬哈^大菠蘿^必下場,Texas^Omaha^OFCP^Ante,Texas^Omaha^OFCP^Ante,,,,
UIMatchModel_102,用户协议,用戶協議,User Agreement,Contrato de Usuário,,,,
UILogin_1001,请输入手机号,請輸入手機號,Your phone number,Inserir número de celular,,,,
UILogin_1002,密码不得少于6个字符,密碼不得少於6個字符,Password needs at least 6 chars,Senha não deve ser inferior a 6 caracteres,,,,
UILogin_1003,注册成功,註冊成功,Registered successfully,Registrado com sucesso,,,,
UILogin_1004,请输入手机号,請輸入手機號,Your phone number,Inserir número de celular,,,,
UILogin_1005,请稍等再发,請稍等再發,Please wait a moment,Por favor aguarde,,,,
UILogin_1006,此号码已注册,此號碼已註冊,Already registered,Celular já registrado,,,,
UILogin_1007,验证码已发送,驗證碼已發送,Sent,Código de verificação enviado,,,,
UILogin_1008,请输入验证码,請輸入驗證碼,Verification code,Inserir código de verificação,,,,
UILogin_1009,更改密码成功,更改密碼成功,Modified successfully,Senha alterada com sucesso,,,,
UILogin_1010,此号码未注册,此號碼未註冊,Not registered yet,Número não cadastrado,,,,
UITexasRule_title111,过庄,過莊,Waiting,Aguarde,,,,
UITexasRule_detail1,需要等到自己是大盲位时，才能加入牌局,需要等到自己是大盲位時，才能加入牌局,Player will join the game when at the big blind.,Precisa aguardar até o big blind para entrar na mesa,,,,
UITexasRule_title112,补盲,補盲,Posting,Posting,,,,
UITexasRule_detail2,下一手时，玩家若不是大小盲位，将在扣除大盲数额的金豆后，立即加入牌局回合。小盲位玩家将在扣至大盲数额的金豆后，立即加入牌局回合。大盲位玩家将直接加入牌局回合。,下壹手時，玩家若不是大小盲位，將在扣除大盲數額的金豆後，立即加入牌局回合。小盲位玩家將在扣至大盲數額的金豆後，立即加入牌局回合。大盲位玩家將直接加入牌局回合。,"If not at the big blind or small blind,player will join the game after the amount of big blind chips is deducted.If at the small blind,you will join the game after the extra amount of small blind is deducted.If at the big blind,you will join the game immediately.","Nã próxima jogada se você não for SB/BB, é descontado o valor de BB para entrar no jogo imediatamente, se estiver em posição de SM, é descontado o valor referente a diferença entre SM e BB antes de entrar no jogo, se estiver em posição de BB pode entrar diretamente no jogo",,,,
UITexasRule_title113,最短上桌时间,最短上桌時間,Shortest playing time,Tempo de jogo mínimo,,,,
UITexasRule_detail3,当房主开启最短打牌时间，玩家在牌局内打牌时间必须满足该最短时间，否则系统将实行留盲代打的托管模式。,當房主開啟最短打牌時間，玩家在牌局內打牌時間必須滿足該最短時間，否則系統將實行留盲代打的托管模式。,"When founder sets the shortest playing time,the player's playing time in the game must meet the shortest time;otherwise the system will begin the blind-playing host mode.","Enquanto houver o tempo de jogo mínimo, o jogador deve permanecer na sala, caso contrário o sistema irá entrar em modo automático",,,,
UITexasRule_detail4,1.当全部玩家All in后激活保险,1.當全部玩家All in後激活保險,1.Activate insurance when all players are All in,1. Ative o seguro quando todos os jogadores optarem por All In,,,,
UITexasRule_detail5,"2.由当前牌型最大玩家进行购买,若出现多个底池则由最大底池中领先的玩家购买，且只能购买最大底池","2.由當前牌型最大玩家進行購買,若出現多個底池則由最大底池中領先的玩家購買，且只能購買最大底池","2. Purchase by the player with the largest current card type. If there are multiple pots, the player who leads the largest pot will buy it, and only the largest pot can be purchased","2. Compra pelo jogador que estiver com a maior mão. Caso existam vários pools, o jogador líder do maior pool efetua a compra e somente pode comprar o maior pool. ",,,,
UITexasRule_detail6,"3.当保险涉及的底池中超过3个玩家的时候,保险不激活。（2人或者3人时可以买保险）。",3.當保險涉及的底池中超過3個玩家的時候，保險不激活。（2人或者3人時可以買保險）。,3.Insurance is only sold for all-in situations with 3 players in the pot or less.,"3. Quando o seguro envolve mais de 3 jogadores no pool, o seguro não é ativado. (Você pode comprar seguro para 2 ou 3 pessoas",,,,
UITexasRule_detail7,"4.翻牌三张不可购买保险,转牌投保额不得超过0.25*底池，河牌投保额不得超过0.5*底池","4.翻牌三張不可購買保險,轉牌投保額不得超過0.25*底池,河牌投保額不得超過0.5*底池","4.Three cards on the flop cannot be insured,the insured amount on the turn shall not exceed 0.25*pot,and the insured amount for river cards shall not exceed 0.5*pot","4. O seguro não pode ser adquirido para três cartas no flop, o valor segurado para a carta do turn não deve exceder 0,25 * o pool, e o valor segurado para a carta do river não deve exceder 0,5 * o pool",,,,
UITexasRule_detail8,"5.如果购买了转牌保险,系统会强制玩家购买河牌少量保险,背回转牌的保险投入","5.如果購買了轉牌保險,系統會強制玩家購買河牌少量保險,背迴轉牌的保險投入","5.If the turn card insurance is purchased,the system will force the player to purchase a small amount of insurance for the river card,and the insurance investment of the back turn card","5. Se você adquiriu o seguro da carta da turn, o sistema forçará o jogador a comprar uma pequena quantidade de seguro da carta do river e o investimento em seguro da carta de volta",,,,
UITexasRule_detail9,"5.若转牌购买保险未中,则河牌必须购买所有补牌,且河牌的赔付额必须大于转牌的投保额","5.若轉牌購買保險未中,則河牌必須購買所有補牌,且河牌的賠付額必須大於轉牌的投保額","5.If the turn card purchase insurance is not successful,the river card must purchase all outs,and the payout of the river card must be greater than the insured amount of the turn card","5. Se o seguro de compra da carta do turn não for bem-sucedido, a carta do river deve comprar todas as cartas de substituição, e o pagamento da carta do river deve ser maior do que o valor segurado da carta do turn",,,,
UITexasRule_detail10,"6.若玩家只购买部分补牌,系统为规避玩家被BB的风险,会自动购买剩余补牌,带回玩家的投保额","6.若玩家只購買部分補牌,系統為規避玩家被BB的風險,會自動購買剩餘補牌,帶回玩家的投保額","6. If the player only buys part of the replacement card, the system will automatically purchase the remaining replacement card to avoid the risk of the player being BB, and bring back the player's insurance amount","6. Se o jogador comprar apenas parte da carta de substituição, o sistema irá comprar automaticamente a carta de substituição restante para evitar o risco de o jogador ser BB e trazer de volta o valor segurado do jogador",,,,
UITexasRule_detail11,7.牌内【实时战绩】【上局回顾】和生涯中【牌局详情】中显示保险数据,7.牌內【實時戰績】【上局回顧】和生涯中【牌局詳情】中顯示保險數據,7.[Real-time record] [Review of the previous game] and insurance data displayed in the [Details of the game] in the card,7. No jogo [Registro em tempo real] [Revisão do jogo anterior] e os dados do seguro exibidos em [Detalhes do jogo de cartas] na carreira,,,,
UITexasRule_detail12,"8.德州,奥马哈outs超过30张时,保险不激活","8.德州,奧馬哈outs超過30張時,保險不激","8.Texas,Omaha,when the outs exceed 30,the insurance is not activated","8. Quando os OUTS em Omaha e Texas ultrapassarem 30, o seguro não é ativado",,,,
UITexasRule_detail13,10.若当多人推Allin，出现多底池的情况下，领先玩家只能购买自身参与的最大积分的底池的Outs，无法购买所有底池的Outs。,10.若當多人推Allin，出現多底池的情況下，領先玩家只能購買自身參與的最大積分的底池的Outs，無法購買所有底池的Outs。,"10.At the time all avtive players are all-in,and appear more than one pots,the player with the leading hand could only purchase the outs insurance in the maximum pot that he has participated in.","10. Quando todos os jogadores optarem por all-in, quando diversos pools, o jogador líder só poderá comprar os OUTS do pool com mais pontuação, não podendo adquirir os OUTS de todos os pools.",,,,
UITexasRule_title114,操作,操作,Operations,Operações,,,,
UITexasRule_detail15,1.保本：赔付额=玩家投入,1.保本：賠付額=玩家投入,1.Capital protection: payout = player input,1. Proteção do capital: compensação = investimento do jogador,,,,
UITexasRule_detail16,"2.满池：不管保险中没中, 收益相等","2.滿池：不管保險中沒中, 收益相等","2. Full pool: no matter if the insurance is not in the insurance, the income is equal","2. Pool cheio: não importa se você teve a necessidade de utilizar o seguro, o retorno é igual",,,,
UITexasRule_detail17,3.购买保险消耗的金豆从底池中扣除,3.購買保險消耗的金豆從底池中扣除,3.The chips consumed by purchasing insurance are deducted from the pot,3. As moedas utilizadas para compra do seguro serão deduzidas do pool,,,,
UITexasRule_detail18,"4.若买中,系统根据赔率直接赔付给玩家","4.若買中,系統根據賠率直接賠付給玩家","4.If you buy,the system directly pays the player according to the odds","4. Se você comprar, o sistema paga diretamente ao jogador de acordo com a probabilidade",,,,
UITexasRule_detail30,"5.未买中,系统收走购买保险所耗金额","5.未買中,系統收走購買保險所耗金額","5.If not purchased,the system will collect the amount of insurance purchased","5. Se não houver utilização, o sistema irá debitar o montante do valor do seguro",,,,
UITexasRule_title115,赔率,賠率,Odds,Probabilidade,,,,
UITexasRule_detail,以下为背保险赔率,以下為背保險賠率,Mandatory insurance,Seguro mandatório,,,,
UITexasRule_title116,德州扑克介绍与规则,德州撲克介紹與規則,Texas Introduction and Rules,Introdução e Regras do Texas,,,,
UITexasRule_title117,玩法流程,玩法流程,Gameplay process,Como jogar,,,,
UITexasRule_title118,短牌规则,短牌規則,Short Deck Rules,Regras do Short Deck,,,,
UITexasRule_detail19,1.德州扑克一共四轮下注;\n\n2.翻牌前:每人发2张牌后进行第一轮下注;\n\n3.翻牌:发第3张公共牌后进行第二轮下注;\n\n4.转牌圈:发第4张公共牌后进行第三轮下注;\n\n5.河牌圈:发第5张公共牌后进行第四轮下注;\n\n6.下注结束后所有剩余玩家进行比牌，最大者赢得底池。\n\n牌型对比:皇家同花顺>同花顺>四条>葫芦>同花>顺子>三条>两对>一对>高牌\n牌点从大到小为:A、K、Q、J、10、9、8、7、6、5、4、3、2各花色不分大小,1.德州撲克一共四輪下注;\n\n2.翻牌前:每人發2張牌後進行第一輪下注;\n\n3.翻牌:發第3張公共牌後進行第二輪下注;\n\n4.轉牌圈:發第4張公共牌,"1. There are four rounds of betting in Texas Hold'em; \n\n2. Before the flop: each person will be dealt with 2 cards and then the first round of betting; \n\n3. The flop: after the third community card is dealt, the first round will be played Second round of betting;\n\n4.Turn: the third round of betting after the 4th community card is dealt;\n\n5.River: the fourth round of betting after the 5th community card is dealt ;\n\n6. After the betting is over, all remaining players will compare the cards, and the biggest one wins the pot. \n\nComparison of cards: Royal Flush>Straight Flush>Four-way>Full House>Flush>Straight>Three-way>Two Pairs>One Pair>High Card\nThe cards are from big to small: A, K, Q, J ,10,9,8,7,6,5,4,3,2 each suit regardless of size","1. Existem quatro rodadas de apostas no Texas Hold'em; \n \n 2. Antes do flop: cada pessoa receberá 2 cartas e, em seguida, a primeira rodada de apostas; \n \n 3. O flop: após a terceira carta ser distribuída começa a segunda rodada de apostas; \n \n 4. Turn: a terceira rodada de apostas após a 4ª carta ser distribuída; \n \n 5.River: a quarta rodada de apostas após a 5ª carta ser distribuída; \n \n 6. Após o término das apostas, todos os jogadores restantes compararão as cartas e o maior deles ganhará o pote. \n \n Comparação de cartas: Royal Flush> Straight Flush> Four of a kind> Full House> Flush> Straight> Three of a kind> Two Pair> One Pair> High Card \n As cartas são de grande a pequeno: A, K, Q , J, 10, 9, 8, 7, 6, 5, 4, 3, 2 cada naipe, independentemente do tamanho",,,,
UITexasRule_detail20,"德州扑克,20世纪初开始于美国德克萨斯州,是在欧美有着上百年历史的最流行的公共牌扑克游戏。德州扑克以其易学难精的特点,成为受到各国棋牌爱好者青睐的扑克游戏。","德州撲克,20世紀初開始於美國德克薩斯州,是在歐美有著上百年歷史的最流行的公共牌撲克遊戲。德州撲克以其易學難精的特點,成為受到各國棋牌愛好者青睞的撲克遊戲。","Texas Hold'em, which began in the early 20th century in Texas, is the most popular public poker game in Europe and America with a history of hundreds of years. Texas Hold'em is a poker game favored by chess and card lovers all over the world because of its easy to learn and difficult to learn.","O Texas Hold'em, que começou no Texas, nos Estados Unidos, no início do século 20, é o jogo de pôquer público mais popular na Europa e nos Estados Unidos, com uma história de centenas de anos. Texas Hold'em se tornou um jogo de pôquer preferido por entusiastas de xadrez e cartas de todo o mundo devido às suas características de ser fácil de aprender e difícil de dominar.",,,,
UITexasRule_detail21,"1.奥马哈是德州扑克的变种玩法,基本规则同德州扑克一致,只有少许不同\n\n2.奥马哈给每位玩家发五张或六张手牌,德州扑克发两张;\n\n3.奥马哈必须用五张或六张底牌中的2张，与3张公共牌组成一手最好的牌;\n\n4.奥马哈分为底池限注和不限注奥马哈，我们采用的是底池限注奥马哈;\n\n5.底池限注奥马哈:玩家每次加注时,不能超过1倍底池\n计算公式:加注上限=跟平金额+跟平金额+当前底池,即玩家需先跟平下注金额,然后再下跟平之后的1倍底池.","1.奧馬哈是德州撲克的變種玩法,基本規則同德州撲克一致,只有少許不同\n\n2.奧馬哈給每位玩家發五張或六張手牌,德州撲克發兩張;\n\n3.奧馬哈必須用五張或六張底牌中的2張，與3張公共牌組成一手最好的牌;\n\n4.奧馬哈分為底池限注和不限注奧馬哈，我們採用的是底池限注奧馬哈;\n\n5.底池限注奧馬哈:玩家每次加註時,不能超過1倍底池\n計算公式:加註上限=跟平金額+跟平金額+當前底池,即玩家需先跟平下注金額,然後再下跟平之後的1倍底池.","<size=50>6+ Hold’em</size>\n\n6+ Hold’em is a popular 'short deck' poker format that plays much like Texas Hold’em, but with a few exciting differences:\nAll cards lower than a six are removed from the deck\nEveryone posts an ante and only the button posts a blind - known as the 'button blind'\nA flush beats a full-house and Ace, 6, 7, 8, 9 is classified as a straight\n\nAvailable exclusively at Pokerqueen 6+ Hold’em is your chance to play an action-packed variant loved by high-stakes players around the world.\n\nThe Rules of 6+ Hold’em\n\nAll 6+ Hold’em games use a 36-card deck (with all cards lower than a 6 removed), which is shuffled before every hand is dealt. Games also use a 'button blind' structure: every player posts an ante, and the player seated at the button position is the only one who posts a blind – meaning there is only one blind per hand, rather than traditional small/big blind format.\n\nThe action starts with the player seated to the left of the button. Each hand then plays out according to Texas Hold’em rules, with pre-flop, flop, turn and river betting rounds.  \nIf you’ve played Texas Hold’em games before, the rules of 6+ Hold’em are easy to follow.\n\nBut don’t forget: contrary to regular Texas Hold'em games, in 6+ Hold’em a flush beats a full-house. A five-card hand consisting of Ace, 6, 7, 8, 9 (any suit) is also deemed a straight. All other hand rankings remain the same.\n\nPlease note that in 6+ Hold’em cash games there may be a minimum number of hands that you must play before you can sit out or leave without incurring a time penalty. Time penalties are cumulative and should rarely impact most players. The time penalties are in place to prevent players from attempting seat selection by repeatedly joining and leaving many tables.










","1. O Omaha é uma variante do Texas Hold'em. As regras básicas são as mesmas do Texas Hold'em, com apenas algumas diferenças. \n \n 2. O Omaha dá cinco ou seis cartas para cada jogador, enquanto o Texas Hold'em dá apenas duas; \n \n 3. Omaha deve usar 2 das 5 ou 6 cartas da mão para formar a melhor mão com 3 cartas da mesa; \n \n 4. Omaha é dividido em Omaha com limite de pool e Omaha sem limite, usamos as apostas com limite de pool em Omaha; \n \n 5.Pot Limit Omaha: Cada vez que um jogador aumenta, ele não pode exceder 1 vez o pool \n Fórmula de cálculo: Limite de aumento = valor empatado + valor empatado + pool atual, ou seja, o jogador precisa empatar o valor da aposta primeiro e, em seguida, coloque 1 vezes o pool após o empate.",,,,
UITexasRule_detail22,"AOF规则：翻牌前阶段，只能选择ALLIN or FOLD,\n所有玩家行动后，ALLIN的玩家进行比牌;\n\n手牌展示限制:发牌后,并不立即展示自己手牌,轮到玩家行动时才能看见自己手牌.","AOF規則：翻牌前階段，只能選擇ALLIN or FOLD,\n所有玩家行動後，ALLIN的玩家進行比牌;\n\n手牌展示限制:發牌後,並不立即展示自己手牌,輪到玩家行動時才能看見自己手牌.",,"Regras AOF: No estágio pré-flop, você só pode escolher ALL-in ou FOLD. \ n Após todos os jogadores agirem, os jogadores ALL-in irão comparar as cartas; \n \n Restrição de exibição de mãos: Depois que as cartas são distribuídas, eles não mostram imediatamente suas mãos. Você só pode ver sua mão quando for a vez do jogador agir.",,,,
UITexasRule_detail23,1.必下场一共四轮下注;\n\n2.翻牌前:每人发2张牌后进行第一轮下注;\n\n3.翻牌:发3张公共牌后下第二轮注;\n\n4.转牌圈:发第5张公共牌后下第三轮注;\n\n5.河牌圈:发第5张公共牌后下第四轮注;\n\n6.下注结束后所有剩余玩家进行比牌，最大者赢得底池。\n\n牌型对比:皇家同花顺>同花顺>四条>葫芦>同花>顺子>三条>两对>一对>高牌\n\n牌点从大到小为:A.K.Q.J.1.0.9.8.7.6.5.4.3.2各花色不分大小\n只是在创建房间的时候，前注选择的范围比普通德州局大,1.必下場壹共四輪下註;\n\n2.翻牌前:每人發2張牌後進行第壹輪下註;\n\n3.翻牌:發3張公共牌後下第二輪註;\n\n4.轉牌圈:發第5張公共牌後下第三輪註;\n\n5.河牌圈:發第5張公共牌後下第四輪註;\n\n6.下註結束後所有剩余玩家進行比牌，最大者贏得底池。\n\n牌型對比:皇家同花順>同花順>四條>葫蘆>同花>順子>三條>兩對>壹對>高牌\n\n牌點從大到小為:A.K.Q.J.1.0.9.8.7.6.5.4.3.2各花色不分大小\n只是在創建房間的時候，前註選擇的範圍比普通德州局大,·,"1. Um total de quatro rodadas de apostas deve terminar; \n \n 2. Antes do flop: Cada pessoa receberá 2 cartas e, em seguida, a primeira rodada de apostas; \n \n 3. Rodada de apostas; \n \n 4. Turn: a terceira rodada de apostas após a 5ª carta ser distribuída; \n \n 5.River: a quarta rodada de apostas após a 5ª carta ser distribuída; \n \n 6. Após o término das apostas, todos os jogadores restantes comparam mãos, e o jogador com a maior ganha o pool. \n \n Comparação de tipo de carta: Royal Flush> Straight Flush> Four of a kind> Full House> Flush> Straight> Three of a kind> Dois pares> Um par> Carta alta \n \n Os pontos da carta de grande a pequeno são: A, K, Q, J, 10, 9, 8, 7, 6 , 5, 4, 3, 2, Cada naipe não tem distinção de tamanho \n Somente quando a sala é criada, o intervalo de seleção de pré-nota é maior do que o Texas normal",,,,
UITexasRule_detail24,"1.在原来标准德州/奥马哈的基础上，去掉“2-5”这16张牌，只是使用""6-A""这9*4=36张牌游戏，游戏玩家人数限制在4~6人;\n\n2.在牌局开始时,会给每个玩家发2张“底牌”,桌面上会分三次陆续发出3张、1张、1张（共5张）的公共牌,在经过四轮的“加注”、“跟注”和“弃牌”等押注圈操作后,若牌局存在至少两名玩家仍然没有弃牌的情况下,进入“摊牌”阶段,把自己的2张底牌和5张公共牌力挑选出最大的5张组合,按照牌型大小规则分出胜负,赢家拿下“底池”全部筹码;\n\n3.牌型大小为：皇家同花顺>同花顺>四条>同花>葫芦>三条>顺子>两对>一对>高牌﻿﻿","1.在原來標準德州/奧馬哈的基礎上，去掉“2-5”這16張牌，只是使用""6-A""這9*4=36張牌遊戲，遊戲玩家人數限制在4~6人;\n\n2.在牌局開始時,會給每個玩家發2張“底牌”,桌面上會分三次陸續發出3張、1張、1張（共5張）的公共牌,在經過四輪的“加註”、“跟注”和“棄牌”等押注圈操作後,若牌局存在至少兩名玩家仍然沒有棄牌的情況下,進入“攤牌”階段,把自己的2張底牌和5張公共牌力挑選出最大的5張組合,按照牌型大小規則分出勝負,贏家拿下“底池”全部籌碼;\n\n3.牌型大小為：皇家同花順>同花順>四條>同花>葫蘆>三條>順子>兩對>一對>高牌",,"1. Com base no padrão original do Texas/Omaha, as 16 cartas de ""2-5"" são removidas, e apenas as cartas 9*4=36 de ""6-A"" são usadas, e o número de jogadores é limitado para 4~6 ;\n\n2. No início do jogo, 2 ""cartas fechadas"" serão distribuídas para cada jogador e 3, 1 e 1 (total de 5) cartas comunitárias serão distribuídas três vezes na mesa . Após quatro rodadas de ""raise"", ""call"" e ""fold"" e outras operações de apostas, se houver pelo menos dois jogadores que não desistiram no jogo, entre na fase ""showdown"" e coloque seus 2 Os 5- mais altos A combinação de cartas é selecionada a partir da carta de baixo e das 5 cartas comunitárias, e o vencedor é determinado de acordo com as regras do tamanho das cartas. O vencedor ganha todas as fichas do ""pote"";\n\n3. O tamanho do a carta é: Royal Flush > Straight Flush > Four of a kind > Flush > Full House > Three of a Kind > Straight > Two Pair > One Pair > High Card",,,,
UITexasRule_dezhou,,,,,,,,
UILogin_USER101,阅读并同意<color=#DCBA82>《用户协议》</color>,閱讀並同意<color=#DCBA82>《用戶協議》</color>,·,Li e concordo <color=#DCBA82>《Contrato de Usuário》</color>,,,,
WalletStop101,您的钱包功能已停用，请联系客服,您的錢包功能已停用，請聯系客服,,"Sua carteira foi desabilitada, por favor entre em contato com nosso suporte",,,,
UIMine_RecordItemsNormal,详情,詳情,Details,Detalhes,,,,
UIUserRemarks_A3WNZg2C,备注标记,備註標記,Remark mark,Observação,,,,
UIUserRemarks_cO0SxNkW,备注名,備註名,Remark,Observação,,,,
UIUserRemarks_7S612w03,添加备注名,添加備注名,Remark,observação,,,,
UIUserRemarks_9VVIss7s,标记颜色：,標記顏色：,Tag color：,Cor da Observação,,,,
UIUserRemarks_dhTBnuh5,打法标记,打法標記,Tag,Observação do jogo,,,,
UIUserRemarks_qx1mcSTZ,请输入打法标记,請輸入打法標記,Input Tag here,Inserir observação do jogo,,,,
UITexasSetting_6li2vmg3,个性设置,個性設置,Preference,Preferências,,,,
UITexasSetting_qAONskmY,牌面设置,牌面設置,Cards,Configuração das cartas,,,,
UITexasSetting_HK3O9Fa8,牌面风格,牌面風格,Face style,Estilo das cartas,,,,
UITexasSetting_LrI45uIK,音效设置,音效設置,Sound,Configurações de som,,,,
CardNames,"ICBC,中国工商银行^ABC,中国农业银行^CCB,中国建设银行^CMB,中国招商银行^COMM,中国交通银行^CMBC,中国民生银行^CEB,中国光大银行^GDB,广东发展银行^BOC,中国银行^CIB,兴业银行^SPABANK,平安银行^HXB,华夏银行^SPDB,浦发银行^BJBANK,北京银行^BOHAIB,渤海银行^HKBEA,东亚银行^QDCCB,青岛银行^CITIC,中信银行","ICBC,中國工商銀行^ABC,中國農業銀行^CCB,中國建設銀行^CMB,中國招商銀行^COMM,中國交通銀行^CMBC,中國民生銀行^CEB,中國光大銀行^GDB,廣東發展銀行^BOC,中國銀行^CIB,興業銀行^SPABANK,平安銀行^HXB,華夏銀行^SPDB,浦發銀行^BJBANK,北京銀行^BOHAIB,渤海銀行^HKBEA,東亞銀行^QDCCB,青島銀行^CITIC,中信銀行","ICBC,Industrial and Commercial Bank of China^ABC,Agricultural Bank of China^CCB,China Construction Bank^CMB,China Merchants Bank^COMM,Bank of Communications^CMBC,Minsheng Bank of China^CEB,Everbright Bank of China^GDB,Guangdong Development Bank^BOC,Bank of China^CIB,Industrial Bank^SPABANK,Ping An Bank^HXB,Bank of China^SPDB,Bohai Bank^BJBANK,Bank of Beijing^BOHAIB,Bank of Bohai^HKBEA,Bank of East Asia^QDCCB,Bank of Qingdao^CITIC,CITIC Bank","ICBC,Industrial and Commercial Bank of China^ABC,Agricultural Bank of China^CCB,China Construction Bank^CMB,China Merchants Bank^COMM,Bank of Communications^CMBC,Minsheng Bank of China^CEB,Everbright Bank of China^GDB,Guangdong Development Bank^BOC,Bank of China^CIB,Industrial Bank^SPABANK,Ping An Bank^HXB,Bank of China^SPDB,Bohai Bank^BJBANK,Bank of Beijing^BOHAIB,Bank of Bohai^HKBEA,Bank of East Asia^QDCCB,Bank of Qingdao^CITIC,CITIC Bank",,,,
UIMatch_Sharechips100,温馨提示^恭喜您获得推广赠送金豆资格，是否前往公告栏查看详情？可获得总量：{0}金豆^前往查看^不要金豆,溫馨提示^恭喜您獲得推廣贈送金豆資格，是否前往公告欄查看詳情？可獲得總量：{0}金豆^前往查看^不要金豆,"Prompt^Congratulations, you can promote to earn more chips, go and view the details?Amount：{0}chips^Go^Close",Aviso^Parabéns você pode ganhar moedas por se tornar um promotor. Gostaria de saber mais? Quantidade total disponível: {0} Moedas ^ Vá para visualizar ^ Não precisa das moedas,,,,
UIMine_paipuDetail1,复制链接,復制鏈接,copy Link,Link copiado,,,,
SystemMes_inadffAl,您的账户已冻结，请点击下角联系客服,您的賬戶已凍結，請點擊下角聯系客服,"Your account has been frozen, please click the customer service button","Sua conta foi inativada, por favor entre em contato com nosso suporte",,,,
UIClub_FundRecharge_yioCCJpp,请输入金豆数量,請輸入金豆數量,Please enter the fund amount,Por favor insira o valor de moedas,,,,
UIMine_MsgSystem_viewMore,查看详情,查看詳情,view the details,Detalhes,,,,
UIMine_Wallet_Trans123,修改账号,修改賬號,Modify,Modificar conta,,,,
UIClub_MlistRemarks_GOwJkxU8,玩家昵称：,玩家昵稱：,User nickname：,Apelido do jogador:,,,,
UIClub_MlistRemarks_5bvBFAKa,玩家备注昵称,玩家備註昵稱,User remark,Observações do usuário,,,,
UIClub_MlistRemarks_zfJV5sjp,添加备注名(限制为10字符),添加備注名(限制為10字符),Remark(At most 10 chars),Observação (máximo 10 caracteres),,,,
UIClub_MlistRemarks_HyLVqf1x,请输入打法标记(10个字符以内),請輸入打法標記(10個字符以內),Input Tag here(At most 10 chars),Inserir tag de jogo (máximo 10 caracteres),,,,
UIClub_MlistRemarks_MepBVcgq,标记颜色：,標記顏色：,Tag color：,Inserir tag de cor,,,,
UIClub_MlistRemarks_63Os5RC2,打法标记,打法標記,Tag,Tag de jogo,,,,
MethodTime001,年^月^日^时^分^秒,年^月^日^時^分^秒,Y^M^D^h^m^s,Ano^Mês^Dia^Hora^Minuto^Segundo,,,,
UIClub_RoomCreat_QFahkZsl,血战模式不限注，且可调整带入记分牌为50BB,血戰模式不限註，且可調整帶入記分牌為50BB,"Your raise is unlimited, and buy-in can be 50BB","Aumento ilimitado, pode ajustar o buy-in para 50 BB",,,,
YaoDou_receive,领取,領取,Receive,Resgatar,,,,
UIMine_userInfoSettingPS,注:首次修改头像和昵称免费赠送300金豆，赶快去修改吧。若仅单独修改一项内容不予赠送，必须修改头像和昵称两项内容。,註:首次修改頭像和昵稱免費贈送300金豆，趕快去修改吧。若僅單獨修改壹項內容不予贈送，必須修改頭像和昵稱兩項內容。,Notes: You will be rewarded 300 chips after modifying both nick and portrait the first time.,"Se você modificar seu avatar e apelido pela primeira vez, você receberá 300 moedas gratuitamente, então vá em frente e modifique-os. Se apenas um item de conteúdo for modificado separadamente, ele não será fornecido. Você deve modificar o avatar e o apelido.",,,,
UIMine_backpackListNodata,你的背包暂无物品,妳的背包暫無物品,No items,Não há itens,,,,
UIJackPotInfo_Above,50/100以上,50/100以上,Above50/100,Acima de 50/100,,,,
UIJackPotInfo_blindLevel2,盲注级别1/2,盲註級別1/2,Blind Level1/2,Blind level 1/2,,,,
UIMine_WalletSC001,金豆,金豆,chips,Saldo,,,,
WalletTranschipsCard_1000,战绩流水,戰績流水,Performance,Performance,,,,
WalletTranschipsCard_1001,<color=#FFFFFFFF>温馨提示</color>\n1.当您流水不足提豆数额的一倍流水，不足流水部分将需要支付{0}手续费\n2.通过战绩流水可以获得提豆免手续费的额度，减免比例为1:1\n3.战绩流水为您参与的牌局盈亏绝对值的总和\n4.不可提金豆目前仅包含系统赠送金豆，每产生1金豆战绩流水，则自动转化1不可提金豆为可提金豆，一局一结算\n5.新增的不可提金豆只能由新的战绩流水进行转化,<color=#FFFFFFFF>溫馨提示</color>\n1.當您流水不足提豆數額的壹倍流水，不足流水部分將需要支付{0}手續費\n2.通過戰績流水可以獲得提豆免手續費的額度，減免比例為1:1\n3.戰績流水為您參與的牌局盈虧絕對值的總和\n4.不可提金豆目前僅包含系統贈送金豆，每產生1金豆戰績流水，則自動轉化1不可提金豆為可提金豆，壹局壹結算\n5.新增的不可提金豆只能由新的戰績流水進行轉化,"<color=#FFFFFFFF>Prompt</color>\n1.You have to pay {0} as service fee when withdrawing\n2.Performance can break down the withdraw amount that charge service fee, the ratio is 1:1 \n3.Performance means sum of the abs. of games results you played\n4. Rewarded chips are not withdrawable originally, after every game, your new performance will make the chips withdrawable, the transform ratio is 1:1\n5.Rewarded chips can only be transformed by new performance after rewarding.","<color = # FFFFFFFF> Aviso </color> \n1. Você precisará pagar {0} de taxa de saque. \n2. Você pode obter o procedimento gratuito para retirar moedas por meio do de partidas. O valor da taxa, a taxa de redução é de 1: 1 \n3. A performance é a soma do valor absoluto dos lucros subtraindo as perdas do jogo em que você participou. \n4. As moedas indisponíveis para saque atualmente incluem apenas as do presente do sistema e cada vez que 1 registro de moeda é gerado, então converte automaticamente 1 moeda indisponível em moeda disponível, após a liquidação de uma rodada \n 5. Moedas indisponíveis novas precisam de novo fluxo de jogos para saque",,,,
WalletTranschipsCard_1002,元,元,yuan,Yuan,,,,
WalletServiceCharge_eeydpBno,温馨提示,溫馨提示,Prompt,Aviso,,,,
WalletServiceCharge_GRvZTIYV,您的提豆数量：,您的提豆數量：,Withdraw amount:,Valor de saque,,,,
WalletServiceCharge_qUCWWxr4,您的战绩流水：,您的戰績流水：,Your performance:,Extrato de performance:,,,,
WalletServiceCharge_YzYnYaRH,您的提豆手续费：,您的提豆手續費：,Service fee:,Taxa de saque:,,,,
WalletServiceCharge_0CuQrQWn,*提豆手续费等于（提豆数量-战绩流水）x3%,*提豆手續費等於（提豆數量-戰績流水）x3%,*Service fee =（Withdraw amount - performance）x3%,*Taxa de saque =  (Valor do saque - Performance) x 3%,,,,
UIClub_trans_item1,使用平台支付,使用平臺支付,Payment using the platform,Utilizar a plataforma para pagamento,,,,
UIClub_trans_item2,注：支付通道更改一次周期为7天,註：支付通道更改壹次周期為7天,Note: The payment channel is changed for 7 days.,Nota: Mudança do canal de pagamento por 7 dias,,,,
UIData_Terminol,数据说明,數據說明,Data Explain,Análise de dados,,,,
UIData_Terminola9XjGbUJ,基础数据,基礎數據,Basic Data,Dados básicos,,,,
UIData_TerminolQ6ILftIz,总手数：玩家在ALL IN内游戏过的手牌总数量\n\n总局数：玩家在ALL IN内游戏过的牌局总数量\n\n入池率：玩家手牌入池进行游戏的比率（前注不算入池，需要玩家主动进行跟注或加注）；入池次数/总手数\n\n入池胜率：玩家在入池的手牌中获得胜利的比率。\n\n场均战绩：平均每局盈利/亏损的积分。计算方法是总战绩除以总局数。\n\n场均带入：平均每局带入的积分。计算 方法是总带入除以总局数 ,總手數：玩家在ALL IN內遊戲過的手牌總數量\n\n總局數：玩家在ALL IN內遊戲過的牌局總數量\n\n入池率：玩家手牌入池進行遊戲的比率（前註不算入池，需要玩家主動進行跟註或加註）；入池次數/總手數\n\n入池勝率：玩家在入池的手牌中獲得勝利的比率。\n\n場均戰績：平均每局盈利/虧損的積分。計算方法是總戰績除以總局數。\n\n場均帶入：平均每局帶入的積分。計算 方法是總帶入除以總局數 ,Total hands: The hands player used to play in ALLIN.\n\nTotal games: The games player used to play in ALLIN. \n\nVPIP: The ratio player ever raises or calls before flop in total hands. \n\nWins: The ratio player wins after raising or calling before flop in total hands.\n\nAvg result: The average result of all games played. \n\nAvg buy-in: The average buy-in of all games played.,"Total de mãos: O número total de mãos que o jogador jogou no ALL-in \n \n Número total de rodadas: O número total rodadas que o jogador jogou no ALL-in \n \n Taxa de entrada do pool: As mãos do jogador entraram no pool para a proporção do jogo (as pré-apostas não são contadas para o pool, os jogadores precisam fazer call ou raise); Número de entradas no pool / total de mãos \n \nTaxa de ganho do pool: a taxa em que o jogador ganha no pool. \n \n Performance: pontos médios de lucro / perda por jogo. O método de cálculo é a soma da performance total dividido pelo número total de jogos. \n \n Média buy-in: média buy-in por jogo. O método de cálculo é dividir o valor total de buy-in por número total de jogos",,,,
UIData_TerminolD6qL3kUc,VIP会员高阶数据,VIP會員高階數據,VIP Data,Dados VIP,,,,
UIData_TerminolbazUAGg6,翻前加注（PRF）：翻牌前加注入池的比率。计算方法是翻前加注入池次数/翻前入池次数\n\n翻前再加注（3Bet）：在他人下注，加注之后的再加注比率。计算方法是再加注次数/入池次数\n\n持续下注（CBet）：是指一个玩家在前一轮主动下注或加注后，在当前这一轮再次主动下注。计算方法是持续下注次数/前一轮主动下注或加注次数。\n\n激进率（AF）：该数值越高，说明玩家越激进，更倾向于下注/加注。计算方法是{（下注的次数+加注的次数）/跟注的次数}/50（除以50是为了转换为百分比，该数值封100%，即原始最高值为50）\n\n摊牌率（WTSD）：即摊牌率，是指一个玩家看到翻牌圈并玩到摊牌的百分比。计算方法是摊牌的手数/翻牌的手数。\n\n全下胜率（ALL-wins）：统计玩家全下后的牌局胜率，数值较高则说明该玩家很少咋呼，全下基本都能赢。  ,翻前加註（PRF）：翻牌前加註入池的比率。計算方法是翻前加註入池次數/翻前入池次數\n\n翻前再加註（3Bet）：在他人下註，加註之後的再加註比率。計算方法是再加註次數/入池次數\n\n持續下註（CBet）：是指壹個玩家在前壹輪主動下註或加註後，在當前這壹輪再次主動下註。計算方法是持續下註次數/前壹輪主動下註或加註次數。\n\n激進率（AF）：該數值越高，說明玩家越激進，更傾向於下註/加註。計算方法是{（下註的次數+加註的次數）/跟註的次數}/50（除以50是為了轉換為百分比，該數值封100%，即原始最高值為50）\n\n攤牌率（WTSD）：即攤牌率，是指壹個玩家看到翻牌圈並玩到攤牌的百分比。計算方法是攤牌的手數/翻牌的手數。\n\n全下勝率（ALL-wins）：統計玩家全下後的牌局勝率，數值較高則說明該玩家很少咋呼，全下基本都能贏。  ,PRF: The ratio player raise before flop of raising or calling before flop.\n\n3Bet: The ratio player raise after others bet or raise of raising or calling before flop.\n\nCBet: The ratio player bets or raises continuous of betting or raising.\n\nAF: Player tends to bet/raise more as the AF goes higher. \nFormula is (bet + raise) / call / 50 \n\nWTSD: The ratio player shows hand of flop. \n\nALL-wins: The ratio player wins after all in.,"Raise pré-flop (PRF): A proporção de raise pré-flop no pool. O método de cálculo é o número de raise antes do flop / o número de raise antes do flop \n \n O re-raise antes do flop (3Bet): a proporção do re-raise após outra aposta. O método de cálculo é o número de vezes de re-raise / número de entradas no pool \n \n Apostas contínuas (CBet): refere-se a um jogador que aposta ativamente na rodada atual depois de apostar ou aumentar ativamente na rodada anterior. O método de cálculo é o número de apostas contínuas / o número de apostas ativas ou aumentos na rodada anterior. \n \n Taxa agressiva (AF): quanto mais alto o valor, mais agressivo o jogador é e mais inclinado a apostar / aumentar. O método de cálculo é {(número de apostas + número de aumentos) / número de call} / 50 (dividido por 50 é para converter para uma porcentagem, o valor é 100%, ou seja, o valor máximo original é 50) \n \n Taxa de showdown (WTSD): a taxa de showdown se refere à porcentagem de um jogador que vê o flop e joga até o showdown. O método de cálculo é o número de mãos para o showdown / o número de mãos para o flop. \n \n Todos os ganhos (ALL-wins): contabiliza a taxa de vitórias do jogador após o all-in. Um valor mais alto significa que o jogador raramente blefa e basicamente ganha o all-in.",,,,
UIMine_WalletClubGetMoneyList,提豆,提豆,Withdraw,Saque,,,,
UIMine_WalletClue_001,公会提豆,公會提豆,Club withdrawal,Saque do clube,,,,
UIMine_WalletClue_002,平台提豆,平臺提豆,Platform withdrawal,Saque da plataforma,,,,
UIMine_WalletPlatform_plzAddBankcard,添加银行卡后可提豆,添加銀行卡後可提豆,chips can be withdrawn after adding a bank card, podem ser retirados após adicionar um cartão bancário,,,,
UIMine_WalletPlatform,提豆,提豆,chips,Moedas,,,,
UIMine_WalletPlatform_A01,提豆数量为{0}，提豆金额{1}，实名认证{2}，支付账号{3},提豆數量為{0}，提豆金額{1}，實名認證{2}，支付賬號{3},null,"Moedas {0}, Valor {1}, Autenticação {2}, Conta {3}",,,,
UIMine_WalletPlatform_getway,提现方式,提現方式,Withdrawal method,Método de retirada,,,,
UIMine_WalletPlatform_plzpixcode,输入CPF码/邮箱/手机号/UUID,請填寫pix碼,Enter CPF/Email/Telephone/UUID,Insira o CPF / E-mail / Telefone /Chave aleatória,,,,
UIMine_WalletPlatform_plzpayway,请选择支付方式,請選擇支付方式,Please select mode of payment,Por favor selecione o modo de pagamento,,,,
UIMine_WalletPlatform_plzgold,请输入提现金额,請輸入提現金額,Please enter the withdrawal amount,"Por favor, insira o valor da retirada",,,,
UIMine_WalletPlatform_Yve,钱包余额,錢包餘額,Wallet balance,Saldo da conta,,,,
UIMine_WalletPlatform_FuWu,服务费({0}%)-服务费({0}/笔),服務費({0}%)-服務費({0}/筆),Service Fee ({0}%) - Service Fee ({0}/pen),Tax. de serv.({0}%) - Tax. de serv. ({0}/pen),,,,
UIMine_WalletPlatform_ShouXu,手续费({0}%)-手续费({0}/笔),手續費({0}%)-手續費({0}/筆),Handling Fee ({0}%) - Handling Fee ({0} /pen),Tax. de transação({0}%) - Tax. de transação({0}/pen),,,,
UIMine_WalletPlatform_DaoZhangBank,到账银行卡,到賬銀行卡,Bank card,cartão do banco,,,,
UIMine_WalletPlatform_Btn_ShenQing,申请提豆,申請提豆,Apply bean,Solicitar retirada de moedas,,,,
UIMine_WalletPlatform_TiShi,1.请填写提豆金额及选择到账银行卡;\n2.在【我的钱包】->【记录】可查看充/提记录及订单状态，如有疑问请联系客服;\n3.pix码若输入手机号，请在手机号前输入“+”,1.請填寫提豆金額及選擇到賬銀行卡;\n2.在【我的錢包】->【記錄】可查看充/提記錄及訂單狀態，如有疑問請聯繫客服,"1. Please fill in the amount of bean withdrawal and select the bank card to be credited;\n2. In [My Wallet] -> [Record], you can view the deposit/withdrawal record and order status, if you have any questions, please contact customer service;\n3.If you enter a mobile phone number in the pix code, please enter ""+"" before the mobile phone number","1. Por favor selecione a quantidade de moedas e selecione qual banco para a transferência. \n2. [Minha Carteira]  -> [Record], você pode visualizar o histórico de depósito/saque e status das ordens. Se houver dúvidas, por favor entre em contato com o suporte. \n3.Se você inserir um número de telefone no campo pix, adicione um ""+"" antes do número de telefone.",,,,
UIMine_WalletPlatform_fee_f,服务费,服務費,Service charge,Taxa de serviço,,,,
UIMine_WalletPlatform_fee_s,手续费,手續費,Handling fee,Taxa de transação,,,,
UIMine_WalletTranschipsBindingCard,添加银行卡,添加銀行卡,Add bank card,Adicionar um cartão bancário,,,,
UIMine_Vip_Level,当前等级,當前等級,Purchased,Nível atual,,,,
UIWallet_ClubStop_b01,温馨提示^请联系客服^前往^取消,溫馨提示^請聯系客服^前往^取消,Warm Tip ^ Contact Customer Service ^ Go to ^ Cancel,AvisoˆEntre em contato com o suporteˆContinuarˆCancelar,,,,
UIWallet_AddMoney_v01,"充值金额须为100的整数,请重新输入","充值金額須為100的整數,請重新輸入",The amount of recharge must be an integer of 100. Please re-enter it.,"O valor de recarga precisa ser múltiplo de 100, favor inserir novamente",,,,
UIWallet_ShowNoClub005,此公会暂无联系方式,此公會暫無聯系方式,There is no contact information for this club.,O clube atual não possui informações de contato,,,,
UIMineMain01,客服,客服,Service,Atendimento ao cliente,,,,
UIClub_Recharge_01,是否进行充值操作,是否進行充值操作,Whether to perform recharge operation,Você gostaria de recarregar,,,,
UIWallet_ClubStop_D01,温馨提示^您的钱包被冻结，请联系客服^确定^取消,溫馨提示^您的錢包被凍結，請聯系客服^確定^取消,"Warm Tip ^ Your wallet is frozen, please contact customer service ^ confirm ^ Cancel","Aviso^Sua carteira foi desativada, entre em contato com o suporte^Confirmar^Cancelar",,,,
UILobby_Activity_gotoRoll,前往摇奖,前往搖獎,Roll,Roll,,,,
UILobby_Activity_success,领取成功,領取成功,Successfully received,Recebido com sucesso,,,,
UIMine_PromotersBecome_rTPhmtt,查看我的推广海报,查看我的推廣海報,check my Poster,Verificar meu poster promocional,,,,
UIMine_WalletAdd_mrLAi2IV,"银行卡(100-10000,预计10分钟自动到账)","銀行卡(100-10000,預計10分鐘自動到賬)","Bank Card(100-10000, 10 mins)","Cartão (100-10000, aproximadamente 10 minutos na conta)",,,,
UIMine_WalletAdd_xuKPf1eC,"支付宝(100-1000,预计5分钟自动到账)","支付寶(100-1000,預計5分鐘自動到賬)","Alipay(100-1000, 5 mins)","Alipay(100-1000, aproximadamente 5 minutos na conta)",,,,
UIMine_WalletAdd_show001,"银联快捷(100-1000,预计5分钟自动到账）","銀聯快捷(100-1000,預計5分鐘自動到賬）","UnionPay Express(100-1000, 5 mins)","UnionPay Express(100-1000, aproximadamente 5 minutos na conta)",,,,
UIMine_WalletAdd_show002,"客服代充(100-50000,预计15分钟到账）","客服代充(100-50000,預計15分鐘到賬）","Service(100-50000, 15 mins)","Recarga pela plataforma (100-50000, aproximadamente 15 minutos na conta)",,,,
UIMine_WalletAdd_show003,"微信支付(100-1000,预计5分钟自动到账）","微信支付(100-1000,預計5分鐘自動到賬）","Wechat(100-1000, 5 mins)","Wechat(100-1000, aproximadamente 5 minutos na conta)",,,,
uititleOreder001,订单号,訂單號,Order number,Número de pedido,,,,
MyToday0066,今日新增推广员,今日新增推廣員,New Promoter,Novos promotores,,,,
MyToday0067,今日新增直属玩家,今日新增直屬玩家,New direct players added today,Novos jogadores,,,,
MyToday0068,我的推广总人数(推广员+直属玩家):,我的推廣總人數(推廣員+直屬玩家):,promotionists plus  direct players :,Total (Promotores+jogadores),,,,
MyToday0069,玩家^推广员,玩家^推廣員,Player^Promoter,JogadorˆPromotor,,,,
WalletTranschipsCard_100011,战绩流水:,戰績流水:,Performance:,Extrato de performance:,,,,
WalletTranschipsCard_100012,<color="ffffff">温馨提示</color>\n1.不可提的金豆玩家之间不能互转\n2.转豆需要消耗金豆数量1:1的战绩流水；\n3.战绩流水不足的部分收取0%的转豆手续费\n4.战绩流水可以通过参与牌局获得，获得数量为所参与的不同牌局盈亏的绝对值总和。,<color="ffffff">溫馨提示</color>\n1.不可提的金豆玩家之間不能互轉\n2.轉豆需要消耗金豆數量1:1的戰績流水；\n3.戰績流水不足的部分收取0%的轉豆手續費\n4.戰績流水可以通過參與牌局獲得，獲得數量為所參與的不同牌局盈虧的絕對值總和。,"<color=""ffffff""> Warm Tips </color> \n1. Unmentionable chips players can not exchange \n2. Transfer chips need to consume 1:1 of the number of golden chips running water; \n3. The part with insufficient performance running water charges 0% of the transfer chips handling fee\n4. The number of golden chips running water can be obtained by participating in the board, and the number of different cards will be involved. The absolute sum of profits and losses.\n\n\n\n\n\n\n\n"," <color = ""ffffff""> Aviso </color> \ n1. Moedas bloqueadas não podem ser transferidas entre jogadores \n 2. A transferência de moedas requer um registro de 1: 1 do extrato de performance; \n 3. A parcela que o registro de performance não foi suficiente, é cobrada uma taxa de 0%. \n 4. O fluxo de registro pode ser obtido participando do jogo de cartas, e o valor obtido é a soma absoluta dos lucros e perdas no jogos.",,,,
fsdlfjlsj,，不足1金豆按照1金豆收取；,，不足1金豆按照1金豆收取；,", less than 1 Golden chips according to 1 Golden chips charging; ",", quando o valor for inferior a 1 moeda, a cobrança é feita como uma moeda",,,,
WalletServiceCharge_GRvZTIYV2,您的转豆数量：,您的转豆數量：,Transfer amount:,Quantidade de transferência:,,,,
WalletServiceCharge_YzYnYaRH2,您的转豆手续费：,您的转豆手續費：,Service fee:,Taxa de transferência:,,,,
WalletServiceCharge_0CuQrQWn2,*转豆手续费等于0,*转豆手續費等於0,*Service fee =0,*Taxa de transferência = 0,,,,
wwww4448,（转豆数量-战绩流水）x0.5%,（转豆數量-戰績流水）x0.5%,（Transfer amount - performance）x0.5%,"(Quantidade de transferência - Performance) x 0,5%",,,,
UIClub_RoomCreat_mkLGm5JA,满人自动开局,滿人自動開局,Full automatic start,Começar automaticamente quando a sala estiver cheia,,,,
NickName0001,身份,身份,identity,Identidade,,,,
UIFirstRechargeActivity_RaQUXcSW,前往充值,前往充值,Recharge,Ir para recarga,,,,
UIFirstRechargeActivitySuccess_RaQUXcSW,前往摇奖,前往搖獎,Roll,Spin,,,,
UISystemHongbao_open,点击拆开,點擊拆開,Open,Abrir,,,,
UITexasCom001,观众无法进行投诉,觀眾無法進行投訴,The audience can't complain,Espectador não pode denunciar,,,,
UITexasCom002,投诉,投訴,Complaints,Reclamações,,,,
Complanin001,最多输入50个字符,最多輸入50個字符,Enter up to 50 characters,Máximo de 50 caracteres,,,,
Complanin002,投拆伙牌要两人以上,投拆夥牌要兩人以上,More than two people are required to throw a tear-down card.,[É necessário ao menos duas pessoas para denúncia de time,,,,
Complanin003,您的反馈已收到，谢谢您的反馈,您的反饋已收到，謝謝您的反饋,Your feedback has been received. Thank you for your feedback.,"Recebemos seu feedback, agradecemos sua colaboração",,,,
Complanin004,{0}在昵称为'{1}'中怀疑打伙牌,{0}在昵稱為'{1}'中懷疑打夥牌,{0} suspects playing cards in the nickname'{1}',{0} Suspeito de jogar carta com parceiro ‘{1}’,,,,
Complanin005,伙牌,夥牌,Partners,Parceiros,,,,
Complanin006,使用外挂,使用外掛,Use plug-in,Usar plug-in,,,,
Complanin007,其他,其他,Other,Outros,,,,
Complanin008,投诉反馈,投訴反饋,complaint feedback,Feedback da reclamação,,,,
Complanin009,在使用外挂,在使用外掛,using plug-ins,Usando plug-in,,,,
UIMine_MsgSystemContent,消息,消息,Message,Mensagem,,,,
MsgInfo_1,您创建的{0}公会已经审核通过,您創建的{0}公會已經審核通過,The {0} club you created has been approved.,O clube {0} que você criou foi aprovado,,,,
MsgInfo_2,您创建的{0}公会没有审核通过,您創建的{0}公會沒有審核通過,The {0} club you created has not been approved.,O clube {0} que você criou não foi aprovado,,,,
MsgInfo_3,您的公会人数调整为{0}人,您的公會人數調整為{0}人,Your club number is adjusted to {0} people,A quantidade de membros do clube foi ajustado para {0} membros,,,,
MsgInfo_2000,您的公会占成比例调整为{0},您的公會占成比例調整為{0},Your club's share is adjusted to {0},O ajuste de proporção do clube foi ajustado para {0},,,,
MsgInfo_5,您收到{0}牌局的{1}金豆牌局收益,您收到{0}牌局的{1}金豆牌局收益,You receive the {1} gold bean board revenue of the {0} card,Você recebeu {1} moedas da partida {0},,,,
MsgInfo_2001,您的公会被转移到{0}联盟，请知悉,您的公會被轉移到{0}聯盟，請知悉,"Your club has been transferred to the {0} Alliance, please be aware","Seu clube foi transferido para a aliança {0}, favor memorizar",,,,
MsgInfo_7,您修改交易方式的申请已经审核通过,您修改交易方式的申請已經審核通過,Your application to modify your trading method has been approved,Sua alteração do método de transação foi aprovada,,,,
MsgInfo_8,您修改交易方式的申请审核没有通过,您修改交易方式的申請審核沒有通過,Your application for reviewing the transaction method has not been approved,Sua alteração do método de transação não foi aprovada,,,,
MsgInfo_9,您的交易方式变为{0},您的交易方式變為{0},Your transaction method becomes {0},Seu método de transação é {0},,,,
MsgInfo_10,您的公会被{0}管理员关闭，如有疑问请咨询客服,您的公會被{0}管理員關閉，如有疑問請咨詢客服,"Your club is closed by the {0} administrator. If you have any questions, please contact customer service.","Seu clube foi desativado pelo administrador {0}, em caso de dúvidas entre em contato com o suporte",,,,
MsgInfo_11,您申请加入{0}联盟的申请已经通过审核,您申請加入{0}聯盟的申請已經通過審核,Your application to join the {0} alliance has been approved,Seu pedido de se juntar à aliança {0} foi aprovado,,,,
MsgInfo_12,您申请加入{0}联盟的申请没有通过审核,您申請加入{0}聯盟的申請沒有通過審核,Your application to join the {0} alliance has not been approved,Seu pedido de se juntar à aliança {0} não foi aprovado,,,,
MsgInfo_13,您的公会人数达到上限，不能被加入,您的公會人數達到上限，不能被加入,Your club has reached the maximum number of clubs and cannot be added.,O seu clube atingiu o número máximo de membros.,,,,
MsgInfo_14,您的公会下属玩家无法充值，请联系客服处理,您的公會下屬玩家無法充值，請聯系客服處理,"Your Club subordinate players can not recharge, please contact customer service processing","Um membro do seu clube não pode fazer recarga, entre em contato com o suporte",,,,
MsgInfo_15,您收到{0}金豆的战绩返佣,您收到{0}金豆的戰績返傭,You received the {0} chips record rebate,Você recebeu {0} moedas como bônus de performance,,,,
MsgInfo_2002,您的公会ID已修改为'{0}',您的公會ID已修改為'{0}',Your club ID has been changed to '{0}',O ID do seu clube foi alterado para ‘{0}’,,,,
MsgInfo_21,玩家{0}退出公会,玩家{0}退出公會,Player {0} Quit Club,Membro {0} saiu do clube,,,,
MsgInfo_5000,恭喜您成功创建{0}，稍后联盟客服将会与您联系,恭喜您成功創建{0}，稍後聯盟客服將會與您聯繫,"Congratulations on your successful creation of {0}, alliance customer service will contact you later","Você criou {0} com sucesso, aguarde o suporte dae clubes entrar em contato",,,,
MsgInfo_5001,创建公会{0}失败，{1}，有疑问请联系联盟客服,創建公會{0}失敗，{1}，有疑問清聯繫聯盟客服,"Create guild {0} failed, {1}, if there is any question, contact union customer service","Falha ao criar {0}, {1}, em caso de dúvida entre em contato com o suporte",,,,
MsgInfo_201,您创建的{0}联盟已经审核通过,您創建的{0}聯盟已經審核通過,The {0} alliance you created has been approved.,"Aliança {0} criada com sucesso, aguarde o suporte de clubes entrar em contato",,,,
MsgInfo_202,您创建的{0}联盟没有审核通过,您創建的{0}聯盟沒有審核通過,The {0} alliance you created has not been approved.,"Falha ao criar a aliança {0}, em caso de dúvida entre em contato com o suporte",,,,
MsgInfo_5002,{0}公会加入{1}联盟,{0}公會加入{1}聯盟,{0} club joins {1} league,{0} clube juntou-se à aliança {1},,,,
MsgInfo_204,您的公会已被{0}联盟移除,您的公會已被{0}聯盟移除,Your club has been removed by the {0} Alliance,Seu clube foi retirado pela aliança {0},,,,
MsgInfo_205,您的公会个数被调整为{0}个,您的公會個數被調整為{0}個,The number of your clubs has been adjusted to {0},O número de seus clubes foi ajustado para {0},,,,
MsgInfo_206,{0}公会申请加入{1}联盟,{0}公會申請加入{1}聯盟,{0} Club Apply to Join {1} Alliance,Clube {0} solicitou juntar-se à aliança {1},,,,
MsgInfo_207,您的联盟占成比例调整为{0},您的聯盟占成比例調整為{0},Your alliance is adjusted to {0},A proporção de sua aliança foi ajustada para {0},,,,
MsgInfo_208,{0}公会已经退出{1}联盟,{0}俱樂部已經退出{1}聯盟,"The {0} club has quit {1}, please know",Clube {0} se retirou da aliança {1},,,,
MsgInfo_209,您的联盟被{0}管理员关闭，如有疑问请咨询客服,您的聯盟被{0}管理員關閉，如有疑問請咨詢客服,"Your alliance is closed by the {0} administrator. If you have any questions, please contact customer service.","Sua aliança foi desativada pelo administrador {0}, em caso de dúvida entre em contato com o suporte",,,,
MsgInfo_210,您收到{0}牌局的{1}金豆牌局收益,您收到{0}牌局的{1}金豆牌局收益,You receive the {1} gold bean board revenue of the {0} card,Você recebeu {1} moedas da partida {0},,,,
MsgInfo_211,您的联盟ID已修改为'{0}',您的聯盟ID已修改為'{0}',Your Alliance ID has been changed to '{0}',O ID de sua aliança foi alterado para {0},,,,
MsgInfo_401,您收到{0}公告,您收到{0}公告,You received an {0} announcement,Você recebeu um {0} aviso,,,,
MsgInfo_402,系统将在{0}维护，请知晓,系統將在{0}維護，請知曉,"The system will be maintained at {0}, please know",O sistema estará em manutenção {0},,,,
MsgInfo_4000,您的账号被{0}管理员冻结，如有疑问请咨询客服,您的賬號被{0}管理員凍結，如有疑問請咨詢客服,"Your account has been blocked by the {0} administrator. If you have any questions, please contact customer service.","Sua conta foi inativada pelo administrador {0}, qualquer dúvida entre em contato com o suporte",,,,
MsgInfo_404,{0},{0},{0},{0},,,,
MsgInfo_405,您的反馈已收到，谢谢您的反馈,您的反饋已收到，謝謝您的反饋,Your feedback has been received. Thank you for your feedback.,Recebemos o seu feedback. Obrigado. ,,,,
MsgInfo_4001,您被禁言{0}天，如有疑问请咨询客服 ,您被禁言{0}天，如有疑问请咨询客服 ,"You are banned {0}days, if you have any questions, please contact customer service.","Voce foi banido por {0} dias, qualquer dúvida entre em contato com o suporte",,,,
MsgInfo_4002,恭喜您在{0}排名第{1}，获得{2},恭喜您在{0}排名第{1}，獲得{2},"Congratulations on your {1} rank in {0}, get {2}","Parabéns pela sua classificação {1} em {0}, obtenha {2}",,,,
MsgInfo_4003,恭喜您在{0}排名第{1}，获得{2},恭喜您在{0}排名第{1}，獲得{2},"Congratulations on your {1} rank in {0}, get {2}","Parabéns pela sua classificação {1} em {0}, obtenha {2}",,,,
MsgInfo_4004,恭喜您在{0}排名第{1}，获得{2},恭喜您在{0}排名第{1}，獲得{2},"Congratulations on your {1} rank in {0}, get {2}","Parabéns pela sua classificação {1} em {0}, obtenha {2}",,,,
MsgInfo_4005,您已被禁止带入，如有疑问请联系客服,,"You have been banned to bring in,Please contact customer service If you have any questions.","Você foi proibido de entrar, entre em contato com o atendimento ao cliente se tiver alguma dúvida.",,,,
MsgInfo_4006,您已恢复带入，祝您游戏愉快,,You are back to bring in now. Have fun!,Você está de volta. Divirta-se!,,,,
MsgInfo_4007,您已被禁止提豆，如有疑问请联系客服,,You have been banned to withdraw beans. Please contact customer service If you have any questions.,Você foi proibido de retirar moedas.  Entre em contato com o atendimento ao cliente se você tiver alguma dúvida.,,,,
MsgInfo_4008,您已恢复提豆，祝您游戏愉快,,"You are back to withdraw beans now ,Have fun !","Você pode retirar moedas novamente agora, divirta-se!",,,,
MsgInfo_407,您好，您的反馈内容我们已处理，感谢您一路以来的支持和信任,您好，您的反饋內容我們已處理，感謝您壹路以來的支持和信任,"We have dealt with your feedback, thanks for your support and trust.","Olá, processamos seu feedback, obrigado por seu apoio e confiança",,,,
MsgInfo_408,{0},{0},{0},{0},,,,
MsgInfo_601,您充值的{0}金豆已到账,您充值的{0}金豆已到賬,Your charge of chips {0} has arrived,Sua recarga de {0} moedas já está disponível,,,,
MsgInfo_3000,您申请充值{1}金豆成功,您申请充值{1}金豆成功,Your application to recharge {1} chips is successful,Sua solicitação de recarga de {1} moedas foi bem-sucedida,,,,
MsgInfo_3001,您申请提取{1}金豆成功,您申请提取{1}金豆成功,Your application to withdraw {1} chips is successful,Sua solicitação para retirar {1} moedas foi bem-sucedida,,,,
MsgInfo_604,您给{0}玩家转账{1}金豆已到账,您給{0}玩家轉賬{1}金豆已到賬,You transfer money to {0} players. {1} chips have arrived.,Sua transferência de {1} moedas para o jogador {0} já está disponível,,,,
MsgInfo_605,{0}玩家提豆{1}，请审核,{0}玩家提豆{1}，請審核,"{0} players mention chips {1}, please review","O jogador {0} fez saque de {1}, por favor revise",,,,
MsgInfo_606,您收到{0}玩家转账的{1}金豆,您收到{0}玩家轉賬的{1}金豆,You received {0} chips transferred by {1} players,Você recebeu {1} moedas do jogador {0},,,,
MsgInfo_607,您修改提豆账号信息的申请已经通过,您修改提豆賬號信息的申請已經通過,Your application to modify the bean account information has been approved.,Seu pedido para modificar a conta de saque foi aprovado,,,,
MsgInfo_608,您修改提豆账号信息的申请已经拒绝,您修改提豆賬號信息的申請已經拒絕,Your application to modify the bean account information has been rejected.,Seu pedido para modificar a conta de saque não foi aprovado,,,,
MsgInfo_609,玩家{0}在您基金仓购买{1}金豆，但是您的基金仓金豆不足，请及时充值,玩家{0}在您基金倉購買{1}金豆，但是您的基金倉金豆不足，請及時充值,"Player {0} buys {1} chips in your fund warehouse, but your fund warehouse is insufficient, please recharge in time.","Jogador {0} adquiriu {1} moedas do seu fundo, porém a quantidade de moedas não é suficiente, faça uma recarga",,,,
MsgInfo_610,您的公会基金仓为负，请及时充值,您的公會基金倉為負，請及時充值,Your Club fund position is negative. Please recharge it in time.,"O fundo do seu clube está negativo, faça uma recarga",,,,
MsgInfo_611,您的提豆订单{0}申请提豆{1}金豆没有通过审核，原因如下:{2},您的提豆訂單{0}申請提豆{1}金豆沒有通過審核，原因如下:{2},"Your application order {0} for withdraw {1} chips is not passed, reason:{2}","Seu pedido de saque {0} para {1} moedas não foi aprovado, pelo motivo abaixo: {2}",,,,
MsgInfo_612,您的充豆失败，请联系客服,您的充豆失敗，請聯系客服,"Your filling bean failed, please contact customer service","Houve erro na recarga, favor entrar em contato com o suporte",,,,
MsgInfo_613,您的提豆失败，请联系客服,您的提豆失敗，請聯系客服,"Your mention of chips failed, please contact customer service","Houve erro no depósito, favor entrar em contato com o suporte",,,,
MsgInfo_614,您的账户金豆不足，请及时充值,您的賬戶金豆不足，請及時充值,"Your account is not enough, please recharge in time","Você não possui saldo de moedas suficientes, faça uma recarga",,,,
MsgInfo_615,您已收到系统发放的{0}金豆,您已收到系統發放的{0}金豆,You have received {0} chips from system,Você já recebeu {0} moedas do sistema,,,,
MsgInfo_616,恭喜您被金豆红包雨砸中，收到{0}金豆！,恭喜您被金豆紅包雨砸中，收到{0}金豆！,Congratulation! You have received {0} chips as a gift!,"Parabéns, você recebeu {0} moedas de bonus!",,,,
MsgInfo_617,您收到{0}公会给您发放的{1}不可提金豆,您收到{0}公會給您發放的{1}不可提金豆,You have received {1} non-extractable chips issued by {0} Club to you,Você recebeu {1} moedas não sacáveis do clube {0},,,,
MsgInfo_618,恭喜您，成为幸运玩家，获得{0}金豆,恭喜您，成為幸運玩家，獲得{0}金豆,Congratulations on being a lucky player and getting {0} Golden chips,"Parabéns, jogador sortudo! você ganhou {0} moedas",,,,
MsgInfo_620,您收到房间{0}的利润{1}金豆,您收到房間{0}的利潤{1}金豆,You have recived {1} chips from room {0},Você recebeu {1} moedas da sala {0},,,,
MsgInfo_621,利润转出给贵宾({0}){1}金豆,"利潤轉出給貴賓{0}, {1}金豆",You has transferred {1} chips to vip user {0},Você transferiu {1} moedas para VIP ({0}) ,,,,
MsgInfo_622,您收到房间{0}的贵宾转账{1}金豆,您收到房間{0}的貴賓轉賬{1}金豆,You have recived {1} chips from room {0} (vip),Você recebeu {1} moedas VIP da sala {0},,,,
MsgInfo_623,您在{0}排名{2}获得奖金{1}金豆,您在{0}排名{2}获得奖金{1}金豆,You rank {2} in {0} to get bonus {1} chips,Você ganhou {1} moedas pela sua classificação na {0} em {2},,,,
MsgInfo_624,您在{0}成功猎掉{2}人头，获得{1}金豆,您在{0}成功猎掉{2}人头，获得{1}金豆,You successfully hunt {2} heads from {0} and gain {1} chips,Você ganhou {1} moedas na {0} por caçar {2} jogadores,,,,
MsgInfo_801,恭喜您获得{0}奖品,恭喜您獲得{0}獎品,Congratulations on getting the {0} prize,Parabéns pelo prêmio de {0},,,,
MsgInfo_802,恭喜您参与{1}排名{2}获得{0}奖励,恭喜您參與{1}排名{2}獲得{0}獎勵,Congratulations for participating in {1} ranking {2} and getting {0} rewards,Parabéns pela sua participação no {1} em {2} lugar conquistando {0},,,,
MsgInfo_1000,恭喜您在{0}排名第{1}，获得{2},恭喜您在{0}排名第{1}，獲得{2},"Congratulations on your {1} rank in {0}, get {2}",Parabéns pela sua classificação {1} em {0}. Você ganhou {2},,,,
MsgInfo_1001,您把{0}转让给{1},您把{0}轉讓給{1},You transferred {0} to {1},Você trasnferiu {0} a {1},,,,
MsgInfo_1002,"{1}给您转让{0},请去【我的背包】查收","{1}給您轉讓{0},請去【我的背包】查收","{1}Transfer to you {0}, please go to [My Backpack] to check","{1} transferirá {0} para você, acesse [Minha mochila] para verificar",,,,
MsgInfo_1003,公会管理员给{1}发放{0},公會管理員給{1}發放{0},The guild administrator distributes {1} to {0},Administrador da guilda emitido {0} para {1},,,,
MsgInfo_1004,"{1}公会管理员给您发放{0},请去【我的背包】查收","{1}公會管理員給您發放{0},請去【我的背包】查收","{1}The guild administrator will give you {0}, please go to [My Backpack] to check","{1}O administrador da guilda emitiu {0} para você, acesse [Minha mochila] para verificar",,,,
MsgInfo_1005,"联盟给您的公会发放{0},请去【我的背包】查收","聯盟給您的公會發放{0},請去【我的背包】查收","The alliance will issue {0} to your guild, please go to [My Backpack] to check","A aliança emitiu {0} para sua guilda, acesse [My Backpack] para verificar",,,,
MsgInfo_1006,您使用{0},您使用{0}*{1},You use {0},Você usa {0}*{1},,,,
MsgInfo_1007,您使用{0}成功报名{1},您使用{0}*{1}成功报名{2},You successfully registered with {0}{1},Você registrou {2} com sucesso com {0}*{1},,,,
MsgInfo_10011001,您获得{0}金豆,您獲得{0}金豆,You get {0} Gold Bean,Você ganhou {0} moedas,,,,
Cowboy_MsgInfo_2002,已经停止下注,已經停止下注,Has stopped betting,Apostas encerradas,,,,
MsgInfo_20032003,操作异常，你不在房间内,操作異常，你不在房間內,"Operation abnormal, you are not in the room","Operação incorreta, você não está na sala. ",,,,
MsgInfo_20042004,本局游戏下注超过房间设定单局上限,本局遊戲下注超過房間設定單局上限,The bet in this game exceeds the single game limit set in the room,A aposta neste jogo excede o limite definido para um único jogo na sala,,,,
Cowboy_MsgInfo_3002,下注错误,下注錯誤,Wrong bet,erro de aposta,,,,
UIClub_FundGiveSub_11,可提取金豆,可提取金豆,chips can be extracted,Moedas disponíveis para saque,,,,
UIClub_FundGiveSub_12,不可提取金豆,不可提取金豆,Do not extract golden chips,Moedas indisponíveis para saque,,,,
adaptation20073,交收(联盟发放)##公会 ##金豆,交收(联盟發放)##公会 ##金豆,settlement（Union issued）## club ## Game currency,Transação (Distribuição da aliança) ## clube ## moedas,,,,
adaptation20081,交收(联盟回收)##公会 ##金豆,交收(联盟回收)##公会 ##金豆,settlement（Union recycling）## club ## Game currency,Transação (Reciclagem da aliança) ## clube ## moedas,,,,
adaptation20074,您给##发放了##不可提金豆,您给##發放了##不可提金豆,You have granted ## ## chips (not withdrawable),Você distribuiu ## ## moedas não sacáveis,,,,
adaptation20075,您的## 包含非法字符，请重新输入,您的## 包含非法字符，請重新輸入,"Your ## has illegal characters, please input a new one","Seu ## contém caracteres não permitidos, insira novamente",,,,
UIClub_FundGiveSub_90R3vzTv,温馨提示：\n1.不可提金豆目前仅包含系统赠送金豆，每产生1金豆战绩流水，则自动转化1不可提金豆为可提金豆，一局一结算；2.新增的不可提金豆只能由新的战绩流水进行转化。,溫馨提示：\n1.不可提金豆目前僅包含系統贈送金豆，每產生1金豆戰績流水，則自動轉化1不可提金豆為可提金豆，壹局壹結算；2.新增的不可提金豆只能由新的戰績流水進行轉化。,"Warm Prompt:\n1.chips that given as gift by system are not withdrawable, every 1 performance can transform 1  bean into withdrawable bean after every game; 2.chips can only transform by new performance.","Aviso: \n 1. Atualmente, as moedas presenteadas pelo sistema não podem ser sacadas. Porém elas podem ser convertidas através de partidas, a cada 1 moeda o resultado de performance se torna uma moeda para saque 2. Todas as novas bonificações que não podem ser sacadas também devem passar pelo mesmo processo
",,,,
UIClub_TribeCreat_0HvQpjkd,联盟名称,聯盟名稱,Alliance name,Nome da aliança,,,,
UIClub_InfoIntroduce_44vQpjkd,公会简介,公會簡介,Club profile,Perfil do clube,,,,
UITexasCom009,投诉反馈需要花费{0}金豆,投訴反饋需要花費{0}金豆,Feedback on complaints costs {0} golden chips,Feedback ou reclamações custam {0} moedas,,,,
adaptation20076,您是否确定要给##发放##可提金豆?,您是否確定要給##發放##可提金豆?,"You are granting ## withdrawable chips to ##, confirm?",Você está distribuindo ## moedas para ##. Deseja continuar?,,,,
adaptation20077,您是否确定要给##发放##不可提金豆?,您是否確定要給##發放##不可提金豆?,"You are granting ## not withdrawable chips to ##, confirm?",Você está distribuindo ## moedas para ##. Deseja continuar?,,,,
UIMine_Mission,任务,任務,task,Tarefa,,,,
UIMine_Mission_1,说明,說明,Description,Descrição,,,,
UIMine_Mission_2,待完成^已完成,待完成^已完成,Pending,Em processamento,,,,
UIMine_Mission_3,已完成,已完成,completed,Concluído,,,,
UIMine_Mission_4,首次修改昵称和头像,首次修改昵稱和頭像,Modify nickname and avatar for the first time,Modificar foto e apelido pela primeira vez,,,,
UIMine_Mission_5,iOS保存官网到桌面,iOS保存官網到桌面,iOS save official website to the desktop,iOS salvar página no desktop,,,,
UIMine_Mission_6,任务奖励,任務獎勵,mission rewards,Prêmios de tarefas,,,,
UIMine_Mission_7,前往,前往,Go to,Avançar,,,,
UIMine_Mission_8,修改昵称,修改昵稱,change username,Mudar apelido,,,,
UIMine_Mission_9,修改头像,修改頭像,Modify avatar,Mudar foto,,,,
UIMine_Mission_10,保存官网,保存官網,Save the official website,Salvar site oficial,,,,
UIMine_Mission_11,领取成功,领取成功,Get the success,Recebido com sucesso,,,,
error2500,系统原因暂时无法领取，请联系客服.,系統原因暫時無法領取，請聯系客服.,"Cannot receive now, please try again later or contact the service.","Não foi possível receber devido a um erro de sistema, entre em contato com o suporte",,,,
adaptation20078,恭喜##获得##金豆,恭喜##獲得##金豆,Congratulations to ## on winning ## golden chips,Parabéns ##. Você ganhou ## moedas,,,,
UITexasMarqueeGame_Title,当前奖池,當前獎池,Jackpot,Jackpot atual,,,,
UITexasMarqueeGame_Content,1.开启条件：不定时随机开启\n2.参与条件：活动仅限在线且在牌局内的用户可参与\n                     参与活动的牌桌人数需≥4\n3.获奖说明：系统将随机抽取当桌一名玩家为获奖玩家\n4.奖励说明：获奖玩家的奖励会发放至玩家钱包中\n注：该活动以增强游戏乐趣，提高游戏体验为目的，只要运气好，清空奖池随便搞。,1.開啟條件：不定時隨機開啟\n2.參與條件：活動僅限在線且在牌局內的用戶可參與\n                     參與活動的牌桌人數需≥4\n3.獲獎說明：系統將隨機抽取當桌一名玩家為獲獎玩家\n4.獎勵說明：獲獎玩家的獎勵會發放至玩家錢包中\n注：該活動以增強遊戲樂趣，提高遊戲體驗為目的，只要運氣好，清空獎池隨便搞。,1. Open condition: Randomly open from time to time \n2. Participation conditions: The activity is limited to online and the users in the game can participate in the \n The number of tables participating in the activity needs to be ≥4\n3. Winning instructions: The system will randomly select the table One player is the winner. \n4. Reward: The reward of the winning player will be distributed to the player's wallet. ,1. Condições de abertura: Abertura aleatória \n 2. Condições de participação: O evento é limitado a usuários que estão online e no jogo \n O número de jogadores que participam do evento deve ser ≥4 \n 3. Descrição do prêmio: O sistema selecionará aleatoriamente a mesa e um vencedor \n 4. Descrição da recompensa: as recompensas dos jogadores vencedores serão distribuídas na carteira do jogador. \n Observação: o objetivo desta atividade é aumentar a diversão e melhorar a experiência de jogo. Boa sorte,,,,
UITexasMarqueeGame_Tips,当前奖励金额会根据奖池实时多少级中奖人数进行随机抽取，最高中奖者可达5W元不止哦。,當前獎勵金額會根據獎池實時多少級中獎人數進行隨機抽取，最高中獎者可達5W元不止哦。,The current prize amount will be randomly selected according to the number of winners in the lottery pool. The top winner can reach more than RMB 5W.,"O valor da recompensa atual será selecionado aleatoriamente com base no número de jogadores no pool naquele momento, e o maior vencedor pode levar mais que 50 mil.",,,,
UITexasMarqueeGame_LevelTip0,一等奖,一等獎,First prize,Primeiro lugar,,,,
UITexasMarqueeGame_LevelTip1,二等奖,二等獎,second prize,Segundo Lugar,,,,
UITexasMarqueeGame_LevelTip2,三等奖,三等獎,Third prize,Terceiro Lugar,,,,
UITexasMarqueeGame_LevelTip3,四等奖,四等獎,Fourth prize,Quarto Lugar,,,,
UITexasMarqueeGame_LevelTip4,五等奖,五等獎,Fifth prize,Quinto Lugar,,,,
UITexasMarqueeGame_LevelTip5,六等奖,六等獎,Sixth prize,Sexto Lugar,,,,
UITexasMarqueeGame_LevelTip6,七等奖,七等獎,Seventh prize,Sétimo Lugar,,,,
UITexasMarqueeGame_LevelCoinTip0,最高可达5000元,最高可達5000元,"Up to 5,000 yuan",Máximo de 5.000,,,,
UITexasMarqueeGame_LevelCoinTip1,最高可达3000元,最高可達3000元,"Up to 3,000 yuan",Máximo de 3.000,,,,
UITexasMarqueeGame_LevelCoinTip2,最高可达2000元,最高可達2000元,"Up to 2,000 yuan",Máximo de 2.000,,,,
UITexasMarqueeGame_LevelCoinTip3,最高可达1000元,最高可達1000元,Up to 1000 yuan,Máximo de 1.000,,,,
UITexasMarqueeGame_LevelCoinTip4,最高可达500元,最高可達500元,Up to 500 yuan,Máximo de 500,,,,
UITexasMarqueeGame_LevelCoinTip5,最高可达250元,最高可達250元,Up to 250 yuan,Máximo de 250,,,,
UITexasMarqueeGame_LevelCoinTip6,最高可达100元,最高可達100元,Up to 100 yuan,Máximo de 100,,,,
adaptation20079,您好，你所在地区异常，无法登陆，请点击左下角联系客服,您好，妳所在地區異常，無法登陸，請點擊左下角聯系客服,"Hello, your area is abnormal and cannot be logged in. Please click the lower left corner to contact customer service","Olá, não é possível realizar o login na area que você se encontra, clique no canto esquerdo inferior e entre em contato com o suporte",,,,
otherLog_001,分享赚金豆^系统赠送^JP击中,分享賺金豆^系統贈送^JP擊中,Promotion^Compliment^Jackpot,Compartilhar moedasˆBônus do sistemaˆJackpot,,,,
otherLog_002,失败^已到账,失敗^已到賬,fail^success,Falha^Sucesso,,,,
UIBeanModify001,温馨提示^您好，您当前绑定的银行卡由于银行政策问题，暂不支持提豆功能，请您重新绑定非'{0}'的新卡。^前往修改,溫馨提示^您好，您當前綁定的銀行卡由於銀行政策問題，暫不支持提豆功能，請您重新綁定非'{0}'的新卡。^前往修改,"Warm Tip ^ Hello, because of bank policy problems, your current binding bank card does not support the function of picking up chips, please rebind the new card of non'{0}'. ^ Modification","Nota^Olá, o cartão que você está utilizando não possui a função de saque devido a regulamentações do banco. Para adicionar novo cartão,  ‘{0}’. ^Avançar para modificar",,,,
UIMine_Mission_12,完成任务奖励的金豆为不可提金豆,完成任務獎勵的金豆為不可提金豆,chips reward for task cannot withdraw.,Moedas de bônus de tarefa são moedas não sacáveis,,,,
UICollectPageAlert_go,前往,前往,Go,Avançar,,,,
UICollectPageAlert_title,金豆小任务,金豆小任務,Small Mission,Missão de moedas,,,,
UICollectPageAlert_content,任务详情：点击下方前往按钮，进入对应任务界面，通过右下角“保存官网到桌面”，保存我们的下载地址，方便随时安装与更新。保存后前往“我的 - 任务”更有专属1000金豆奖励,任務詳情：點擊下方前往按鈕，進入對應任務界面，通過右下角“保存官網到桌面”，保存我們的下載地址，方便隨時安裝與更新。保存後前往“我的 - 任務”更有專屬1000金豆獎勵,"Detail:Click the button below, then save our website through the ‘Save’ button at the bottom. This is in case of you forget our website. 1000 chips will be rewarded in ‘Task’ after saving.","Detalhes da tarefa: Clique no botão Ir abaixo para entrar na interface de tarefa correspondente e salve nosso endereço de download em ""Salvar site oficial na área de trabalho"" no canto inferior direito para fácil instalação e atualização a qualquer momento. Depois de salvar, vá para “Minha tarefa"" para obter recompensas exclusivas de 1000 moedas",,,,
UICollectPageAlert_tips,（保存后此弹窗不再显示）,（保存後此彈窗不再顯示）,This popover is no longer displayed after saving,"Após salvo, o pop-up não irá mais aparecer",,,,
CollectPage_title,保存官网,保存官網,Save official website,Salvar site oficial,,,,
UITexasMarqueeGame_ex,玩法介绍,玩法介紹,Rules,Regras do jogo,,,,
UITexasMarqueeGame_re,奖励记录,獎勵記錄,Records,Registro de recompensa,,,,
UIMine_WalletClue_003,快速提豆(推荐),快速提豆(推薦),Rapid (recommended),Saque rápido (recomendado),,,,
UITexasSetting_QuickActionTitle,自定义快捷加注,自定義快捷加註,Custom quick raise,Raise automático,,,,
UIClub_RoomCreat_planSetting,自动开房设置,自動開房設置,Automatic room setting,Abrir sala automaticamente,,,,
UIClub_RoomCreat_planTips,空位剩余<color=#D92929FF>{0}人</color>后自动开桌,空位剩餘<color=#D92929FF>{0}人</color>後自動開桌,Empty space remaining <color=#D92929FF>{0} people</color> automatically open the table,Assentos vazios <color=#D92929FF> {0} pessoas</color> abrir mesa automaticamente,,,,
UIClub_RoomCreat_StartTime,计划开始时间,計劃開始時間,Planned start time,Horário planejado de início,,,,
UIClub_RoomCreat_EndTime,计划结束时间,計劃結束時間,Planned end time,Horário planejado de término,,,,
UIClub_PlanRomList_StartTime,开始时间：,開始時間：,Start time:,Horário de início:,,,,
UIClub_PlanRomList_EndTime,结束时间：,結束時間：,End time:,Horário de término:,,,,
UIClub_PlanRomList_Runing,启动中,啟動中,Started,Iniciado,,,,
UIClub_PlanRomList_Paused,暂停中,暫停中,Paused,Pausado,,,,
UIClub_PlanRomList_Creator,创建者：,創建者：,Creator:,Criador:,,,,
UIClub_PlanRomList_Run,启动,啟動,Run,Iniciar,,,,
UIClub_PlanRomList_Pause,暂停,暫停,Pause,Pausar,,,,
UIClub_PlanRoomList,开房计划列表,開房計劃列表,Room Plan List,Lista de salas,,,,
UIClub_PlanRomList_Open,现在开局,現在開局,start now ,Novo,,,,
error2600,自动开房计划，满人自动开桌必须设置,自動開房計劃，滿人自動開桌必須設置,Automatic begin desk must be set,Inicio automatico da sala deve ser configurado,,,,
error2601,开始结束时间设置错误,開始結束時間設置錯誤,Start end time setting error,Erro ao configurar horário de termino,,,,
error2602,自动开房计划数量超出限制,自動開房計劃數量超出限制,The number of automatic opening plans exceeds the limit,O número de aberturas de salas automáticas excede o limite,,,,
error2010,房间名称不能以ZD开头,房間名稱不能以ZD開頭,Room name cannot start with ZD,O nome da sala não pode começar com Z D,,,,
error2603,只能操作自己的开房计划,只能操作自己的開房計劃,only can  operate your own open house plan,Somente pode configurar seu próprio planejamento de salas,,,,
UIClub_PlanRomList_End,结束,結束,End,Fim,,,,
UIClub_PlanRomList_EndConfirm,确定要删除当前开房计划,確定要刪除當前開房計劃,Make sure to delete the current open plan,Confirmar exclusão do plano de abertura de salas,,,,
UIClub_RoomCreat_autoDismissTitle,空桌自动解散,空桌自動解散,Auto dismiss Enpty Desk,Finalizar mesa vazia automaticamente,,,,
UIClub_RoomCreat_autoDismissTips,满<color=#D92929FF>{0}</color>桌后停止开桌,滿<color=#D92929FF>{0}</color>桌後停止開桌,Stop Open Desk After <color=#D92929FF>{0}</color> Desks,Parar a abertura de mesas depois <color=#D92929FF>{0}</color> ,,,,
UIClub_RoomCreat_autoDismissAlert,请输入大于0桌的停止自动开桌数,請輸入大於0桌的停止自動開桌數,Please enter desk number that greater than 0 for automatically stop.,"Por favor, Insira o número da mesa maior que 0 para parar automaticamente.",,,,
UITexas_Rebuy,重购,重購,Rebuy,Recomprar,,,,
MTT-Game has redistribute for audience,比賽已合桌，自動分配至其它房間觀看比賽,比賽已合桌，自動分配至其它房間觀看比賽,Game had been redistribution,O jogo fopi redistribuido,,,,
Up blind notice,下一手将涨盲至,下一手將漲盲至,Next Hand Blind:,Proxima jogada do Blind,,,,
MTT-Game will redistribute,正在拆桌，请稍后,正在拆桌，請稍後,Please wait for redistribution,"Redistribuindo mesa, por favor aguarde",,,,
MTT-Game audience exit,比赛已合桌，无法继续观看,比賽已合桌，無法繼續觀看,"Your desk is redistributed, now exiting","Sua mesa foi redistribuida, saindo agora",,,,
MTT-Start Time,开赛时间：,開賽時間：,Start：,Início,,,,
MTT-Applying,报名中,報名中,Applying,Inscrevendo,,,,
MTT-Processing,进行中,進行中,Processing,Processando,,,,
MTT-Apply,报名,報名,Apply,Inscrição,,,,
mtt_btn_waiting_start,等待开赛,等待開賽,Waiting for Start,Aguardando o início,,,,
mtt_btn_delay,延时报名,延時報名,Delay Sign Up,Estendido prazo para inscrição,,,,
mtt_btn_ongoing,回到比赛,回到比賽,Back to game,Voltar para o jogo,,,,
mtt_btn_enter,立即进入,立即進入,Enter Now,Entrar agora,,,,
mtt_btn_sign_up_deadline,报名截止,報名截止,Sign-up Deadline,Prazo de inscrição,,,,
mtt_btn_waiting_approval,等待审核,等待審核,Waiting for Approval,Aguardando aprovação,,,,
mtt_btn_Stopbuying,停止买入,停止買入,Stop Buying,Parar a compra,,,,
UIMTT_Ranking_QRCode,扫码下载游戏,掃碼下載遊戲,Download,Download ,,,,
UIMTT_Ranking_Content,这是你当前名次，排名会根据比赛人数增加而变化，最终成绩请您赛后查看比赛战绩,這是妳當前名次，排名會根據比賽人數增加而變化，最終成績請您賽後查看比賽戰績,This is your current ranking. The ranking will change according to the increase of the number of participants. Please check the final score after the race,"Esta é a sua classificação atual. A classificação mudará de acordo com o aumento do número de jogadores na competição. Para o resultado final, consultea classificaçao após a partida.",,,,
UIMTT_Ranking_Reward,奖励金豆 {0},獎勵金豆 {0},Gold {0},moedas ,,,,
UIMTT_Ranking_YourRank,您的排名,您的排名,Your ranking,Sua classificação,,,,
UIMTT_Ranking_YourReward,您的奖励,您的獎勵,Your reward,Seu prêmio,,,,
UIMTT_Ranking_TiaoZheng,调整好状态，再来一局吧,調整好狀態，再來一局吧,"Adjust the state, let's have another round","Ajuste seu status, vamos jogar outra partida",,,,
UIMTT_Ranking_GongXi,恭喜您获得奖励,恭喜您獲得獎勵,Congratulations on your reward,Parabéns pelo prêmio,,,,
UIMTT_Ranking_GongXiTips,比赛结束后，请到[我的背包]查看奖励,比賽結束後，請到[我的背包]查看獎勵,"After the competition, please go to [My Backpack] to check the rewards",Depois do jogo ir para [historico] verificar o prêmio,,,,
UIMine_RecordDetailForMatchPariticipants,参赛人数,參賽人數,Player,Jogador,,,,
UIMine_RecordDetailForMatchTotalBonus,总奖池,總獎池,Total Bonus,Total pool,,,,
UIMine_RecordDetailForMatchMyBonus,我的奖励,我的獎勵,My Bonus,Meu prêmio,,,,
UITexasReport_Text_TitleBar,实时战况,實時戰況,Live,Ao vivo,,,,
UITexasReport_Text_MatchZmsysjTip,涨盲剩余时间,漲盲剩余時間,Blind time remaining,Tempo para aumentar do blind,,,,
UITexasReport_Text_MatchTotalBonusTip,总奖池,總獎池,Total prize pool,Total do pool,,,,
UITexasReport_Text_MatchAverageScoreboardTip,最大记分牌,最大記分牌,Maximum scoreboard,Placar maximo,,,,
UITexasReport_Text_MatchParticipantsTip,玩家人数,玩家人數,Number of players,Número de jogadores,,,,
UITexasReport_Text_MatchOnTableBuy,在桌/买入,在桌/買入,Left/Buy in,Rebuy,,,,
UITexasReport_Text_MatchCurrBlindTip,当前盲注,當前盲註,Current blind,Blind atual,,,,
UITexasReport_Text_MatchNextBlindTip,下一盲注,下壹盲註,Next blind,Próximo blind,,,,
UITexasReport_Text_MatchNextBlindTimeTip,下一注时长,下壹註時長,Minute,Tempo ,,,,
UITexasReport_Text_DeskNumTip,桌号,桌號,Table number,Número da mesa,,,,
UITexasReport_Text_DeskPlayerCountTip,人数,人數,Number of people,Número de pessoas,,,,
UITexasReport_Text_DeskScoreTip,记分牌,記分牌,Scoreboard,Pontuação,,,,
UITexasReport_Text_RewardTotalBonusTip,总奖池：,總獎池：,Total prize pool:,Total pool:,,,,
UITexasReport_Text_RewardRewardTip,奖励圈：,獎勵圈：,Reward circle:,Círculo de recompensas:,,,,
UITexasReport_Text_RewardNextRewardTip,下一个奖励圈：,下壹個獎勵圈：,en:next reward circle,Proximo ciclo de recompensas:,,,,
UITexasReport_Text_BlindLevelTip,级别,級別,level,Nivel,,,,
UITexasReport_Text_BlindBlindTip,盲注,盲註,Blinds,Blind,,,,
UITexasReport_Text_BlindAnteTip,前注,前註,Ante,Ante,,,,
UITexasReport_Text_BlindBlindTimeTip,盲注时间,盲注時間,Minute,Minutos ,,,,
UITexasReport_Text_ListBarRanking,实时排名,實時排名,Real-time ranking,Ranking ao vivo,,,,
UITexasReport_Text_ListBarNum,桌号,桌號,Table number,Número da mesa,,,,
UIReward_Bounty,赏金,,Bounty,Recompensa,,,,
UITexasReport_Text_ListBarReward,赏金,獵頭/獎勵,Bounty,Recompensa,,,,
UITexasReport_Text_ListBarScore,记分牌,記分牌,Scoreboard,Pontuação,,,,
UITexasReport_Text_MyInfoRewardTip,猎人奖励:,獵人獎勵:,en:the hunter reward,,,,,
UITexasReport_Text_HunterTitle,猎人奖励,獵人獎勵,,,,,,
UITexasReport_Text_MyInfoScoreTip,记分牌:,記分牌:,scoreboard,,,,,
UITexasReport_Label_AllBarSK,赛况,賽況,Match,Partida,,,,
UITexasReport_Label_AllBarPZ,牌桌,牌桌,Card table,Mesa,,,,
UITexasReport_Label_AllBarJL,记分牌,記分牌,Score board,Pontuação,,,,
UITexasReport_Label_AllBarMZ,盲注,盲註,en:blind,,,,,
UITexasReport_Text_MatchZmsysj,{0}分钟,{0}分鐘,{0}minutes,{0} minutos,,,,
UITexasReport_Text_MatchTotalBonus,{0}金豆,{0}金豆,{0}chips,{0} moedas,,,,
UITexasReport_Text_MatchNextBlindTime,{0}分钟,{0}分鐘,{0}min,{0} minutos,,,,
UITexasReport_Text_RewardReward,前{0}名,前{0}名,Previous {0},Colocação {0},,,,
MTT_Rebuy_Alert,你没有记分牌了，是否花费{0}购买{1}记分牌重新进入比赛？\n（剩余购买次数：{2}次）,你沒有記分牌了，是否花費{0}購買{1}記分牌重新進入比賽？ \n（剩餘購買次數：{2}次）,Would you like to pay {0} to rebuy {1} score?\n(Rebuy Times:{2}),Você gostaria de pagar para {0} recomprar {0} pontuaçao? \n (Numero de recompra: {2}),,,,
MTT-Rebuy rebuy server error,服务器异常...,服務器異常...,Server Error...,Erro no servidor,,,,
MTT-Rebuy rebuy no more allow,已过重购级别或进入奖励圈，重购取消,已過重購級別或進入獎勵圈，重購取消,"No more rebuy allow, rebuy canceled","Nao ha permissao para rebuy, rebuy cancelado",,,,
MTT-Rebuy rebuy rejected,重购申请被拒绝...,重購申請被拒絕...,Rebuy rejected,Rebuy rejeitado,,,,
MTT-Rebuy rebuy is distributing,在进行拆分桌，请稍后重购...,在進行拆分桌，請稍後重購...,"Distributing,can't rebuy...","Redistribuindo mesa, aguarde para recompra",,,,
roomError236_1,失败,失敗,Failure,Falha,,,,
roomError236_2,金豆不足,金豆不足,chips Insufficiency,Moedas insuficientes,,,,
roomError236_4,本手牌已无延时机会,本手牌已無延時機會,The hand has no overtime chance,Não pode mais estender o tempo dessa jogada,,,,
MTT_Official,官方锦标赛,官方錦標賽,Official MTT,MTT oficial,,,,
UIMatchMTTDetailList,状态^玩家^奖励^牌桌^盲注,狀態^玩家^獎勵^牌桌^盲注,Status^Player^Reward^Desk^Blind,Status^Jogador^Prêmios^Mesa^Blind,,,,
Maximum,最大,最大,MAX,Máximo,,,,
Average,平均,平均,AVG,Média,,,,
The_smallest,最小,最小,MIN,Mínimo,,,,
MTT_Rebuy,重购,重購,Rebuy,Rebuy,,,,
MTT_State_RebuyTime,重购次数,重購次數,Re-entry,Entrar novamente,,,,
MTT_State_Starting_Scoreboard,起始记分牌:,起始記分牌:,Starting Scoreboard:,Pontuação inicial:,,,,
MTT_State_Registered,已报名,已報名,<size=30>Registered</size>,Inscrito,,,,
MTT_State_ShangXian,买入上限,買入上限,Buy limit,Limite de compra,,,,
MTT_State_ApplyFee,报名费,報名費,Registration fee,Taxa de inscrição,,,,
MTT_State_RebuyLevel,重购级别,重購級別,Rebuy Level,Level de rebuy,,,,
MTT_State_RebuyDetail,{0}级别内可重购,{0}級別內可重購,Rebuy within {0} level,Rebuy {0} do nível,,,,
MTT_State_CannotRebuy,不可重购,不可重購,Can't Rebuy,Não pode rebuy,,,,
MTT_State_UpBlindTime,涨盲时间,漲盲時間,Blind Interval ,Intervalo do blind,,,,
MTT_State_DelayApply,延迟报名,延遲報名,Delayed Apply,Estender inscrição,,,,
MTT_State_DelayDetail,{0}（{1}级截止买入，增购{2}～{3}级）,{0}（{1}級截止買入，增購{2}～{3}級）,"{0} (stop Buy-in Lv.{1},Add-on Lv.{2}-{3})","{0} (parar o Buy-in Nv.{1},Add-on Nv.{2}-{3})",,,,
MTT_State_CannotDelay,不可延迟报名,不可延遲報名,Cannot delay Apply,Não pode estender a inscrição,,,,
MTT_State_ApplyCount,<color=#DCDCDC>报名人数：</color>,<color=#DCDCDC>報名人數：</color>,<color=#DCDCDC>Apply count:</color>,<color=#DCDCDC> Inscritos：</color>,,,,
MTT_State_DeskPlayerCount,单桌人数：{0},單桌人數：{0},Desk Player:{0},Jogadores na mesa: {0},,,,
MTT_State_NotStart,未开始,未開始,has not started,Não iniciou,,,,
MTT_State_ApplyNumBottom,{0}人已报名,{0}人已報名,{0} people have applied,{0} pessoas já se inscreveram,,,,
MTT_State_RewardCircle,奖励圈,獎勵圈,Reward circle,Círculo de recompensas,,,,
MTT_State_Reward,奖励,獎勵,Reward,Recompensa,,,,
MTT_State_NextRewardCircle,下一名奖励：,下一名獎勵：,Next Reward：,Próximo prêmio:,,,,
MTT_State_TopRank,前{0}名,前{0}名,Top {0},Top {0},,,,
MTT_State_RankNum,第{0}名 {1},第{0}名 {1},NO.{0} {1},NO.{0} {1},,,,
MTT_State_UseTime,比赛已用时,比賽已用時,Game used Time,Tempo do jogo,,,,
MTT_Player_Participants,参赛人次,參賽人次,Participants,Participantes,,,,
MTT_Blind_Num,{0}个盲注级别,{0}個盲注級別,{0} blind level,{0} blind level,,,,
MTT_Desk_Num,共{0}个牌桌,共{0}個牌桌,Total {0} desks,Total de {0} mesas,,,,
MTT_WaitForStart,比赛即将开始，祝你好运,比賽即將開始，祝你好運,"The game is about to start, good luck","O jogo está prestes a iniciar, boa sorte",,,,
UIMine_RecordDetailForMatch,战绩详情,戰績詳情,Result Details,Resultados Detalhados ,,,,
MTT_Start_Remind,锦标赛“{0}”即将开始，是否进入比赛？,錦標賽“{0}”即將開始，是否進入比賽？,MTT Game "{0}" is about to start.Enter the game?,"MTT “{0}” está prestes a começar, gostaria de participar?",,,,
MTT_Begin_Remind,锦标赛“{0}”进行中，是否进入比赛？,錦標賽“{0}”进行中，是否進入比賽？,MTT Game "{0}" is about to begin.Enter the game?,"MTT “{0}” em andamento, gostaria de participar?",,,,
MTT_Apply_Result_1,你的报名券不足,你的報名券不足,You have insufficient registration tickets,Você não tem tickets suficientes,,,,
MTT_Apply_Result_2,你的金豆不足,你的金豆不足,You are short of chips,Você não tem moedas suficientes,,,,
MTT_Apply_Result_3,报名被拒绝多次,報名被拒絕多次,Registration was rejected multiple times,Inscrição rejeitada múltiplas vezes,,,,
MTT_Apply_Result_4,报名已经截止,報名已經截止,Registration is closed,Inscrições encerradas,,,,
MTT_Apply_Result_5,报名人数已满，无法报名,報名人數已滿，無法報名,Cannot register due to full registration,"Capacidade de inscrição atingida, não pode se inscrever",,,,
MTT_Apply_Result_6,报名已经截止,報名已經截止,Registration is closed,Inscrição encerrada,,,,
MTT_Apply_Result_9,已报名，等待管理员审核。,已報名，等待管理員審核。,"Registered, waiting for administrator review.","Já inscrito, aguardando aprovação.",,,,
MTT_Apply_Result_10,赛事已取消，请参加其他赛事吧！,賽事已取消，請參加其他賽事吧！,The event has been cancelled. Please join another event!,"O evento foi cancelado, por favor junte-se a outro!",,,,
MTT_Apply_Result_11,报名失败,報名失敗,Registration failed,Falha de inscrição,,,,
MTT_Apply_Result_12,有GPS相近的玩家,有GPS相近的玩家,Players with similar GPS,Jogadores com GPS similar,,,,
MTT_Apply_Result_13,有IP地址相同的玩家,有IP地址相同的玩家,Players with the same IP address,Jogadores com IP idênticos,,,,
MTT_Apply_Result_14,社区在该同盟积分不足，已拒报名请求,社區在該同盟積分不足，已拒絕報名請求,The points of this Crops which used in alliance are not enough，buy in request was rejected automaticly.,"Os pontos dessa partida nao foram suficientes, sua solicitaçao de buy-in foi rejeitada automaticamente.",,,,
MTT_Apply_Result_15,免费赛报名次数已达上限 2/2,免费赛报名次数已达上限 2/2,The number of freeroll registrations has reached the upper limit 2/2,Numero de inscriçoes gratuitas ]já atingiu o limite 2/2,,,,
MTT_Apply_Result_16,背包有未使用日赛门票，不可报30分钟赛,背包有未使用日赛门票，不可报30分钟赛,"Backpacks have unused tickets for the day race, and cannot be registered for the 30-minute race",O carrinho possui ingressos não utilizados para a partida e não pode ser registrar para a partida de 30 minutos,,,,
MTT_Apply_Success,报名成功，请准时参赛,報名成功，請準時參賽,"Registration is successful, please participate on time","Inscrição realizada com sucesso, fique ligado no horário da partida",,,,
MTT_Rebuy_Outside_Result_1,服务器异常,服務器異常,Server error,Erro no servidor,,,,
MTT_Rebuy_Outside_Result_2,前一个重购申请中,前一個重購申請中,Previous repurchase application,Recompra do último pedido em processamento,,,,
MTT_Rebuy_Outside_Result_3,你的金豆不足,你的金豆不足,insufficient chips,Saldo insuficiente,,,,
MTT_Rebuy_Outside_Result_4,你的金豆不足,你的金豆不足,insufficient chips,Saldo insuficiente,,,,
MTT_Rebuy_Outside_Result_5,正在审核,正在審核,Under review,Em análise,,,,
MTT_Rebuy_Outside_Result_6,你的报名券不足,你的報名券不足,You have insufficient registration tickets,Tickets de inscrição insuficientes,,,,
MTT_Rebuy_Outside_Result_7,重购已关闭,重購已關閉,Repurchase is closed,Recompra desativada,,,,
MTT_Rebuy_Outside_Result_8,管理员拒绝你的重购申请,管理員拒絕你的重購申請,Administrator rejected your repurchase request,Administrador recusou seu pedido de recompra,,,,
MTT_Rebuy_Outside_Result_9,社区在该同盟积分不足，已拒绝重购请求,社區在該同盟積分不足，已拒絕重購請求,The community has insufficient points in the league and has rejected a repurchase request,"O clube não possui pontuação suficiente na aliança, a inscrição foi rejeitada",,,,
MTT_RoomInfo_Type,德州(MTT),德州(MTT),Texas(MTT),Texas (MTT),,,,
MTT_RoomInfo_Type_Hunter,猎人赛,獵人賽,Hunter,Caçador,,,,
MTT_RoomInfo_UpBlindTimeLeft,升盲时间:,升盲時間:,UpBlind Time:,Horário do UpBlind:,,,,
UIMatchModel_103,德州^德州-必下场^德州-AOF^奥马哈^奥马哈-必下场^奥马哈-AOF^大菠萝^必下场,德州^德州-必下场^德州-AOF^奥马哈^奥马哈-必下场^奥马哈-AOF^大菠萝^必下场,Texas^Texas-Ante^Texas-AOF^Omaha^Omaha-Ante^Omaha-AOF^OFCP^Ante,Texas^Texas-Ante^Texas-AOF^Omaha^Omaha-Ante^Omaha-AOF^OFCP^Ante,,,,
Tips_RefushUIMatch,有新牌局，刷新看看,有新牌局，刷新看看,Refresh to see new hands,Atualize para ver novos jogos ,,,,
Tips_UIMatch_NewRoomNum,成功获取\n{0}个新牌局,成功獲取\n{0}個新牌局,Get \n {0} new hands,Obteve \n {0} novos jogos ,,,,
Tips_Recharge_LimitContent,最少充值100,最少充值100,Minimum recharge 100,Recarga mínima 100,,,,
Tips_Recharge_Limit,金豆数额最低{0}，最高{1},金豆数额最低{0}，最高{1},"Minimum {0}, maximum {1}","Mínimo {0}, máximo {1} ",,,,
Tips_Recharge_Recharge,确定提交充值{0}金豆的订单？,确定提交充值{0}金豆的订单？,Are you sure to submit a recharge {0} game currency order?,Tem certeza que quer enviar um pedido de recarga de {0}?,,,,
Tips_UIClub_FundGive_OrderConfirm,同意用户{0}(ID:{1})发放{2}金豆的申请?,同意用戶{0}(ID:{1})發放{2}金豆的申請?,Agree with user {0}(ID:{1}) for issuing {2} Game currency？,Concorda com o usuario  {0}(ID:{1}) emitir {2} moedas？,,,,
Tips_Withdraw_Limit,金豆数额最低{0}，最高{1},金豆数额最低{0}，最高{1},"Minimum {0}, maximum {1}","Mínimo {0}, máximo {1} ",,,,
Tips_Withdraw_Confirm,确定提交提现{0}金豆的订单？,确定提交提现{0}金豆的订单？,Are you sure to submit a withdrawal {0} game currency order?,Tem certeza que quer sacar {0} moedas?,,,,
Tips_UIClub_FundTake_OrderConfirm,同意用户{0}(ID:{1})提取{2}金豆的申请?,同意用戶{0}(ID:{1})提取{2}金豆的申請?,Agree with user {0}(ID:{1}) for extract {2} Game currency？,Concorda que o usuário {0}(ID:{1}) envie o pedido de saque para {2} moedas?,,,,
MsgInfo_2003,[充豆申请] {0} 正在申请充值 {1} 金豆,[充豆申請] {0} 正在申請充值 {1} 金豆,[Recharge application] The player {0} is applying for recharge {1} chips,[Pedido de recarga] {0} O jogador está solicitando a recarga de {1} moedas,,,,
MsgInfo_2004,[提豆申请] {0} 正在申请提现 {1} 金豆 ,[提豆申請] {0} 正在申請提現 {1} 金豆,[Withdraw application] The player {0} is applying for withdraw {1} chips,[Pedido de saque] {0} O jogador está solicitando o saque de {1} moedas,,,,
MsgInfo_1007,[赛事申请] {0} 申请报名 {2}  {1},[赛事申请] {0} 申请报名 {2}  {1},[Match application] {0} Application for Registration {2}  {1},[Pedido de torneio] {0} Solicitar inscrição {2} {1},,,,
MsgInfo_3003,申请报名 {2} {1} 成功，请按时参加比赛,申请报名 {1} {2} 成功，请按时参加比赛,"Application for registration {2} {1} is successful, please participate in the competition on time","Solicitação de inscrição efetuada {2} {1} com sucesso, participe no horário informado",,,,
MsgInfo_3004,从{0}获得贵宾普通桌服务费分成{2},从{0}获得贵宾普通桌服务费分成{2},Get VIP regular table service fee share {2} from {0},Obtenha parcela de taxa de serviço de mesa regular VIP {2} de {0},,,,
MsgInfo_3005,从{0}获得贵宾牌局保险分成{2},从{0}获得贵宾牌局保险分成{2},Get VIP gaming insurance share {2} from {0},Obtenha parte do seguro de jogo VIP {2} de {0},,,,
MsgInfo_3006,从{0}获得贵宾牌局道具分成{2},从{0}获得贵宾牌局道具分成{2},Get VIP card game props from {0} and share {2},Obtenha adereços de jogos de cartas VIP de {0} e compartilhe {2},,,,
MsgInfo_3007,从{0}获得MTT返水{2},从{0}获得MTT返水{2},Get MTT rebate {2} from {0},Receba desconto de MTT {2} de {0},,,,
MsgInfo_3008,从{0}获得普通桌返水{2},从{0}获得普通桌返水{2},Get regular table rebate {2} from {0},Receba desconto de mesa regular {2} de {0},,,,
MsgInfo_3011,从{0}获得贵宾比赛服务费分成{2},从{0}获得贵宾比赛服务费分成{2},Get VIP match service fee share {2} from {0},Receba parcela de taxa de serviço de correspondência VIP {2} de {0},,,,
MsgInfo_3012,从{0}获得贵宾比赛道具分成{2},从{0}获得贵宾比赛道具分成{2},Get VIP game props from {0} and share {2},Obtenha ferramentas de jogos VIP de {0} e compartilhe {2},,,,
adaptation20080,您同意了##提取##金豆,您同意了##提取##金豆,You have agreed ## withdraw ## chips,Você concordou em ## sacar ## moedas,,,,
adaptation20082,您同意了##充值##金豆,您同意了##充值##金豆,You have agreed ## recharge ## chips,Você concordou em ## depositar ## moedas,,,,
Tips_UIClub_FundRecharge_InputError,输入数额错误,输入数额错误,Input amount Error,Inserir erro,,,,
Tips_UIClub_FundRecharge_WithdrawConfirm,申请提现{0}金豆?,申请提现{0}金豆?,Withdraw {0} game currency?,Solicitar saque de {0} moedas?,,,,
Tips_UIClub_FundRecharge_RechargeConfirm,申请充值{0}金豆?,申请充值{0}金豆?,Recharge {0} game currency?,Solicitar depósito de {0} moedas?,,,,
Tips_UIMine_UserInfoSettingNick_ChangedName,是否使用{0}金豆修改昵称？,是否使用{0}金豆修改暱稱？,Whether to use {0} game currency to modify nicknames ？,Gostaria de alterar o apelido por {0} moedas?,,,,
MsgInfo_625,您报名比赛{0}使用{1}金豆,您報名比賽{0}使用{1}金豆,You sign up for the contest {0} use {1} chips,Sua taxa de inscrição {0} é de {1} moedas,,,,
adaptation10334,拒绝,拒絕,refuse,Recusado,,,,
MsgInfo_2005,充值申请被拒绝，如有疑问请联系公会客服,充值申請被拒絕，如有疑問請聯係公會客服,"The application for recharge has been rejected. If in doubt, please contact the customer service of the union","Seu pedido de recarga foi recusado, em caso de dúvidas entre em contato com o suporte",,,,
MsgInfo_2006,提现申请被拒绝，如有疑问请联系公会客服,提現申請被拒絕，如有疑問請聯係公會客服,"If the withdrawal application is rejected, please contact the customer service of the union if you have any questions","Seu pedido de saque foi recusado, em caso de dúvida entre em contato com o suporte",,,,
adaptation20083,您拒绝了##充值##金豆,您拒絕了##充值##金豆,You have refuse ## recharge ## chips,Você recusou ## recarregar ## moedas,,,,
adaptation20084,您拒绝了##提取##金豆,您拒絕了##提取##金豆,You have refuse ## withdraw ## chips,Você recusou ## sacar ## moedas,,,,
adaptation20085,同意,同意,agreed,Aceito,,,,
adaptation20086,审核,審核,check,Verificar,,,,
adaptation20087,最小保留记分牌数,最小保留記分牌數,Minimum number of retained scoreboards,Mínimo de registro de pontuação,,,,
adaptation20088,延迟看牌,延遲看牌,Delay the brand,Numero minimo de placares retidos,,,,
adaptation20089,底池,底池,Pot,Pool,,,,
adaptation20090,等待下一手,等待下一手,Waiting for next,Aguardando,,,,
adaptation20091,等待,等待,Wait,Aguardando,,,,
adaptation20092,充值,充值,recharge,Recarga,,,,
adaptation20093,金豆余额不足，请先充值,金豆餘額不足，請先充值,"The balance of chips is insufficient, please recharge first","Saldo insuficiente, por favor recarregar antes.",,,,
adaptation20094,余额不足,餘額不足,sufficient banance ,Saldo insuficiente,,,,
UIData_YGvXd5iXr_001,总战绩,縂戰績,Overall record,Performance total,,,,
UIData_YGvXd5iXr_002,（德州+奥马哈+AOF）,（德州+奧馬哈+AOF）, (Texas + Omaha +AOF),(Texas + Omaha +AOF),,,,
UIData_YGvXd5iXr_003,局数,局數,number of games,Partidas,,,,
UIData_YGvXd5iXr_004,盈亏,盈虧,profit and loss,Resultados,,,,
UIData_YGvXd5iXr_005,总场次,縂場次,The total number,Total de partidas,,,,
UIData_YGvXd5iXr_006,冠军数,冠軍數,Title number,Primeiro Lugar,,,,
UIData_YGvXd5iXr_007,亚军数,亞軍數,Second number,Segundo Lugar,,,,
UIData_YGvXd5iXr_008,季军数,季軍數,Third number,Terceiro Lugar,,,,
UIData_YGvXd5iXr_009,牌谱,牌譜,Brand spectrum,Mãos,,,,
UIData_YGvXd5iXr_010,收益,收益,earnings,Ganhos,,,,
UIData_YGvXd5iXr_011,德州牛仔,德州牛仔,Texas cowboy,Texas cowboy,,,,
UICareerRecordDetailForNiuZai,牌局详情,牌局詳情,Match details,Detalhes do jogo,,,,
UICareerRecordDetailForMTT001,阶梯奖金比赛,階梯獎金比賽,Ladder prize competition,Premiação conforme colocação,,,,
UICareerRecordDetailForMTT002,实物赛,實物賽,Physical game,Jogo Prêmio real,,,,
UICareerRecordDetailForMTT003,猎人赛,獵人賽,The hunter",Jogo Caçador,,,,
UICareerRecordDetailForMTT004,卫星赛,衛星賽,For juniors,Jogo Satélite,,,,
UICareerRecordDetailForMTT005,正赛,正賽,main draw,Jogo Principal,,,,
UICareerRecordDetailForMTT006,免费赛,免費賽,Free",Jogo Gratuito,,,,
UICareerRecordLoadingTipStatus,<color=#DCDCDC>没有更多了~</color>,<color=#DCDCDC>沒有更多了~</color>,<color=#DCDCDC>No More~</color>,<color=#DCDCDC>Somente essas opções~</color>,,,,
UIInsurance_zhuchi,主池:,主池:,Main pot:,Pool principal:,,,,
UIInsurance_GiveUp,放弃,放棄,give up,Desistir,,,,
UIInsurance_ge,个,個,piece,Peça,,,,
UIInsurance_tips001,已购买{0}张Outs，保费{1}，预计赔付{2},已購買{0}張Outs，保費{1}，預計賠付{2},"{0} outs have been purchased, the premium is {1}, and the payment is expected to be paid{2}","Compradas {0} Outs, Franquia {1}, Estimativa de pagamento {1}",,,,
UIInsurance_tips002,未买中保险，结算时将扣除保费,未買中保險，結算時將扣除保費,"If the insurance is not purchased, the premium will be deducted at the time of settlement","Se não foi adquirido o seguro, o valor da franquia será deduzido no pagamento",,,,
UIInsurance_tips003,中保险，赔付记分牌：{0},買中保險，賠付記分牌：{0},"Buy insurance, pay for scoreboard: {0}","Adquirir seguro, pagar de acordo com pontuação: {0}",,,,
UIInsurance_words,含敏感词不可保存,含敏感詞不可保存,Cannot save sensitive words,Não pode salvar palavras sensíveis,,,,
UITexasDanMuAndExpression_Item0,扑克就像性爱，体位决定一切。,"To cure a bluff, just a bigger bluff.","To cure a bluff, just a bigger bluff.",Não há ninguém que não seja campeão sem baralhar.,,,,
UITexasDanMuAndExpression_Item1,我有勇气，我没有的是运气。,The fun of this game is to leave behind and arrive in front.,The fun of this game is to leave behind and arrive in front.,"Quanto maior o número de outs, maior a queda.",,,,
UITexasDanMuAndExpression_Item2,保持冷静，全力以赴,,"Dealer, open the River please to see if I folded well.","Coragem eu tenho, o que não tenho é sorte.",,,,
UITexasDanMuAndExpression_Item3,伙计，这是虚张声势吗?,,"Ok, Man, is this a Bluff?","Cara, será que é blefe??",,,,
UITexasDanMuAndExpression_Item4,在扑克游戏中没有不可能!,,"You said you are aggressive, but... You fold!",Me conte mais sobre aquela jogada perfeita que você perdeu.,,,,
UITexasDanMuAndExpression_Item5,赌上我今天想赌的一切!,"All in, today, I want to be rich.","All in, today, I want to be rich.","Cara, para de dar check o tempo todo!!",,,,
UITexasDanMuAndExpression_danmu,弹幕,彈幕,bullet message ,Bate-Papo,,,,
UITexasDanMuAndExpression_mofabiaoqing,魔法表情,魔法表情,Magic emoji,Emoji mágico,,,,
UITexasDanMuAndExpression_freebiaoqing,免费表情,免費表情,Free emoji,Emoji gratuito,,,,
UITexasDanMuAndExpression_danmurecord,弹幕记录,彈幕記錄,Record,Recorde,,,,
UITexasDanMuAndExpression_putong,普通,普通,Common,Comum,,,,
UITexasDanMuAndExpression_kuwan,酷玩,酷玩,Coldplay,Jogo frio,,,,
UITexasDanMuAndExpression_xuancai,炫彩,炫彩,Dazzling,Colorido,,,,
UITexasDanMuAndExpression_inputtip,请输入弹幕文字。,請輸入彈幕文字。,Please enter the message of the bullet screen.,Por favor insira o texto,,,,
UITexasDanMuAndExpression_tip001,不可发送弹幕,不可發送彈幕,Do not send message,Não foi possível encaminhar a mensagem ,,,,
UITexasDanMuAndExpression_tip002,不可输入弹幕,不可輸入彈幕,Do not input message,Não foi possível inserir a mensagem ,,,,
UITexasDanMuAndExpression_tip003,打开弹幕,打開彈幕,Open the message,Abrir a mensagem ,,,,
UITexasDanMuAndExpression_tip004,关闭弹幕,關閉彈幕,Close the message,Fechar a mensagem ,,,,
UITexasDanMuAndExpression_mymsg,我,我,My,Meu,,,,
UIGameNiuZai_continuetips,金豆不足无法续投,金幣不足無法續投,Insufficient chips can not continue to cast,Saldo insuficiente para continuar,,,,
UIGameNiuZai_continuebtn,续投,續投,continue,Continuar,,,,
UIGameNiuZai_qingpingbtn,清屏,清屏,cls,Tela limpa,,,,
UILobby_Menu_menu_btn_lobby,大厅,大廳,Lobby,Início,,,,
UIClub_FundDetail_recycle,回收,回收,Recycle,Reciclagem,,,,
UIClub_FundRecharge_tishiText,交收金额输入正数为充豆，负数为提豆\n\n例：充500 输入500    提500  输入-500,"交收金額輸入正數為充豆,負數為提豆\n\n例：充500 輸入500    提500  輸入-500","For the delivery amount, enter a positive number to charge chips, and a negative number to withdraw chips\n\nExample: charge 500, enter 500, withdraw 500, enter -500","Paga recarga digite um números positivo e para saque insira um numero negativo, \n \n exemplo: 500 é recarga de 500 moedas enquanto -500 é saque de 500 moedas",,,,
UIClub_FundRecharge_tishiGolden,现有金豆:,現有金豆:,Existing golden chips:,Saldo de moedas:,,,,
UIClub_FundRecharge_tishiAmount,交收额度:,交收額度:,Settlement quota:,Limite de pagamento:,,,,
UILogin_labelPassword,密码:,密碼:,P_word:,Senha:,,,,
UILogin_labelCode,验证码:,驗證碼:,V_code:,Código de validação,,,,
UI_Recharge_confirm,确认,確認,Confirm,Confirmar,,,,
UI_Recharge_recharge,充值,充值,Recharge,Carregar,,,,
UITexasRule_texas,德州,德州,Texas,Texas,,,,
UITexasRule_omaha,奥马哈,奧馬哈,Omaha,Omaha,,,,
UITexasRule_Zhang,20张-30张,20張-30張,20sheets-30sheets,20 - 30 cartas,,,,
UIMatch_MttList_One,我参与的,我參與的,I participated,Minhas participações,,,,
UIClub_Mlist_mingcheng,名称,名稱,Name,Nome,,,,
UIClub_Mlist_denglu,登录,登錄,Login,Login,,,,
UIClub_Mlist_Search,请输入成员昵称或ID,請輸入玩家名稱或ID,Please enter the name or ID of the player,Por favor inserir o nome ou ID do jogador,,,,
UIClub_Mlist_zaixian,在线,在綫,Online,Online,,,,
UIClub_Mlist_tianqian,天前,天前,days ago,Dias atrás,,,,
UIClub_Mlist_xiaoshi,小时前,小時前,hours ago,Horas atrás,,,,
UIClub_Mlist_fenzhong,分钟前,分鐘前,minutes ago,Minutos atrás,,,,
UIClub_Mlistinfo_haoyou,好友,好友,Friend,Amigos,,,,
UITexas_History_paipu,牌谱,牌譜,Card score,Mãos,,,,
UITexas_History_xxgc,详细过程,詳細過程,Detailed process,Detalhes,,,,
UIMine_RecordDetailForNormal_pj,牌局时长,牌局時長, Game length,Tempo de jogo,,,,
UIMine_RecordDetailForNormal_mz,盲注,盲註,Blind,Blind,,,,
UIMine_RecordDetailForNormal_zdr,总带入数,總帶入數,Total carry-in,Total acumulado,,,,
UIMine_RecordDetailForNormal_zss,总手数,總手數,Hands,Total de mãos,,,,
UIMine_RecordDetailForNormal_dr,带入,帶入,Buy-in,Buy-in,,,,
UIMine_RecordDetailForNormal_ss,手数,手數,Hands,Mãos,,,,
UIMTTApply_dialog_title,参加比赛,參加比賽,Participate,Participantes,,,,
UIMTTApply_dialog_content,账户余额:{0},賬戶餘額:{0},Account balance: {0},Saldo da conta: {0},,,,
UIMTTList_mtt,锦标赛,錦標賽,MTT,MTT,,,,
UIClub_FundGive_Recharge,充值金额,充值金額,Recharge amount,Valor de recarga,,,,
UIClub_FundTake_Recycle,回收金额,回收金額,Recovery amount,Valor para recuperaçao,,,,
UICareerRecord_Insurance,保险,保險,Ins.,Seguro,,,,
UINiuZaiRule_title,牛仔,牛仔,Cowboy,Cowboy,,,,
UINiuZai_Betting_area,下注区,下注區,Betting area,Área de aposta,,,,
UINiuZaiInsurance_titleOne,下注区域[压中获得对应赔率的奖励],下注區域[壓中獲得對應賠率的獎勵],Betting area [squeeze to get rewards corresponding to the odds],Área de apostas [acertar para obter recompensas correspondentes às probabilidades],,,,
UINiuZaiXiaZhuQu_content01,1.胜负平区域:牛仔胜、平手、美女胜;,1.勝負平區域：牛仔勝，平手，美女勝;,"1.The win-loss zone: Cowboy wins, tie, beauty wins;","1. Área de resultados: cowboy ganha, empate, beauty ganha;",,,,
UINiuZaiXiaZhuQu_content02,2.任一人手牌区域:同花/连牌/同花连牌、对子对A;,2.任何人手牌區域：同花/連牌/同花連牌，對子對A;,"2.Anyone's hand card area: flush/concatenation/consecutive flush, pair pair A;","2. Área de cartas de qualquer jogador: flush / straight / straight flush, par A",,,,
UINiuZaiXiaZhuQu_content03,3.获胜牌型区域:高牌/一对、两对、三条/顺子同花、葫芦、金刚/同花顺,3.獲勝牌型區域：高牌/一對、兩對、三條/順子同花、葫蘆、金剛/同花順,3.Winning card type area: high card/one pair、two pairs、 three pairs/straight flush、full house、king kong/ straight flush,"3. Área das cartas vencedoras: carta alta / um par, dois pares, three of a kind / straight, flush, full house, four of a kind / straight flush
",,,,
UINiuZai_high_one,高牌/一对,高牌/一對,high card/one pair,Carta alta / um par,,,,
UINiuZaiXiaZhuQu_content04,皇同,皇同,Emperor Tong,Royal Flush,,,,
UINiuZaiInsurance_titleTwo,牌型大小[不分花色],牌型大小[不分花色],Card size [regardless of suit],Tamanho das cartas [ Independente de naipe ],,,,
UINiuZaiXiaZhuQu_content05,1.牌型:皇同>同花顺>金刚>葫芦>同花>顺子>三条>两对>对子>,1.牌型：皇同>同花順>金剛>葫蘆>同花>順子>三條>兩對>對子>,1.Card type: Emperor Tong> Straight Flush> King Kong> Gourd> Flush> Straight> Three of a Kind> Two Pairs> Pairs>,1.Tipo de jogada: Royal Flush> Straight Flush> Four of a Kind> Full House> Flush> Straight> Three of a Kind> Two Pairs> Pair>,,,,
UINiuZaiXiaZhuQu_content06,高牌;,高牌;,High card;,Carta alta,,,,
UINiuZaiXiaZhuQu_content07,2.单牌:A>K>Q>J>10>9>8>7>6>5>4>3>2;,2.單牌：A> K> Q> J> 10> 9> 8> 7> 6> 5> 4> 3> 2;,2.Single card: A>K>Q>J>10>9>8>7>6>5>4>3>2;,2.Carta individual: A>K>Q>J>10>9>8>7>6>5>4>3>2;,,,,
UINiuZaiXiaZhuQu_content08,"3.相同牌型:优先比较最大单牌,相同则依次向下继续比较,如5张",3.相同牌型：優先比較最大單牌，相同則依次向下繼續比較，如5張,"3.Same card type: compare the largest single card first, if the same, continue to compare downwards at a time, such as 5 cards","3. Mão igual: compara carta individual maior primeiro, consecutivamente as seguintes ",,,,
UINiuZaiXiaZhuQu_content09,"牌相同,则为平局;",牌相同，則為平局;,"If the cards are the same, it is a tie;",Se as cartas forem as mesmas é um empate,,,,
UINiuZaiInsurance_titleThree,爆庄规则,爆莊規則,Blasting rules,Regras de falência do dealer,,,,
UINiuZaiXiaZhuQu_content011,"庄家剩余记分牌不足以赔付所有获胜玩家的赔付量时,庄家所剩",莊家剩餘記分牌不足以賠付所有獲勝玩家的賠付量時，莊家所剩,"When the dealer's remaining scoreboard is not enough to pay all the winning players' payouts, the dealer's remaining","Quando o saldo do dealer não for suficiente para pagar os ganhos de todos os jogadores, o dealer",,,,
UINiuZaiXiaZhuQu_content012,"余的记分将按比例全部分配给获胜玩家,并在结算结束后关闭房",餘的記分將按比例全部分配給獲勝玩家，並在結算結束後關閉房,"The remaining points will be distributed to the winning players proportionally, and the room will be closed after the settlement is over",pagará os jogadores vencedores com o restante das moedas de acordo com a proporção de ganhos,,,,
UINiuZaiXiaZhuQu_content013,间,間,between,Sala,,,,
UINiuZaiToggle_tishi,牌型提示,牌型提示,Card Tips,Dicas de jogo,,,,
UINiuZaiToggle_paiju,基本玩法,基本玩法,Basic gameplay,Regras básicas,,,,
UINiuZaiToggle_xianhong,本桌限红,本桌限紅,Red limit on this table,Limite da sala,,,,
UINiuZaiRule_tipsOne,胜负平区域,勝負平區域,Tie zone,Zona de empate,,,,
UINiuZaiRule_tips01,牛仔胜,牛仔勝,Cowboy wins,Cowboy ganhou,,,,
UINiuZaiRule_tips02,美女胜,美女勝,Beauty wins,Beauty ganhou,,,,
UINiuZaiRule_tips03,平,平,Push,Empate,,,,
UINiuZaiRule_tipsTwo,任一人手牌区域,任一人手牌區域,Anyone's hand card area,Mãos de qualquer jogador na arena,,,,
UINiuZaiRule_tips04,同花/连牌/同花连牌,同花/連牌/同花連牌,Suited/Connects/Suited Connects,Flush/Straight/Straight Flush,,,,
UINiuZaiRule_tips05,对子,對子,Pair,Par,,,,
UINiuZaiRule_tips06,对A,對A,Pair A's,Par de As,,,,
UINiuZaiRule_tipsThree,任一人手牌区域,任一人手牌區域,Either hand type,Mãos de qualquer jogador na arena,,,,
UINiuZaiRule_tips07,三条/顺子/同花,三條/順子/同花,Three of a kind\nStraight/Flush,Three of a kind/Straight/Flush,,,,
UINiuZaiRule_tips08,高牌,高牌,High card,Carta mais alta,,,,
UINiuZaiRule_tips09,两对,兩對,Two pairs,dois pares,,,,
UINiuZaiRule_tips010,葫芦,葫蘆,Full House,Full House,,,,
UINiuZaiRule_tips011,金刚/同花顺/皇同,金剛/同花順/皇同,Four of a kind\nStraight Flush\nRoyal Flush,Four of a kind/Straight Flush/Royal Flush,,,,
UINiuZaiRule_paixing02,皇家同花顺,皇家同花順,Royal flush,Royal flush,,,,
UINiuZaiRule_paixing03,同花顺,同花順,Straight flush,Straight flush,,,,
UINiuZaiRule_paixing04,四条,四條,Four of a kind,Four of a kind,,,,
UINiuZaiRule_paixing05,葫芦,葫蘆,Full House,Full House,,,,
UINiuZaiRule_paixing06,同花,同花,Suited,Flush,,,,
UINiuZaiRule_paixing07,顺子,順子,Straight,Straight,,,,
UINiuZaiRule_paixing08,三条,三條,Three of a kind,Three of a kind,,,,
UINiuZaiRule_paixing09,两对,兩對,Two pairs,Dois pares,,,,
UINiuZaiRule_paixing010,一对,一對,One pair,um par,,,,
UINiuZaiRule_paixing011,高牌,高牌,High card,Carta mais alta ,,,,
UINiuZaiRule_paixing012,同花,同花,Suited,Flush,,,,
UINiuZaiRule_paixing013,连牌,連牌,Concatenated,Straight,,,,
UINiuZaiRule_paixing014,同花连牌,同花連牌,Flush,Straight flush,,,,
UINiuZaiRule_paixing015,对子,對子,Pair,Par ,,,,
UINiuZaiRule_paixing016,对A,對A,Pair A's,Par de ases,,,,
UINiuZaiRule_paixing017,任一人手牌牌型,任一人手牌牌型,Hand card type,O tipo de mão de qualquer pessoa,,,,
UINiuZaiRule_paixingT018,获胜牌型,獲勝牌型,Winning\nhand rank,Mão vencedora,,,,
UIGameNiuZai_out,退出房间,退出房間,Exit the room,Sair da sala,,,,
UIGameNiuZai_zhuti,更换主题,更換主題,Change theme,Mudar de tema,,,,
UIGameNiuZai_guize,游戏规则,遊戲規則,Game rules,Regras do jogo,,,,
UIGameNiuZai_XianHong,已达限红,已達限紅,Redemption limit reached,Já atingiu o limite,,,,
UIMatch_RoomItemMark,参与中,參與中,Joining,Participando,,,,
UIMTT_Howtoplay_rules,比赛规则,比賽規則,Game rules,Regras do jogo,,,,
UIMTT_Howtoplay_rulesc,MTT[Multi Table Tournament]   即多桌锦标赛，指在多张桌子上同时进行的锦标赛，桌子会随着选手的淘汰进行合终，会减少到一张桌子进去决赛，当比赛剩下一人有筹码时。冠军产生，比赛结束,MTT[Multi Table Tournament] 即多桌錦標賽，指在多張桌子上同時進行的錦標賽，桌子會隨著選手的淘汰進行合終，會減少到一張桌子進去決賽，當比賽剩下一人有籌碼時。冠軍產生，比賽結束,"MTT [Multi Table Tournament] is a multi-table tournament. It refers to a tournament that is played on multiple tables at the same time. The table will be closed as the players are eliminated, and will be reduced to one table to enter the finals. When one player has a chip left in the game . The championship comes and the game ends","MTT [Torneio Multi-Mesas] é um torneio multi-mesas, que se refere a um torneio que é jogado em várias mesas ao mesmo tempo. A mesas serão fechadas e unificadas conforme os jogadores forem eliminados, e será reduzida à uma mesa para entrar no final. Quando restar somente 1 jogador com fichas, ele será o campeão e se encerra o torneio.",,,,
UIMTT_Howtoplay_scoreboard,带入记分牌,帶入記分牌,Bring to the scoreboard,Trazer a pontuação,,,,
UIMTT_Howtoplay_scoreboardc,比赛中，所有玩家会自动带入相同的固定数量的记分牌，玩家只需报名参赛即可，比赛过程中不可随意补充记分牌,比賽中，所有玩家會自動帶入相同的固定數量的記分牌，玩家只需報名參賽即可，比賽過程中不可隨意補充記分牌,"During the competition, all players will automatically bring in the same fixed number of scoreboards. Players only need to register for the competition, and they are not allowed to add scoreboards at will during the game.","Durante a competição, todos os jogadores trarão automaticamente a pontuação. Os jogadores precisam apenas se registrar para participar do campeonato e não podem adicionar pontuação à vontade durante o jogo.",,,,
UIMTT_Howtoplay_blind,盲注,盲注,Blind note,Aposta Blind,,,,
UIMTT_Howtoplay_blindc,比赛盲注结构与标准局的固定盲注不同，会有起始盲注，并且随赛事推进，盲注级别会定时不断上涨，比赛节奏将会越来越快。,比賽盲注結構與標準局的固定盲注不同，會有起始盲注，並且隨賽事推進，盲注級別會定時不斷上漲，比賽節奏將會越來越快。,"The blinds structure of the match is different from the fixed blinds of the standard round. There will be an initial blind, and as the game progresses, the blind level will rise regularly, and the game rhythm will become faster and faster.","A estrutura de blinds do campeonato é diferente dos blinds de rodadas padrão. Haverá um blind inicial e, conforme o jogo avança, o nível de blinds aumentará proporcionalmente e o ritmo do jogo ficará cada vez mais rápido.",,,,
UIMTT_Howtoplay_Zmtime,涨盲时间,漲盲時間,Blind time,Tempo do blind,,,,
UIMTT_Howtoplay_Zmtimec,涨盲时间由比赛组织者设定，每隔一个涨盲时间，盲注会上涨一个级别。涨盲时间可以控制比赛节奏，比赛开始后不可再更爱涨盲时间,漲盲時間由比賽組織者設定，每隔一個漲盲時間，盲注會上漲一個級別。漲盲時間可以控制比賽節奏，比賽開始後不可再更愛漲盲時間,"The blind increase time is set by the game organizer. Every other blind increase time, the blinds will increase by one level. The blind rise time can control the rhythm of the game. After the game starts, you can’t love the blind rise time",O tempo de aumento de blinds é definido pelo organizador do jogo. A cada período definido os blinds aumentam um nível. O tempo do blind pode controlar o ritmo do jogo. Após o jogo não é mais possível alterar o tempo de aumento de blind.,,,,
UIMTT_Howtoplay_refactor,重购,重購,Repurchase,Recompra,,,,
UIMTT_Howtoplay_refactorc,当玩家在比赛中被淘汰出局，可以重购复活。重购有次数限制，由比赛组织者设定，在报名阶段才可重购，在禁止报名阶段以及决赛阶段，不可在重购。,當玩家在比賽中被淘汰出局，可以重購復活。重購有次數限制，由比賽組織者設定，在報名階段才可重購，在禁止報名階段以及決賽階段，不可在重購。,"When a player is eliminated from the game, he can repurchase and resurrect. There is a limit on the number of times of repurchase, which is set by the competition organizer. Repurchase is only allowed during the registration stage. Repurchase is not allowed during the registration period and the final stage.","Quando um jogador é eliminado do jogo, ele pode recomprar e voltar para o jogo. Existe um limite para o número de vezes de recompra, que é definido pelo organizador da competição. A recompra só é permitida durante a fase de inscrição. A recompra não é permitida durante o período de inscrição e na fase final.",,,,
UIMTT_Howtoplay_Intermission,中场休息,中場休息,Intermission,Intervalo,,,,
UIMTT_Howtoplay_Intermissionc,开启中场休息后，比赛每隔55分钟会自动暂停进入3分钟休息。,開啟中場休息後，比賽每隔55分鐘會自動暫停進入3分鐘休息。,"After opening the intermission, the game will automatically be suspended every 55 minutes and enter a 3-minute rest.","Após a abertura do intervalo, o jogo será automaticamente suspenso a cada 55 minutos e ficará em descanso por 3 minutos.",,,,
UIMTT_Howtoplay_czhz,拆桌合桌,拆桌合桌,Disassemble the table and combine the table,Montagem de mesas,,,,
UIMTT_Howtoplay_czhzc,在MTT比赛中，会出现玩家淘汰出局以及新玩家报名加入，会出现拆桌合桌情况来平衡牌桌人数，拆桌合桌规则会严格依据国际赛事规则。,在MTT比賽中，會出現玩家淘汰出局以及新玩家報名加入，會出現拆桌合桌情況來平衡牌桌人數，拆桌合桌規則會嚴格依據國際賽事規則。,"In MTT competitions, players will be eliminated and new players will register to join. There will be a situation of splitting the table and closing the table to balance the number of tables. The rules of splitting the table and closing the table will strictly follow the rules of international competitions.","Nas competições MTT, os jogadores serão eliminados e novos jogadores serão registrados para entrar. Haverá uma situação de divisão da mesa e fechamento da mesa para equilibrar o número de mesas. As regras de divisão da mesa e fechamento da mesa seguirão estritamente as regras de competições internacionais.",,,,
UIMTT_Howtoplay_mc,名次,名次,Ranking,Ranking,,,,
UIMTT_Howtoplay_mcc,按照玩家被淘汰出比赛的时间顺序去名词，如果有两位玩家同事被淘汰，将按照开始筹码定名次，开始筹码多者排名在前。,按照玩家被淘汰出比賽的時間順序去名詞，如果有兩位玩家同事被淘汰，將按照開始籌碼定名次，開始籌碼多者排名在前。,"According to the chronological order in which the player was eliminated from the game, if two player colleagues are eliminated, they will be ranked according to the starting chip, and the one with the more starting chip will be ranked first.","De acordo com a ordem cronológica em que o jogador foi eliminado do jogo, se dois colegas jogadores forem eliminados simultaneamente, eles serão classificados de acordo com o valor de fichas inicial, e o jogador com mais fichas iniciais será classificado primeiro.",,,,
UIMTT_Howtoplay_jl,奖励,獎勵,Reward,Premiação,,,,
UIMTT_Howtoplay_jlc,根据最终比赛中买入来确定总僵持，比赛最终人数来确定奖励圈，进入奖励圈玩家可按最终比例获得总奖池中相应的奖励,根據最終比賽中買入來確定總僵持，比賽最終人數來確定獎勵圈，進入獎勵圈玩家可按最終比例獲得總獎池中相應的獎勵,"The total stalemate is determined according to the buy-in in the final game, and the final number of people in the game determines the reward circle. Players entering the reward circle can get the corresponding reward in the total prize pool according to the final proportion.","O valor da premiação será definido de acordo com o valor total de buy-in e o total de jogadores finais, o jogador que entra na faixa de premiação receberá seu prêmio conforme proporção de seus ganhos.",,,,
UIMTT_Listitemyx,运行,運行,Runing,Início,,,,
UIMTT_Listitembm,报名,報名,Sign up,Registrar,,,,
UIMTT_Listitemyc,延迟报名,延遲報名,Late Reg.,Estender inscrição,,,,
UIMTT_Liststartimeone,"开始时间: {0}月{1},{2}","開始時間: {0}月{1},{2}","Startime: {0} {1},{2}","Horário Inicial: {0} mês, {1}, {2}",,,,
UIMTT_Listbuy,买入: {0},買入: {0},Buy-in: {0},Buy-in: {0},,,,
UIMTT_Listbonus,奖金: <color=#DCBA82>{0}</color>,獎金: <color=#DCBA82>{0}</color>,Prize: <color=#DCBA82>{0}</color>,Pool de prêmios: <color=#DCBA82>{0}</color>,,,,
UIMTT_Listdistancestart,<size=30>距离开始</size>\n<size=45>{0}</size>,<size=30>距離開始</size>\n<size=45>{0}</size>,<size=30>Starts in</size>\n<size=45>{0}</size>,<size=30>Inicia em</size>\n<size=45>{0}</size>,,,,
UIMTT_Listdistancesclose,<size=30>距离关闭</size>\n<size=45>{0}</size>,<size=30>距離關閉</size>\n<size= 45> {0} </size>,<size=30>Closes in</size>\n<size=45>{0}</size>,<size=30>Encerra em</size>\n<size=45>{0}</size>,,,,
MTT_xq_buy,买入,買入,Buy in,Buy-in,,,,
StrJanuary,一月^1,一月^1,<size=40>Jan</size>,Janeiro^1,,,,
StrFebruary,二月^2,二月^2,<size=40>Feb</size>,Fevereiro^2,,,,
StrMarch,三月^3,三月^3,<size=40>Mar</size>,Março^3,,,,
StrApril,四月^4,四月^4,<size=40>Apr</size>,Abril^4,,,,
StrMay,五月^5,五月^5,<size=40>May</size>,Maio^5,,,,
StrJune,六月^6,六月^6,<size=40>Jun</size>,Junho^6,,,,
StrJuly,七月^7,七月^7,<size=40>Jul</size>,Julho^7,,,,
StrAugust,八月^8,八月^8,<size=40>Aug</size>,Agosto^8,,,,
StrSeptember,九月^9,九月^9,<size=40>Sept</size>,Setembro^9,,,,
StrOctober,十月^10,十月^10,<size=40>Oct</size>,Outubro^10,,,,
StrNovember,十一月^11,十一月^11,<size=40>Nov</size>,Novembro^11,,,,
StrDecember,十二月^12,十二月^12,<size=40>Dec</size>,Dezembro^12,,,,
WeekMon,星期一,星期一,<size=40>Mon.</size>,segunda-feira,,,,
WeekTues,星期二,星期二,<size=40>Tues.</size>,terça-feira,,,,
WeekWed,星期三,星期三,<size=40>Wed.</size>,quarta-feira,,,,
WeekThur,星期四,星期四,<size=40>Thur.</size>,quinta-feira,,,,
WeekFri,星期五,星期五,<size=40>Fri.</size>,sexta-feira,,,,
WeekSat,星期六,星期六,<size=40>Sat.</size>,sábado,,,,
WeekSun,星期日,星期日,<size=40>Sun.</size>,domingo,,,,
UINiuZaiGameEnd_xiazhu,下注额,下注額,initial bet,Aposta inicial ,,,,
UINiuZai_Win,赢取,贏取,Win,Ganhos,,,,
UINiuZai_All,总计,總計,Total,Total,,,,
UINiuZai_NotOut,{0}手未出,{0}手未出,{0} hands vacant,{0} mãos sem jogar,,,,
UITexas_head_Empty,<size=60>空</size>,<size=60>空</size>,<size=36>Empty</size>,<size=36>Vazio</size>,,,,
UINiuZaiRule_tips050,金刚/同花顺/皇同,金剛/同花順/皇同,Four of a kind/Straight Flush/Royal Flush,Four of a kind/Straight Flush/Royal Flush,,,,
UINiuZaiRule_tips051,三条/顺子/同花,三條/順子/同花,Three of a kind/Straight/Flush,Three of a kind/Straight/Flush,,,,
UIMatch_Games,小游戏,小遊戲,Games,Jogos,,,,
UIMatch_GameView,游戏列表,遊戲列表,Game list,Lista de jogos,,,,
UIMain_ UIWithdraw_balance,钱包余额：,錢包餘額：,Wallet balance：,Saldo da conta:,,,,
UIInsurance_fanchao,反超,反超,Over,Ultrapassar,,,,
UIInsurance_pingfen,平分,平分,Equal,Empate,,,,
UIClube_NameNull,名称不能为空,名稱不能為空,Name is empty,Nome não pode estar vazio,,,,
MTT_Apply_Success_01,报名成功，祝您好运！,報名成功，祝您好運！,Good luck to your successful registration,"Inscrição com sucesso, boa sorte!",,,,
UIMine_MsgNormal_But,<size=50>审核</size>,<size=50>審核</size>,<size=40>Review</size>,<size=40>Revisão</size>,,,,
MTT_State_gametype,比赛类型,比賽類型,Game type,Tipo de jogo,,,,
MTT_State_Aob,截止买入,截止買入,Late Reg.,Registro atrasado ,,,,
MTT_List_Gamemtt,锦标赛,錦標賽,MTT,MTT,,,,
MTT_List_Freegame,免费赛,免費賽,Free game,Jogo Gratuito,,,,
MTT_List_Huntergame,猎人赛,獵人賽,Hunter game,Jogo Caçador,,,,
MTT_List_Satellite,卫星赛,衛星賽,Satellite,Jogo Satélite,,,,
MTT_List_type,类型:,類型:,Type:,Tipo:,,,,
MTT_State_Gamemtt,<color=#DCBA82>锦标赛</color>,<color=#DCBA82>錦標賽</color>,<color=#DCBA82>MTT</color>,<color=#DCBA82>MTT</color>,,,,
MTT_State_Freegame,<color=#DCBA82>免费赛</color>,<color=#DCBA82>免費賽</color>,<color=#DCBA82>Free game</color>,<color=#DCBA82>Jogo Gratuito</color>,,,,
MTT_State_Huntergame,<color=#DCBA82>猎人赛</color>,<color=#DCBA82>獵人賽</color>,<color=#DCBA82>Hunter game</color>,<color=#DCBA82>Jogo Caçador</color>,,,,
MTT_State_Satellite,<color=#DCBA82>卫星赛</color>,<color=#DCBA82>衛星賽</color>,<color=#DCBA82>Satellite</color>,<color=#DCBA82>Jogo Satélite</color>,,,,
UIMTTSignDialog_Rebuy,买入,買入,Buy in,Buy-in,,,,
Uiclub_profile,请输入公会简介[最多50字],請輸入公會簡介[最多50字],Please enter the Club profile [up to 50 characters],Por favor insira as informações do clube [máximo 50 caracteres],,,,
Uiclub_con1,加入公会畅想愉快游戏时光,加入公會暢想愉快遊戲時光,Join the Club and imagine a fun time,Junte-se a um clube e aproveite,,,,
Uiclub_con2,创建公会，寻找志同道合朋友,創建公會，尋找志同道合朋友,Create a Club and find like-minded friends,Crie um clube e convide amigos ,,,,
message_tips,暂无消息~,暫無消息〜,No messages~,Sem mensagens,,,,
Uiclub_articleOne,教 程,教 程,Teaching,Ensinamento,,,,
Uiclub_articleTwo,心 得,心 得,Experience,Experiência,,,,
ReConnectError001,重连服务器失败，请检测网络环境,重連服務器失敗，請檢測網絡環境,"Failed to reconnect to the server, check the network environment","Falha ao se conectar com o servidor, verifique sua rede",,,,
UIMine_BackpackList_tickets,<color=#9733F3>门票</color>,<color=#9733F3>門票</color>,<color=#9733F3>Tickets</color>,<color=#9733F3>Tickets</color>,,,,
UIMine_BackpackList_shopp,<color=#56B557>购物卡</color>,<color=#56B557>購物卡</color>,<size=19><color=#56B557>Shopp card</color></size>,<size=19><color=#56B557>Cartão de compra</color></size>,,,,
UIMine_BackpackList_ipone,<color=#FFCB00>电话卡</color>,<color=#FFCB00>電話卡</color>,<size=19><color=#FFCB00>Phone card</color></size>,<size=19><color=#FFCB00>Cartão de telefone</color></size>,,,,
UIMine_BackpackList_Inkind,<color=#FA5314>实物</color>,<color=#FA5314>實物</color>,<size=19><color=#FA5314>In kind</color></size>,<size=19><color=#FA5314>Brindes</color></size>,,,,
UIMine_BackpackList_vouchers,<color=#00B4FF>代金卷</color>,<color=#00B4FF>代金卷</color>,<color=#00B4FF>Vouchers</color>,<color=#00B4FF>Vouchers</color>,,,,
UIBackDiolg_title01,门票,門票,Ticket,Ingressos,,,,
UIBackDiolg_title02,购物卡兑换,購物卡兌換,Redemption of shopping cards,Resgate de cartão de compras,,,,
UIBackDiolg_title03,电话卡兑换,電話卡兌換,Exchange your calling card,Troque seu cartao telefonico,,,,
UIBackDiolg_title04,实物兑换,實物兌換,Physical exchange,troca fisica ,,,,
UIBackDiolg_title05,代金卷兑换,代金卷兌換,Exchange for gold rolls,Resgate de moedas,,,,
UIBackDiolg_Cancel_01,报名,報名,Register,Registro atrasado ,,,,
UIBackDiolg_Cancel_02,兑换金豆,兌換金豆,<size=35>Exch game currency</size>,<size=35>Trocar moedas</size>,,,,
UIBackDiolg_Commit_01,暂不报名,暫不報名,<size=35>Not to register</size>,<size=35>Não registrar no momento</size>,,,,
UIBackDiolg_Commit_02,联系客服,聯繫客服,<size=35>Contact CS</size>,<size=35>Contate o suporte</size>,,,,
UIBackDiolg_Commit_03,兑换电话卡,兌換電話卡,<size=35>Redeem TEL card</size>,<size=35>Resgatar cartão telefônico</size>,,,,
UIBackDiolg_Commit_04,兑换购物卡,兌換購物卡,<size=35>Redeem gift card</size>,<size=35>Resgatar cartão de compras</size>,,,,
UIBackDiolg_Commit_05,转入钱包,轉入錢包,<size=35>Transfer to wallet</size>,<size=35>Transferir para a carteira</size>,,,,
UIBackDiolg_Konw_01,知道了,知道了,Got it,Entendi,,,,
UIBackDiolg_Konw_02,提交,提交,Submit,Submeter,,,,
UIBackDiolg_textContent,{0}\n\n 比赛名称:{1}\n 开赛时间:{2},{0}\n\n 比賽名稱:{1}\n 開賽時間:{2},{0}\n\n Game name: {1}\n Start time: {2},"{0} nome do jogo {1}, horario de inicio",,,,
UIBackDiolg_textContent01,客服审核后，购物卡密将以站内信形式发放，请注意查收,客服審核後，購物卡密將以站內信形式發放，請注意查收,"After the customer service review, the shopping card secret will be issued in the form of an internal letter, please pay attention to check it","Após análise, a senha do cartão de compras será encaminhada como mensagem, favor verificar",,,,
UIBackDiolg_textContent02,请联系客服兑换奖励,請聯繫客服兌換獎勵,Please contact customer service to redeem the reward,Favor entrar em contato com a central para resgatar seu prêmio,,,,
UIBackDiolg_Iphonetips,请输入准确的电话号码，以免客服充值失败,請輸入準確的電話號碼，以免客服充值失敗,Please enter an accurate phone number to avoid customer service failure to recharge,"Por favor, insira o número de celular correto para evitar a falha ao tentar recarregar",,,,
UIBackDiolg_textContent03,是否使用{0}?,是否使用{0}?,Do you use {0}?,Gostaria de utilizar {0}?,,,,
UIMine_BackpackList_timeLimit,到期时间：{0}^到期时间：无,到期時間：{0}^到期時間：無,Expiration time:{0}^Expiration time: none,Data de vencimento: {0}^Data de vencimento: nada,,,,
UIBackDiolg_DaoCoin,道具价值：,道具價值：,Item value:,Valor do item:,,,,
MsgInfo_3002,恭喜您在{0}排名第{1}，获得{2},恭喜您在{0}排名第{1}，獲得{2},"Congratulations on your {1} rank in {0}, get {2}","Parabéns pela sua classificação {1} em {0}, obtenha {2}",,,,
FreeAni_001,吃瓜,吃瓜,Eat melon,Perdeu a vez,,,,
FreeAni_002,大家好,大家好,Hello everyone,Olá a todos,,,,
FreeAni_003,得意,得意,Proud,Orgulhoso,,,,
FreeAni_004,听我说,聽我説,Hear me out,Me ouçam,,,,
FreeAni_005,害羞,害羞,Shy,Vergonha,,,,
FreeAni_006,救我,救我,Help me,Me salvem,,,,
FreeAni_007,可怜,可憐,Pathetic,Lamentável,,,,
FreeAni_008,看我的,看我的,Look at me,Olhem para mim,,,,
FreeAni_009,无情,無情,Ruthless,Cruel,,,,
FreeAni_010,喜欢,喜歡,Like,Gosto,,,,
MsgInfo_410,您在{0}获得{1}奖励，客服已为您充值，请注意查收,您在{0}獲得{1}獎勵，客戶已為您充值，請注意查收,"You got rewards for {1} on {0} , and the customer service has recharged for you, please check","Você recebeu o prêmio {1} no {0}, o atendimento ao consumidor já realizou a recarga, favor verificar",,,,
MsgInfo_411,您在{0}获得{1}奖励，卡密为{2}，请尽快使用,您在{0}獲得{1}獎勵，卡密為{2}，請儘快使用,"You got rewards for {1} on {0}, the card password is {2}, please use it as soon as possible","Você recebeu o prêmio {1} no {0}, a senha é {2}, por favor acesse o mais rápido que puder",,,,
MsgInfo_412,您在{0}获得{1}奖励，客服以为您寄出，请注意查收,您在{0}獲得{1}獎勵，客戶已為您寄出，請注意查收,"You got rewards for {1} on {0}, the customer service thought it was sent to you, please check","Você recebeu o prêmio {1} no {0}, o atendimento ao consumidor já liberou seu prêmio, favor verificar recebimento",,,,
adaptation10500,亲爱的玩家，服务器正在维护中，请稍后再试。预计维护时间 {0}-{1}。,親愛的玩家，服務器正在維護中，請稍後再試。預計維護時間 {0}-{1}。,"Dear players, the server is under maintenance, please try again later. Maintenance time{0}-{1}.","Caros jogadores, o servidor está em manutenção, por favor, tente novamente mais tarde. Tempo estimado de manutenção {0} - {1}.",,,,
adaptation10501,服务器正在维护中,服務器正在維護中,The server is under maintenance,O servidor está sob manutenção,,,,
UIMine_WalletFlow_SQSJ,申请时间,申请时间,Application time,Tempo,,,,
MsgInfo_413,您在{0}获得{1}奖励…,您在{0}获得{1}奖励…,You got rewards for {1} on {0}…,Você recebeu o prêmio {1} no {0},,,,
Serverbulletin,公告,公告,Bulletin,Aviso ,,,,
UITipStatus,<color=#DCDCDC>没有更多了～</color>,<color=#DCDCDC>沒有更多了～</color>,<color=#DCDCDC>no more～</color>,<color=#DCDCDC> sem mais </color>,,,,
UIMatch_MttDetailState_timetitle,开赛时间  <color=#DCBA82>{0}</color>,開賽時間  <color=#DCBA82>{0}</color>,Start time  <color=#DCBA82>{0}</color>,Horário de início <color=#DCBA82>{0}</color>,,,,
UIMatch_MttDetailState_timetitle02,进行中  <color=#DCBA82>{0}</color>,進行中  <color=#DCBA82>{0}</color>,Processing  <color=#DCBA82>{0}</color>,Processando <color=#DCBA82>{0}</color>,,,,
UIlogin_Safetyverify,安全验证,安全驗證,Safety verify,Verificação de segurança,,,,
UIlogin_Startverify,开始验证,開始驗證,Start verify,Início da verificação,,,,
PleaseJoinAUnionFirs,请先加入公会,请先加入公会,Please joining the club,Por favor se junte ao clube,,,,
PlatformToPush001,你报名的比赛还有1分钟就开始啦，请尽快入座,你报名的比赛还有1分钟就开始啦，请尽快入座,"The competition you signed up for will start in 1 min, plz be seated as soon as possible","A competiçao irá iniciar em 1 minuto, entre na sala o mais rapido possivel ",,,,
IsAllowOpenDanmu,结束行动后可发弹幕,结束行动后可发弹幕,Barrage can be launched after the action is over,Após o término pode lançar a barragem,,,,
UIGuides_mtttips,点击这里，立即开始免费赛,點擊這裡，立即開始免費賽,Click here to join Free MTT,Clique aqui e inicie seu jogo grátis,,,,
UIGuides_clubetips,加入公会才能开始游戏哦,加入公會才會開始哦,Join the guild to start the game,Só pode iniciar o jogo após fazer parte de um clube,,,,
UIGuides_btnkonw,我知道了,我知道了,Get it,Entendi,,,,
UIGuides_wxtips,如有疑问，请联系公会客服,如有疑問，請聯繫公會客服,Plz contact customer service for any questions,Qualquer dúvida entrar em contato com nosso suporte,,,,
UIGuides_op,联系方式,联系方式,contact details,Detalhes de contato,,,,
UIBacktransferDialog_title,门票转让,門票轉讓,Ticket transfer,Transferir Tickets,,,,
UIBackDialog_ticketsbtn,转让,轉讓,Transfer,Transferir,,,,
UIBacktransferDialog_inputID,输入玩家ID,輸入玩家ID,Enter player ID,Inserir ID do jogador,,,,
UIBacktransferDialog_isTransfer,是否转让门票？,是否轉讓門票?,Do you transfer tickets?,Você quer transferir tickets?,,,,
UIBacktransferDialog_playerName,玩家：<color=#DCBA82>{0}</color>,玩家：<color=#DCBA82>{0}</color>,Player:<color=#DCBA82>{0}</color>,Jogador:<color=#DCBA82>{0}</color>,,,,
UIBacktransferDialog_tost01,转让成功,轉讓成功,Successful transfer,Transferência efetuada com sucesso,,,,
UIBacktransferDialog_tost02,请输入正确玩家ID,請輸入正確玩家ID,Please enter the correct player ID,Por favor inserir o ID do jogador correto,,,,
UIMatch_MttDetailState_Prizepool,奖池,獎池,Prize pool,Pool de prêmios,,,,
UIMatch_MttDetailState_RRc,奖励圈,獎勵圈,Reward Circle,Círculo de recompensas,,,,
UIMatch_MttDetailState_ReyBuFerr,"免费,门票*1,免费/门票*1","免費,門票*1,免費/門票*1","Free, Ticket*1, Free/Ticket*1","Gratuito, Ticket*1, Gratuito/Ticket*1",,,,
UIMatch_MttDetailState_ReyBuFerr02,{0}/门票*1,{0}/門票*1,{0}/Ticket*1,{0}/Ticket*1,,,,
MTTroomNum_001,即将拆合桌…,即将拆合桌…,About to disassemble the table...,O desmembramento/junção da mesa está em andamento,,,,
MTTroomNum_002,拆合桌即将完成…,拆合桌即将完成…,The disassembly table is about to be completed…,A desmembramento/junção da mesa esta prestes a ser concluída,,,,
MTTroomNum_003,哇，这么久还没给你拆过去啊,哇，这么久还没给你拆过去啊,"Wow, I haven't opened it to you for so long",Desculpe a demora para enviar você para a outra mesa,,,,
MTTroomNum_004,再等等，就快合桌了…,再等等，就快合桌了…,"Wait a minute, the table will be closed soon…","Aguarde mais um momento, a mesa já irá fechar",,,,
MTTroomNum_005,"如果现在是高额盲注,恭喜你逃了这么久","如果现在是高额盲注,恭喜你逃了这么久","If it's a high blind now, congratulations on your escape for so long","Se agora é high blind, parabéns pela sua fuga por tanto tempo",,,,
MTTroomNum_006,原来等待也是如此的快乐,原来等待也是如此的快乐,It turns out that waiting is so happy,Esperar também pode ser uma felicidade,,,,
MTTroomNum_007,...还没过去么,...还没过去么,... hasn't passed yet,Ainda não acabou ,,,,
MTTuserroom_006,已截止检票，请下次早点来,已截止检票，请下次早点来,"Check in, please be early","Checkin, por favor, nao se atrase",,,,
MTTDetailPlayer_nulltips,比赛开始后即可查看参赛玩家,比赛开始后即可查看参赛玩家,"After the game starts, you can view the participating players","Logo após o início do evento, poderá visualizar os jogadores participantes",,,,
MTTapply_immediately,立即申请,立即申请,Apply immediately,Aplicar imediatamente,,,,
MTTApply_Tips,若要优先获得赛事报名名额，请向公会申请,若要优先获得赛事报名名额，请向公会申请,"If you want to get ticket of the MTT , plz apply to the guild","Se você deseja prioridade para inscrição em um evento, solicite ao clube",,,,
MTTApplicationsubmittedsuccessfully,报名赛事申请提交成功，是否联系公会客服？,报名赛事申请提交成功，是否联系公会客服？,Application submitted successfully，Do you want to contact the guild customer service?,A inscrição para o evento foi enviada com sucesso. Deseja entrar em contato com o atendimento ao cliente?,,,,
UIPlayerOffLine,离线,离线,offline,Desconectado,,,,
UIQuitClub_2013,有参与中的牌局，无法退出,有参与中的牌局，无法退出,"There is a participating hand, cannot withdraw","Você está participando de uma partida, não pode sair",,,,
UIQuitClub_1,退出失败,退出失败,Exit failed,Erro ao sair,,,,
UIQuitClub_0,退出成功,退出成功,Exit successfully,Saída com sucesso,,,,
Uizanwushuju,暂无记录~,暂无记录~,No record ~,Sem registro ,,,,
UIinsureseFailed,购买失败,购买失败,Failed purchase,Falha na compra,,,,
Uibacklistgoods_erro,兑换失败,兑换失败,Redemption failed,Resgate falhou,,,,
Uiwithdrawsuccessfully,提交成功,提交成功,Submitted successfully,Submetido com sucesso,,,,
Uiwithdrawfailed,提交失败,提交失败,Submission Failed,Falha no envio,,,,
Uiclubrechargeconfirmordersuccessfully,操作成功,操作成功,Successful operation,Operação bem-sucedida,,,,
Uiclubrechargeconfirmorderfailed,操作失败,操作失败,operation failed,Operação falhou,,,,
UITeaxinDeailt,"1.当全部玩家All in后激活保险\n\n2.由当前牌型最大玩家进行购买,若出现多个底池则由最大底池中领先的玩家购买，且只能购买最大底池\n\n3.当保险涉及的底池中超过3个玩家的时候,保险不激活。（2人或者3人时可以买保险）。\n\n4.翻牌三张不可购买保险,转牌投保额不得超过0.25*底池，河牌投保额不得超过0.5*底池\n\n5.若转牌购买保险未中,则河牌必须购买所有补牌,且河牌的赔付额必须大于转牌的投保额\n\n6.若玩家只购买部分补牌,系统为规避玩家被BB的风险,会自动购买剩余补牌,带回玩家的投保额\n\n7.牌内【实时战绩】【上局回顾】和生涯中【牌局详情】中显示保险数据\n\n8.德州,奥马哈outs超过30张时,保险不激活","1.當全部玩家All in後激活保險\n\n2.由當前牌型最大玩家進行購買,若出現多個底池則由最大底池中領先的玩家購買，且只能購買最大底池\n\n3.當保險涉及的底池中超過3個玩家的時候，保險不激活。（2人或者3人時可以買保險）。\n\n4.翻牌三張不可購買保險,轉牌投保額不得超過0.25*底池,河牌投保額不得超過0.5*底池\n\n5.若轉牌購買保險未中,則河牌必須購買所有補牌,且河牌的賠付額必須大於轉牌的投保額\n\n6.若玩家只購買部分補牌,系統為規避玩家被BB的風險,會自動購買剩餘補牌,帶回玩家的投保額\n\n7.牌內【實時戰績】【上局回顧】和生涯中【牌局詳情】中顯示保險數據\n\n8.德州,奧馬哈outs超過30張時,保險不激","1.Activate insurance when all players are All in\n\n2. Purchase by the player with the largest current card type. If there are multiple pots, the player who leads the largest pot will buy it, and only the largest pot can be purchased\n\n3.Insurance is only sold for all-in situations with 3 players in the pot or less.\n\n4.Three cards on the flop cannot be insured,the insured amount on the turn shall not exceed 0.25*pot,and the insured amount for river cards shall not exceed 0.5*pot\n\n5.If the turn card purchase insurance is not successful,the river card must purchase all outs,and the payout of the river card must be greater than the insured amount of the turn card\n\n6. If the player only buys part of the replacement card, the system will automatically purchase the remaining replacement card to avoid the risk of the player being BB, and bring back the player's insurance amount\n\n7.[Real-time record] [Review of the previous game] and insurance data displayed in the [Details of the game] in the card\n\n8.Texas,Omaha,when the outs exceed 30,the insurance is not activated",1,,,,
UITeaxinDeailt_PeiFu,"1.保本：赔付额=玩家投入\n\n2.满池：不管保险中没中, 收益相等\n\n3.购买保险消耗的金豆从底池中扣除\n\n4.若买中,系统根据赔率直接赔付给玩家\n\n5.未买中,系统收走购买保险所耗金额","1.保本：賠付額=玩家投入\n\n2.滿池：不管保險中沒中, 收益相等\n\n3.購買保險消耗的金豆從底池中扣除\n\n4.若買中,系統根據賠率直接賠付給玩家\n\n5.未買中,系統收走購買保險所耗金額","1.Capital protection: payout = player input\n\n2. Full pool: no matter if the insurance is not in the insurance, the income is equal\n\n3.The chips consumed by purchasing insurance are deducted from the pot\n\n4.If you buy,the system directly pays the player according to the odds\n\n5.If not purchased,the system will collect the amount of insurance purchase",,,,,
UILoginviolator,账户涉嫌违规，请联系公会管理员！,账户涉嫌违规，请联系公会管理员！,"The account is suspected of violation, please contact the guild administrator!","A conta é suspeita de violar os regulamentos, entre em contato com o administrador do clube",,,,
UIBackDialog_ticketsbtnClose,关闭,關閉,Closure,Fechado,,,,
UIBackpackDialog_ticketbtnText,查看,查看,Check,Verificar,,,,
MuteTip,禁言解除后可发言,禁言解除后可发言,You can speak after the mute is lifted,Voce pode falar depois que a proibição for levantada,,,,
MessgainfoForever,您被永久禁言，如有疑问请咨询客服 ,您被永久禁言，如有疑问请咨询客服 ,"You are permanently forbidden to speak, please consult customer service if in doubt","Você está banido permanentemente, se tiver alguma dúvida, entre em contato com o atendimento ao cliente",,,,
Danmustate_4,功能暂停使用，如有疑问请咨询客服,功能暂停使用，如有疑问请咨询客服,"Features are suspended, please consult customer service if in doubt","A função está suspensa, se você tiver alguma dúvida, entre em contato com o atendimento ao cliente",,,,
UIMatch_TableCount,{0}桌,{0}桌,{0} Tables,{0} tabela,,,,
OpCodeString_RECHARGE,充豆,充豆,Recharge,Recarga,,,,
OpCodeString_LOCK,冻结,冻结,Freeze,Congelar,,,,
OpCodeString_UNLOCK,解冻,解冻,Thaw,Descongelar,,,,
OpCodeString_WLOCK,提豆冻结,提豆冻结,Bean lock,Dinheiro congelado,,,,
OpCodeString_WROLLBACK,提豆失败,提豆失败,Failed raised,Falha encontrada,,,,
OpCodeString_WUNLOCK,提豆成功,提豆成功,Successfully raised,Criado com sucesso,,,,
OpCodeString_BRINGIN,带入,带入,Bring in,trazer,,,,
OpCodeString_BRINGOUT,带出,带出,Bring out,levar,,,,
OpCodeString_HANDCO,每手结算,每手结算,Settled per lot,Liquidado por lote,,,,
OpCodeString_INSUR,保险记录,保险记录,Insurance records,Registros de seguro,,,,
OpCodeString_RETURN,重新带入,重新带入,Bring back in,trazer de volta,,,,
OpCodeString_MTTBI,报名,报名,Sign up,Inscrever-se,,,,
OpCodeString_MTTRB,重购,重购,Rebuy,Recomprar,,,,
OpCodeString_MTTAO,增购,增购,Add on,Comprar adicional,,,,
OpCodeString_MTTAW,MTT奖励,MTT奖励,MTT Rewards,Recompensas MTT,,,,
OpCodeString_CBBET,牛仔下注,牛仔下注,Cowboy bet,Aposta de caubói,,,,
OpCodeString_CBWIN,牛仔盈利,牛仔盈利,Cowboy wins,Lucros de caubói,,,,
OpCodeString_ADDTIME,操作加时,操作加时,Add time,Horas extras ,,,,
OpCodeString_VPCARDS,查看公共牌,查看公共牌,Check public cards,Veja o tabuleiro,,,,
OpCodeString_EMOTICON,表情,表情,Emoji,Emoji,,,,
OpCodeString_TAKEOVER,公会回收,公會回收,Guild recycling,Reciclagem do Clube,,,,
OpCodeString_PFTROOM,房间收益,房间收益,ProfitRoom ,Receita,,,,
OpCodeString_PFTMTT,MTT收益,MTT收益,ProfitMTT  ,Ganhos MTT,,,,
OpCodeString_PFTOTHER,其他收益,其他收益,ProfitOther  ,Outros rendimentos,,,,
OpCodeString_PFTINSUR,保险收益,保险收益,ProfitInsurance,Benefícios do seguro,,,,
OpCodeString_PFTCB,牛仔收益,牛仔收益,ProfitCowboy,Ganhos de caubói,,,,
OpCodeString_INSUROUT,保险收益,保险收益,InsurancePay,Pagamento de seguro ,,,,
OpCodeString_INSURIN,保险收益,保险收益,InsuranceIncome ,Renda de seguro ,,,,
OpCodeString_SYSBRINGOUT,系统恢复带出,系统恢复带出,SystemBringOut ,Recuperação do sistema,,,,
OpCodeString_PAYUSER,公会发放,公會發放,Guild issue,Problema no Grupo,,,,
OpCodeString_RECHGTRB,联盟发放,聯盟發放,Alliance issued,Problema na Aliança,,,,
OpCodeString_PAYCLUB,联盟回收,聯盟回收,Alliance recycling,Reciclagem Sindical,,,,
OpCodeString_RECHGPLAT,提现,提现,Withdraw,Saque,,,,
OpCodeString_BUYINNERPROP,报名,报名,Sign up,Inscrever-se,,,,
OpCodeString_MTTCANCEL,比赛取消,比赛取消,Match canceled,Partida cancelada,,,,
OpCodeString_SELFMTT,MTT返水,MTT返水,MTT anti water,MTT anti água,,,,
OpCodeString_SELFROOM,普通桌返水,普通桌返水,Ordinary table reverse water,Água reversa de mesa comum,,,,
OpCodeString_PAYTRB,提现,提现,Withdraw,Saque,,,,
OpCodeString_MTTPRZPAY,支付MTT奖励,支付MTT奖励,MTTPrizePay  ,Pague Recompensas MTT,,,,
OpCodeString_FIXNICKNAME,道具消费,,Item consumption,Compra de Ferramentas,,,,
OpCodeString_MTTHAW,猎人赛奖励,,Hunter Tournament Rewards,Recompensas do Torneio Hunter,,,,
OpCodeString_MTTAOM1,增购1,,Add on,Comprar adicional,,,,
OpCodeString_MTTAOM2,增购2,,Add on,Comprar adicional,,,,
UIPlatformrecharge,申请充值,申請充值,Apply for top-up,Solicitação de Recarga,,,,
UIRechargeconfirmorder,充值确认订单,充值確認訂單,Recharge confirmation order,Confirmaçao de pedido de recarga,,,,
RfCodeString_DYNAMIC,动态码充值,動態碼充值,Dynamic code recharge,Recarga de código dinâmico,,,,
LeaveReason0,未知原因,未知原因,Unknown reason,Razão desconhecida,,,,
LeaveReason1,筹码不足,筹码不足,Not enough chips,Não há fichas suficientes,,,,
LeaveReason2,退出房间成功,退出房间成功,Exit the room successfully,Sucesso em sair da sala,,,,
LeaveReason3,游戏结束,游戏结束,Game over,fim de jogo,,,,
LeaveReason4,强制踢出,强制踢出,Forced kick,chute forçado,,,,
LeaveReason5,正在拆分桌,正在拆分桌,Splitting table,Dividir a mesa,,,,
LeaveReason6,超过最大自动操作次数限制,超过最大自动操作次数限制,Exceeded maximum automatic operation limit,Excedeu o limite máximo de operação automática,,,,
LeaveReason7,离线,离线,Offline,Desconectado,,,,
Mtt_AppliedNotStart,未开赛,未開賽,Not started,Não foi iniciado,,,,
Mtt_Complete,已结束,已結束,Over,Sobre,,,,
Mtt_CannotJoinOvertime,停止进入,停止進入,Stop entering,Pare de entrar,,,,
ServerErrorCode_90001,失败,失败,fail,falhou,,,,
ServerErrorCode_90002,未知,未知,Unknown,Desconhecida,,,,
ServerErrorCode_90003,无效的论点,無效的論點,InvalidArgument,Argumento inválido,,,,
ServerErrorCode_90004,未找到,未找到,NotFound,Não encontrado,,,,
ServerErrorCode_90005,已经存在,已經存在,AlreadyExists,Já existe,,,,
ServerErrorCode_90006,您已被冻结，请联管理人员,您已被凍結，請聯管理人員,"You have been frozen, please contact the administrator","Você foi congelado, entre em contato com o administrador",,,,
ServerErrorCode_90007,中止,中止,Aborted,Abortado,,,,
ServerErrorCode_90008,未实现,未實現,Unimplemented,Não implementado,,,,
ServerErrorCode_90009,不可用,不可用,Unavailable,Indisponível,,,,
ServerErrorCode_90010,未经身份验证,未經身份驗證,Unauthenticated,Não autenticado,,,,
ServerErrorCode_10000,没有报名,沒有報名,Not Registered,Não Registrado,,,,
ServerErrorCode_10001,未开始,未開始,has not started,não começou,,,,
ServerErrorCode_10002,还未准备完毕 没有ROOM,還未準備完畢 沒有ROOM-- 客戶端需要重連 （在新開房間/機器人還未坐下）,Not ready yet No ROOM,Nao ha salas disponiveis,,,,
ServerErrorCode_10003,已淘汰,已淘汰,eliminated,eliminado,,,,
ServerErrorCode_10004,比赛已经结束,比賽已經結束,game is over,o jogo acabou,,,,
ServerErrorCode_10005,购买截止了,購買截止了,Purchase has expired,A compra expirou,,,,
ServerErrorCode_10006,重构截止了,重構截止了,Refactoring is over,A refatoração acabou,,,,
ServerErrorCode_10007,AddOn截止了,AddOn截止了,AddOn has expired,AddOn expirou,,,,
ServerErrorCode_10008,房间变化了,房間變化了,Room changed,Mudança de sala,,,,
ServerErrorCode_10009,没有重构,沒有重構,no refactoring,sem refatoração,,,,
ServerErrorCode_10010,没有加购,沒有加購,no add-on,sem complemento,,,,
ServerErrorCode_10011,部分带入金额错误,部分帶入金額錯誤,Part of the amount brought in is wrong,Parte do valor trazido está errado,,,,
ServerErrorCode_10012,"合并存储筹码最大等级已过,不能进场","合併存儲籌碼最大等級已過,不能進場",The maximum level of combined storage chips has passed and cannot enter the market,O nível máximo de fichas de armazenamento combinado passou e não pode entrar no mercado,,,,
ServerErrorCode_10013,淘汰，可以重购,淘汰，可以重購,"obsolete, can be repurchased","obsoleto, pode ser recomprado",,,,
ServerErrorCode_10014,最终奖励和排名还未准备好,最終獎勵和排名還未準備好,Final rewards and rankings are not ready,A classificaçao e premiaçao finais ainda não estão prontas,,,,
ServerErrorCode_20000,用户正在其他房间,用戶正在其他房間,User is in another room,O usuário está em outra sala,,,,
ServerErrorCode_20001,房间不存在,房間不存在,room does not exist,sala não existe,,,,
ServerErrorCode_20002,用户信息异常,用戶信息異常,Abnormal user information,Informações anormais do usuário,,,,
ServerErrorCode_20003,用户不再房间里,用戶不再房間裡,User is no longer in the room,O usuário não está mais na sala,,,,
ServerErrorCode_20004,用户钱包余额不足,用戶錢包餘額不足,User wallet balance is insufficient,O saldo da carteira do usuário é insuficiente,,,,
ServerErrorCode_20005,用户冻结的金额不足,用戶凍結的金額不足（解凍時候用）,The amount frozen by the user is insufficient,A quantidade congelada pelo usuário é insuficiente ,,,,
ServerErrorCode_20006,存储大于带入了,存儲大於帶入了,Storage is greater than brought in,O armazenamento é maior do que o trazido,,,,
ServerErrorCode_20007,没有带出无法返回,沒有帶出無法返回,Can't go back without taking out,Não pode voltar sem tirar,,,,
ServerErrorCode_20008,返回金额小于上次带出,返回金額小於上次帶出,The returned amount is less than the last taken out,O valor devolvido é menor que o último retirado,,,,
ServerErrorCode_20009,用户钱包被禁,用戶錢包被禁,User wallet is banned,A carteira do usuário foi banida,,,,
ServerErrorCode_20010,用户没有带入过,用戶沒有帶入過,User has not brought in,O usuário não trouxe,,,,
ServerErrorCode_20011,用户已经带出过了,用戶已經帶出過了,User has taken out,O usuário tirou,,,,
ServerErrorCode_20012,没有找到房间服务费设定,沒有找到房間服務費設定,No room service fee settings found,Nenhuma configuração de taxa de serviço encontrada,,,,
ServerErrorCode_20013,房间服务费设定已经存在,房間服務費設定已經存在,Room service fee setting already exists,A configuração da taxa de serviço da sala já existe,,,,
ServerErrorCode_20014,流水账单不存在,流水賬單不存在,Running water bill does not exist,Conta de água não existe,,,,
ServerErrorCode_20015,提现中不能操作,提現中不能操作,Can't operate during withdrawal,Não pode operar durante a retirada,,,,
ServerErrorCode_20016,存钱金额小于最小设定,存錢金額小於最小設定,The deposit amount is less than the minimum set,O valor do depósito é inferior ao mínimo necessario,,,,
ServerErrorCode_20017,自动上桌金额大于带入,自動上桌金額大於帶入,The amount automatically served is greater than the amount brought in,O valor entregue automaticamente é maior do que o valor carregado,,,,
ServerErrorCode_20018,带入小于最小限制,帶入小於最小限制,bring in less than the minimum limit,Traga menos do que o limite mínimo,,,,
ServerErrorCode_20019,您已被禁止提豆，如有疑问请联系客服,,You have been banned to withdraw beans. Please contact customer service If you have any questions.,Você foi proibido de retirar moedas.  Entre em contato com o atendimento ao cliente se você tiver alguma dúvida.,,,,
ServerErrorCode_20020,登录失败,,Login failed,Erro de login,,,,
ServerErrorCode_20021,您有多笔充值订单未支付，请去记录中查看,,"You have many unpaid recharge orders, please go to the record to check","Você tem muitas solicitações de recarga não pagas. Por favor, cheque seu histórico.",,,,
ServerErrorCode_31001,减少筹码,減少籌碼,reduce chips,reduzir fichas,,,,
ServerErrorCode_31002,不在投注时间,不在投注時間,out of betting time,fora do tempo de apostas,,,,
ServerErrorCode_31003,占座,佔座,Seat Taken,Assento ocupado,,,,
ServerErrorCode_31004,底池已满,底池已滿,TableIsFull,A mesa esta completa ,,,,
ServerErrorCode_31005,无效投注动作,無效投注動作,InvalidBetAction,ação de aposta nula,,,,
ServerErrorCode_31006,无效投注号码,無效投注號碼,InvalidBetNum,Números de apostas inválidos,,,,
ServerErrorCode_31007,未操作,未操作,NotPlaying,Nao esta jogando,,,,
ServerErrorCode_31008,没有加入,沒有加入,NoJoin,Nao participou ,,,,
ServerErrorCode_31009,无座位,無座位,NoSeat,Sem assento,,,,
ServerErrorCode_31010,无效保险,無效保險,InvalidInsurance,Seguro invalido ,,,,
ServerErrorCode_31011,不在保险时间,不在保險時間,NotInInsuranceTime,fora do tempo de seguro,,,,
ServerErrorCode_31012,不能补盲,不能補盲,CannotPost,Nao pode ser postado ,,,,
ServerErrorCode_31013,不能同意补盲,不同意補盲,CannotAgreePost,Discordo,,,,
ServerErrorCode_31014,没有入座,沒有入座,NotStandUp,Sentado,,,,
ServerErrorCode_31015,已经就座,已經就座,AlreadySeated,sentado,,,,
ServerErrorCode_31016,游戏结束,遊戲結束,GameOver,fim de jogo,,,,
ServerErrorCode_31017,延迟时间超时,延遲時間超時,DelayTimeOverTimes,tempo limite de atraso,,,,
ServerErrorCode_31018,不在延迟时间,不在延遲時間,NotInDelayTime,não em tempo de atraso,,,,
ServerErrorCode_31019,不正确的保险赔付,不正確的保險賠付,IncorrectInsuranceOutsLen,Pagamentos de seguro incorretos,,,,
ServerErrorCode_31020,未选择出局,未選擇出局,NoOutsSelected,Não desativou,,,,
ServerErrorCode_31021,超过保险限额,超過保險限額,ExceedInsuranceLimit,Exceder o limite do seguro,,,,
ServerErrorCode_31022,超过保险上限,超過保險上限,ExceedInsuranceMax,Exceder o limite do seguro,,,,
ServerErrorCode_31023,小于最小值,小於最小值,LessThanMin,menor que o mínimo,,,,
ServerErrorCode_31024,获取公共时间无效,獲取公共時間無效,InvalidGetPublicTime,A obtenção do horário público é inválida,,,,
ServerErrorCode_31025,显示卡索引不正确,顯示卡索引不正確,IncorrectShowCardIndex,O índice do cartão de exibição está incorreto,,,,
ServerErrorCode_31026,无效的显示卡时间,無效的顯示卡時間,InvalidShowCardTime,Hora da placa gráfica inválida,,,,
ServerErrorCode_31027,IP相同，无法坐下,IP相同，无法坐下,"Same IP, can't sit down","Mesmo IP, não pode participar",,,,
ServerErrorCode_31028,GPS位置相近，无法坐下,GPS位置相近，无法坐下,"GPS location is close, can't sit down","A localização do GPS está próxima, não pode participar",,,,
ServerErrorCode_31029,非猎人,非獵人,MissHunterKill,não caçador,,,,
ServerErrorCode_31030,外部操作验证失败,外部操作驗證失敗,ExternalPlayableValidateFail,Falha na validação da operação externa,,,,
ServerErrorCode_31031,带入外部验证失败,帶入外部驗證失敗,BringInExternalValidateFail,Falha ao trazer validação externa,,,,
ServerErrorCode_31032,保险精度错误,保險精度錯誤,InsuranceNumPreciousFail,Erro de precisão do seguro,,,,
ServerErrorCode_31033,保险错误底池,保險錯誤底池,InsuranceIncorrectPotIndex,Seguro pote errado,,,,
ServerErrorCode_31034,用户不在保留座位,用戶不在保留座位,UserNotInKeepSeat,O usuário não está no assento reservado,,,,
ServerErrorCode_31035,用户已保留座位,用戶已保留座位,UserAlreadyKeepSeat,O usuário já reservou assento,,,,
ServerErrorCode_31036,保持座位超出限制,保持座位超出限制,KeepSeatOverLimit,manter o assento acima do limite,,,,
ServerErrorCode_31037,带出时间无效,帶出時間無效,InvalidBringOutTime,O horário de retirada é inválido,,,,
ServerErrorCode_31038,带出失败,帶出失敗,BringOutGreatThanYouOwn,trazer o fracasso,,,,
ServerErrorCode_31039,带出失败,帶出失敗,BringOutedShouldNotHaveChip,trazer o fracasso,,,,
ServerErrorCode_31040,房间人数超限,,Exceeded room occupancy,Ocupação do quarto excedida,,,,
ServerErrorCode_31041,不在第二套公共牌时间内,,Not within the second set of cards,Não dentro do segundo conjunto de cartas,,,,
ServerErrorCode_31043,本手已结束不允许亮牌,,The hand has ended and no cards are allowed to show,A mão terminou e nenhuma carta pode ser mostrada,,,,
ServerErrorCode_31044,本手已结束不允许查看公共牌,,This hand has ended. It is not allowed to view the community cards,Esta mão terminou. Não é permitido ver as cartas comunitárias,,,,
ServerErrorCode_31045,加时失败,,overtime failure,falha de horas extras,,,,
Uitext_share_tips,为防机器人抓数据，暂不提供分享功能,為防機器人抓數據，暫不提供分享功能,"In order to prevent robots from grabbing data, the sharing function is not provided for the time being","Para evitar que os robôs peguem dados, a função de compartilhamento não é fornecida no momento",,,,
clickNum,点击过于频繁，请稍后再试！,點擊過於頻繁，請稍後再試！,"Clicking too often, please try again later!","Clicando com muita frequência, tente novamente mais tarde!",,,,
currIntHight,当前网络延迟较高,當前網絡延遲較高,The current network latency is high,A latência da rede atual é alta,,,,
clientInt_anormal,客户端网络异常,客戶端網絡異常,Client network exception,Exceção de rede do cliente,,,,
login_fail,登陆失败.,登陸失敗.,login fail.,falhou ao fazer login.,,,,
room_later,请稍后尝试进入房间…,請稍後嘗試進入房間…,Please try to enter the room later…,"Por favor, tente entrar na sala mais tarde…",,,,
json_exception,json解析异常,json解析異常,json error,exceção de análise json,,,,
curr_not_enter,当前不能进入,當前不能進入,currently inaccessible,atualmente inacessível,,,,
Good_luck,祝你好运,祝你好運,Good Luck,boa sorte,,,,
Repurchase_successful,重构成功,重購成功,Repurchase successful,Recompra bem-sucedida,,,,
Hosting_surre,托管状态切换成功,託管狀態切換成功,Managed state switch successfully,Comutação de estado gerenciada com sucesso,,,,
Name_notnull,ID不能为空,ID不能為空,ID cannot be empty,O ID não pode estar vazio,,,,
Addondz,增购到账:{0},增購到賬:{0},Additional purchase to account: {0},Compra adicional à conta: {0},,,,
Web_page_error,网页加载出错:{0},網頁加載出錯:{0},Error loading page: {0},Erro ao carregar a página: {0},,,,
Web_page_information,接收网页信息:{0},接收網頁信息:{0},Receive webpage information: {0},Receba informações da página da web: {0},,,,
AddGcg,增购成功,增購成功,Purchase success,Compra efetuada com sucesso,,,,
AddOpen,增购开启,增購開啟,Additional purchases open,Compras adicionais abertas,,,,
AddClose,增购关闭,增購關閉,Add to close,Adicionar para fechar,,,,
Coming_soon,即将合并筹码,即將合併籌碼,Coming soon,Em breve,,,,
request_failed,错误：请求失败,錯誤：請求失敗,error: request failed,erro: solicitação falhou,,,,
pleseopen_gps,请开启GPS,請開啟GPS,Please turn on GPS,"Por favor, ligue o GPS",,,,
GetLine_infoErro,错误：获取线路信息错误,錯誤：獲取線路信息錯誤,Error: Error getting line info,Erro: Erro ao obter informações de linha,,,,
Notgetline_infoErro,错误：无法获取线路信息,錯誤：無法獲取線路信息,Error: Unable to get line info,Erro: não é possível obter informações de linha,,,,
Purchase_insurance,本轮无法购买保险,本輪無法購買保險,Unable to purchase insurance this round,Não foi possível comprar o seguro nesta rodada,,,,
WaitTimeoutTime,"等待超时, 退出玩法","等待超時, 退出玩法","Wait for the timeout, exit the game","Aguarde o tempo limite, saia do jogo",,,,
Waiting_split _table,等待拆分桌请稍后…,等待拆分桌請稍後…,Waiting for the split table please wait…,"Aguardando a divisao da mesa, por favor aguarde…",,,,
WaitTimeoutTimeTwo,等待超时，重入玩法...,等待超時，重入玩法…,"Wait for the timeout, re-enter the gameplay…","Aguarde o tempo limite, entre novamente no jogo…",,,,
Currplaying_int,当前正在使用移动运营商网络,當前正在使用移動運營商網絡,Currently using a mobile operator network,Atualmente usando uma rede de operadora de celular,,,,
Over_folded,您将在这手牌结束或弃牌后站起,您將在這手牌結束或棄牌後站起,You will stand up after the hand is over or folded,Você se levantará depois que a mão terminar ou dobrar,,,,
APIGetClubId,"有误,请先请求APIGetClubId接口","有誤,請先請求APIGetClubId接口","Incorrect, please request APIGetClubId interface first","Incorreto, solicite a interface APIGetClubId primeiro",,,,
Collection_success,收藏成功,收藏成功,Collection success,Sucesso da coleção,,,,
MTT_Blind_Deadline_add_cl,截止再次购买,截止再次購買,RCL,RCL,,,,
MTT_Blind_Deadline_add_op,开始再次购买,開始再次購買,BSLA,BSLA,,,,
MTT_Blind_Deadline_to_buy,截止买入,截止買入,CBL,CBL,,,,
MTT_end_rank,当前排名:{0},當前排名:{0},Current Rank: {0},Classificação atual: {0},,,,
MTT_end_normal_reward,{0}(奖池奖励),{0}(獎池獎勵),{0} (prize pool reward),{0} (Ranking Atual),,,,
MTT_end_Hunter_reward,{0}(猎人奖励),{0}(獵人獎勵),{0} (Hunter reward),{0} (recompensa do caçador),,,,
MTT_end_gift,礼品,禮品,Gift,Premio,,,,
UITexas_Bring_in_num,从账户带入,從賬戶帶入,Bring in from account,Trazer da conta,,,,
UITexas_Bring_Desk,桌上自动保持,桌上自動保持,Automatic hold on table,Retenção automática na mesa,,,,
UITexas_Bring_inandout,设置每手带入带出,設置每手帶入帶出,Set each hand in and out,Coloque cada mão dentro e fora,,,,
UITexas_Bring_inandout_content,本桌已开启自动带入带出，请点击确认设置带入/带出，取消则不设置,本桌已開啟自動帶入帶出，請點擊確認設置帶入/帶出，取消則不設置,"This table has been turned on to automatically bring in/out, please click to confirm to set the bring-in/out, cancel it, it will not be set","Esta mesa foi ativada para trazer/saída automaticamente, clique para confirmar para definir a entrada/saída, cancele-a, ela não será definida",,,,
Uimine_ptcz_payp,申请人,申請人,Applicant,candidato,,,,
Uimine_ptcz_payfs,支付方式,支付方式,Payment method,Forma de pagamento,,,,
Uimine_ptcz_playgold,请输入充值金额,請輸入充值金額,Please enter the recharge amount,Insira o valor da recarga,,,,
Uimine_ptcz_poname,"请输入支付人姓名,选填","請輸入支付人姓名,選填","Please enter the payer's name, optional","Insira o nome do pagador, opcional",,,,
Uimine_ptcz_paygold,金额,金額,Amount,Valor,,,,
Uimine_ptcz_paytype,类型,類型,Types,Tipos,,,,
Uimine_ptcz_paydec,描述,描述,Description,Descrição,,,,
Uimine_ptcz_useMa,请使用支付扫码,請使用支付掃碼,Please use the scan code,"Por favor, use o código de verificação",,,,
Uimine_ptcz_btn_next,下一步,下一步,Next step,Próxima Etapa,,,,
Uimine_ptcz_btn_check_order,查看订单,查看訂單,Check order,Verificar a ordem,,,,
Uimine_ptcz_gold_min,"充值金额小于100,请重新输入金额","充值金額小於100,請重新輸入金額","The recharge amount is less than 100, please re-enter the amount","O valor da recarga é inferior a 100, por favor, reinsira o valor",,,,
Uimine_tiqu_gold_min,最低提取金额{0},最低提取金額{0},Minimum withdrawal amount {0},Valor mínimo de saque {0},,,,
UISupplememtDetailsRC,充值订单详情,充值订单详情,Recharge Order Details,Detalhes do Pedido de Recarga,,,,
UISupplememtDetails,提现订单详情,提現訂單詳情,Withdrawal Order Details,Detalhes do Pedido de Saque,,,,
UISupplememtDetails_wait_sh,待审核,待審核,Pending review,Revisão pendente,,,,
UISupplememtDetails_wait_fk,待付款,待付款,Pending payment,Pagamento Pendente,,,,
UISupplememtDetails_wait_sh_tips,等待提豆审核，所提豆已冻结不可参与游戏,等待提豆審核，所提豆已凍結不可參與遊戲,"Waiting for the bean to be reviewed, the bean has been frozen and cannot participate in the game",O credito foi congelado e não pode participar do jogo,,,,
UISupplememtDetails_wait_fk_tips,等待您完成PIX扫码支付,等待您完成PIX掃碼支付,Waiting for you to complete the PIX scan code payment,Aguardando você concluir o pagamento do código de digitalização PIX,,,,
UISupplememtDetails_cz_fail,充值失败,充值失敗,Recharge failed,Falha na recarga,,,,
UISupplememtDetails_ws,您未完成PIX扫码支付,您未完成PIX掃碼支付,You have not completed the PIX scan code payment,Você não concluiu o pagamento do código de digitalização PIX,,,,
UISupplememtDetails_success,提豆成功，请检查您的账户,提豆成功，請檢查您的賬戶,"The bean withdrawal is successful, please check your account","A retirada do credito foi bem-sucedida, verifique sua conta",,,,
UISupplememtDetails_jd,所提豆已解冻，已返回游戏账户,所提豆已解凍，已返回游戲賬戶,The raised chips have been thawed and returned to the game account,Os creditos levantados foram descongelados e devolvidos à conta do jogo,,,,
UISupplememtDetails_gold,提豆金额,提豆金額,Amount,Montante,,,,
ordertime,下单时间,下單時間,Order time,Hora do pedido,,,,
NotPay_wait,未支付(申请等待),未支付(申請等待),Unpaid (application pending),Não pago (pedido pendente),,,,
Order_Cancel,订单取消,訂單取消,cancel the order,Cancelar o pedido,,,,
Order_Close,订单关闭,訂單關閉,order closed,Pedido fechado,,,,
Pay_fail,支付失败,支付失敗,Payment failed,Pagamento falhou,,,,
Inquire,查询,查詢,Inquire,Investigar,,,,
Pay_customerservice,尚未收到您的付款，如有疑问请复制订单号联系客服,尚未收到您的付款，如有疑問請複制訂單號聯繫客服,"Your payment has not been received, if you have any questions, please copy the order number and contact customer service","Seu pagamento não foi recebido, se você tiver alguma dúvida, copie o número do pedido e entre em contato com o atendimento ao cliente",,,,
UIAgreeSecondPcs_title,投票,投票,Vote,Voto,,,,
UIAgreeSecondPcs_agree,您是否同意第二套牌,您是否同意第二套牌,Do you agree with the second deck,Você concorda com o segundo deck,,,,
Hunter_Rank,猎人排名,獵人排名,Hunter Rank,Classificação de caçadores,,,,
Ranking_check,排名计算中，请稍后查看,排名計算中，請稍後查看,"Ranking calculation, please check later","Cálculo de classificação, verifique mais tarde",,,,
Ranking_patient,排名计算中，请耐心等待…,排名計算中，請耐心等待…,"Ranking calculation, please be patient…","Cálculo de classificação, por favor, seja paciente…",,,,
Pular_espera,跳过等待,跳過等待,Skip waiting,Pular espera,,,,
My_card ,我的银行卡,我的銀行卡,My bank card,Meu cartão bancário,,,,
UILogin_Local,选择国家或地区,選擇國家或地區,Select country or region,Selecione o país ou região,,,,
UITexasAutoOutChip,设置自动上桌筹码,设置自动上桌筹码,Set up automatic table chips,Configurar fichas de mesa automáticas,,,,
UIChat_message,聊天室,聊天室,Chat,Bate-papo,,,,
UIChat_SendMessage,发消息,發消息,Send  message,Envie uma mensagem,,,,
UIChat_Navigation,导航,導航,Navigation,Navegação,,,,
UiVoiceprint_10001,真人验证,真人验证,Real person verification,Verificação de pessoa real,,,,
UiVoiceprint_10002,原始声纹,原始声纹,Original voiceprint,Impressão de voz original,,,,
UiVoiceprint_10003,真人验证,真人验证,Real person verification,Verificação de pessoa real,,,,
UiVoiceprint_10004,投票,投票,Vote,,,,,
UiVoiceprint_10005,向他人发起验证余：{0}次,向他人发起验证余：{0}次,Initiate verification to others:{0}times,Iniciar verificação para outras pessoas:{0}vezes,,,,
UiVoiceprint_10006,声纹入录,声纹入录,Voiceprint entry,Entrada de impressão de voz,,,,
UiVoiceprint_10007,开始录入,开始录入,Start typing,Começe a digitar,,,,
UiVoiceprint_10008,结束录入,结束录入,End input,Entrada final,,,,
UiVoiceprint_10009,录入成功,录入成功,Successful enter,Entrada bem sucedida,,,,
UiVoiceprint_10010,录入失败,录入失败,Enter failed,Falha na entrada,,,,
UiVoiceprint_10011,已提交，系统将与原始声纹进行对比,已提交，系统将与原始声纹进行对比,"Submitted, the system will compare with the original voiceprint","Enviado, o sistema será comparado com a impressão de voz original",,,,
UiVoiceprint_10012,发起人：,发起人：,Initiator,patrocinador:,,,,
UiVoiceprint_10013,发起验证失败,发起验证失败,Failed to initiate verification,Falha ao iniciar a verificação,,,,
UiVoiceprint_10014,开始验证,开始验证,Start verification,Iniciar verificação,,,,
UiVoiceprint_10015,是否对{0}发起真人声纹验证？如该玩家操作中，则该玩家过了操作再验证,是否对{0}发起真人声纹验证？如该玩家操作中，则该玩家过了操作再验证,"Initiate human voiceprint verification for {0}? If the player is in operation, then the player has passed the operation and re-verified","Iniciar verificação de impressão de voz humana para {0}? Se o player estiver em operação, então o player passou na operação e verificou novamente",,,,
UiVoiceprint_10016,投票成功系统判断完毕将会公告大家。,投票成功系统判断完毕将会公告大家。,"When the voting is successful, the system will announce it to everyone.","Quando a votação for bem sucedida, o sistema anunciará a todos.",,,,
UiVoiceprint_10017,投票失败,投票失败,Vote lost,Voto perdido,,,,
UiVoiceprint_10018,{0}（ID：{1}）向您发起真人声纹验证，超时不验测自动冻结账号,{0}（ID：{1}）向您发起真人声纹验证，超时不验测自动冻结账号,"{0} (ID: {1}) initiates real-life voiceprint verification to you, and the account will be automatically frozen if the verification exceed overtime","{0} (ID: {1}) inicia a verificação de impressão de voz na vida real para você, e a conta será congelada automaticamente se a verificação não for feita por horas extras",,,,
UiVoiceprint_10019,{0}向{1}发起真人验证,{0}向{1}发起真人验证,{0} initiates real person verification to {1},{0} inicia a verificação de pessoa real para {1},,,,
UiVoiceprint_10020,{0}提交真人验证，是否参与投票,{0}提交真人验证，是否参与投票,"{0} submit real person verification, whether to participate in voting","{0} enviar verificação de pessoa real, seja para participar da votação",,,,
UiVoiceprint_10021,{0}被系统判定为真人，如有疑问请联系客服,{0}被系统判定为真人，如有疑问请联系客服,"{0} was judged as a real person by the system, if you have any questions, please contact customer service","{0} foi considerada como uma pessoa real pelo sistema, se você tiver alguma dúvida, entre em contato com o atendimento ao cliente",,,,
UiVoiceprint_10022,{0}被系统判定为机器人，如有疑问请联系客服,{0}被系统判定为机器人，如有疑问请联系客服,"{0} was judged as a robot by the system, if you have any questions, please contact customer service","{0} foi considerado um robô pelo sistema, se você tiver alguma dúvida, entre em contato com o atendimento ao cliente",,,,
UiVoiceprint_10023,{0}系统未判定，如有疑问请联系客服,{0}系统未判定，如有疑问请联系客服,"{0}The system has not determined, if you have any questions, please contact customer service","{0}O sistema não determinou, se você tiver alguma dúvida, entre em contato com o atendimento ao cliente",,,,
UiVoiceprint_10024,{0}拒绝配合真人验证，本手结束将被冻结账号,{0}拒绝配合真人验证，本手结束将被冻结账号,"{0} refuses to cooperate with the real person verification, the account will be frozen after the end of the hand","{0} se recusa a cooperar com a verificação de pessoa real, a conta será congelada após o término da mão",,,,
UiVoiceprint_10025,是否投{0} 出局？,为{0} 发起实时声纹验证？,Initiate real-time voiceprint verification for {0}?,Iniciar verificação de impressão de voz em tempo real para {0}?,,,,
UiVoiceprint_10026,可播放被验证{0}的原始声纹和真人声纹做对比，是否投他出局？,真人验证，是否为{0}发起实时声纹验证？如果用户正在操作中，操作完成后会验证用户,"Real-time verification, whether to initiate real-time voiceprint verification for {0}? If the user is in operation, the user will be authenticated after the operation is complete","Verificação em tempo real, se deve iniciar a verificação de impressão de voz em tempo real para {0}? Se o usuário estiver em operação, o usuário será autenticado após a conclusão da operação",,,,
UiVoiceprint_10027,上桌后可参与该玩家真人验证投票,上桌后可参与该玩家真人验证投票,"After being at the table, you can participate in the player's real-life verification vote",Quando estiver na mesa você pode participar do voto de verificação na vida real do jogador,,,,
UiVoiceprint_10028,您拒绝参与真人验证，账号将被冻结，如有疑问请联系客服 ,您拒绝参与真人验证，账号将被冻结，如有疑问请联系客服 ,"If you refuse to participate in the real person verification, your account will be frozen. If you have any questions, please contact customer service","Se você se recusar a participar da verificação de pessoa real, será reconhecido. Se tiver alguma dúvida, entre em contato com o atendimento ao cliente",,,,
UiVoiceprint_10029,您已被系统判定为机器人，账号将被冻结，如有疑问请联系客服 ,您已被系统判定为机器人，账号将被冻结，如有疑问请联系客服 ,"You have been judged as a robot by the system, and your account will be frozen. If you have any questions, please contact customer service","Você foi considerado um robô pelo sistema e sua conta será congelada. Em caso de dúvidas, entre em contato com o atendimento ao cliente",,,,
UiVoiceprint_10030,验证记录,,Verification record,Registro de verificação,,,,
UiVoiceprint_10031,怀疑{0}是扰乱游戏秩序的机器人？发起是否真人声纹验证,,Suspect {0} is a disruptive robot? Initiate whether true voice print verification,Suspeita que {0} é um robô?Iniciar a verificação de reconhecimento de voz.,,,,
UiVoiceprint_10032,发起验证,,Initiate verification,Iniciar verificação,,,,
UiVoiceprint_10033,向{0}发起是否真人声纹验证？将消耗{1}次验证次数。,,Do you initiate true voice print validation to {0}? Will consume {1} validations,iniciar a validação de reconhecimento de voz para {0}? Consumirá {1} validações,,,,
UiVoiceprint_10034,您在本房间剩余发起真人声纹验证次数为0，不可发起,,"The remaining verification times of real voice print initiated by you in this room is 0, so it cannot be initiated","O tempo de verificação restante do reconhecimento de voz iniciada por você nesta sala são 0, portanto, ela não pode ser iniciada",,,,
UiVoiceprint_10035,{0}后可验,,It will be verified {0},Será verificado {0},,,,
UiVoiceprint_10036,{0}在本房间刚被验为非机器人，在{1}后可再被验证。,,{0} has just been tested as a non-robot in this room and can be verified again after {1}.,{0} acaba de ser testado como um não robô nesta sala e pode ser verificado novamente após {1}.,,,,
UiVoiceprint_10037,玩家操作站起，本手结束将站起，故无法发起机器人声纹验证,,"When the player stands up, the hand will stand up at the end of the operation, so robot voice print verification cannot be initiated","Quando o jogador se levantar, a mão ficará levantada no final da operação, então a verificação de reconhecimento de voz do robô não pode ser iniciada",,,,
UiVoiceprint_10038,玩家操作离开房间，本手结束将离开房间，故无法发起机器人声纹验证,,"The player will leave the room after the operation, so the robot voice print verification cannot be initiated","O jogador sairá da sala após a operação, então a verificação de reconhecimento de voz do robô não pode ser iniciada",,,,
UiVoiceprint_10039,玩家自动过牌多次，本手结束将被系统踢出房间，故无法发起机器人声纹验证,,The player will be kicked out of the room by the system when his hand is finished. the robot voice print verification cannot be initiated,O jogador será expulso da sala pelo sistema quando sua mão terminar. a verificação de reconhecimento de voz do robô não pode ser iniciada,,,,
UiVoiceprint_10040,玩家自动弃牌多次，本手结束将被系统踢出房间，故无法发起机器人声纹验证,,"The player will be kicked out of the room after fold for many times, so the robot voice print verification cannot be initiated","O jogador será expulso da sala após o fold várias vezes, então a verificação de reconhecimento de voz do robô não pode ser iniciada",,,,
UiVoiceprint_10041,真人验证记录,,Real person verification record,Registro de verificação da pessoa,,,,
UiVoiceprint_10042,{0}（ID：{1}）向您发起真人声纹验证，超时不验测或离开房间则立即自动冻结账号,,"{0} (ID: {1}) will initiate real voice print verification for you. If you do not check out over time or leave the room, your account will be automatically frozen immediately","{0} (ID: {1}) iniciará a verificação de reconhecimento de voz para você.  Se você não fizer check-out ao longo do tempo ou sair da sala, sua conta será automaticamente congelada",,,,
UiVoiceprint_10043,验证的声纹已成功提交，请等待系统判定,,"The verified voiceprint has been submitted successfully, please wait for the system to judge","O reconhecimento de voz foi enviado com sucesso, aguarde o processamento no sistema",,,,
UiVoiceprint_10044,您拒绝参与真人验证，账号即将被冻结，如有疑问请联系客服,,"If you refuse to participate in the verification, your account will be frozen. If you have any questions, please contact customer service","Se você se recusar a participar da verificação, sua conta será congelada. Se você tiver alguma dúvida, entre em contato com o atendimento ao cliente",,,,
UiVoiceprint_10045,{0}（ID：{1}）向您发起真人声纹验证，超时不验测或强制离开房间则马上自动冻结账号,,"{0} (ID: {1}) will initiate real voice print verification for you. If you do not check out over time or forcibly leave the room, your account will be automatically frozen immediately","{0} (ID: {1}) iniciará a verificação de reconhecimento de voz para você.  Se você não fizer check-out no tempo determinado ou sair à força da sala, sua conta será automaticamente congelada",,,,
UiVoiceprint_10046,{0}被怀疑是扰乱游戏秩序的机器人，待其提交声纹验证,,"{0} is suspected to be a robot disrupting the order of the game, waiting for its voice print verification","Suspeita-se que {0} seja um robô interrompendo a ordem do jogo, aguardando sua verificação de reconhecimento de voz.",,,,
UiVoiceprint_10047,投票规则,,Voting rules,Regras de votação,,,,
UiVoiceprint_10048,下次不再出现,,Don’t appear next time ,Não apareça da próxima vez,,,,
UiVoiceprint_10049,1、谁可参与投票？\n当前已带入参与游戏的玩家。\n\n2、怎么投票？\n请先对比被验证玩家原始声纹和刚提交的验证声纹是否同一人后再投票。\n\n3、投票结果公布\n系统判断后以广播形势公布投票结果，违规玩家将直接被冻结账户,,"1. Who can participate in voting? \n Players who have currently been brought into the game. \n\n2. How to vote? \n Please compare the original voiceprint of the verified player and the just-submitted verification voiceprint to see if it is the same person before voting.\n\n 3. Vote Results Announcement \n After the system judges, the vote results will be announced in a broadcast situation, and the players who violate the rules will be directly frozen.","1. Quem pode participar na votação? \n Jogadores que foram trazidos para o jogo recentemente. \n\n 2. Como votar? \n Compare o reconhecimento de voz original do jogador e o reconhecimento de voz de recém-enviada para verificar se é a mesma pessoa antes de votar. \n\n 3. Anúncio dos resultados da votação Após o julgamento do sistema, os resultados da votação serão anunciados em uma transmissão, e os jogadores que violarem as regras serão diretamente congelados.",,,,
UiVoiceprint_10050,请对比后再投票,,Please compare and vote,"Por favor, compare antes de votar",,,,
UiVoiceprint_10051,机器人,,Robot,Robô,,,,
UiVoiceprint_10052,真人,,Real person,Pessoa real,,,,
UiVoiceprint_10053,{0}是否是机器人？,,Is {0} a robot？,{0} é um robô？,,,,
UiVoiceprint_10054,已投玩家为机器人,,Already voted the player is a bot.,Já votou o jogador é um bot.,,,,
UiVoiceprint_10055,已投玩家为真人,,Already voted the player is a real person.,Já votou o jogador é uma pessoa real.,,,,
UiVoiceprint_10056,上桌后可验证该玩家是否机器人。,,After entering table can verify if the player is bot or not.,Depois  de sentar na mesa pode verificar se o jogador é bot  ou não.,,,,
UiVoiceprint_10057,为防止机器人揉乱游戏公平\n完成声纹录入可参与游戏,,为防止机器人揉乱游戏公平\n完成声纹录入可参与游戏,为防止机器人揉乱游戏公平\n完成声纹录入可参与游戏,,,,
UiVoiceprint_10058,系统正在审核{0}玩家提交的验证声纹，在{1}后可再被验证。,,"The system is reviewing the verification voiceprint submitted by {0} players, and can be verified again after {1}.","O sistema está analisando a verificação de voz enviada por {0} jogadores, e depois pode ser verificada novamente {1}.",,,,
UIPlatformDepositAndWithdrawal,完成声纹录入可参与游戏,平台充提,Platform deposit and withdrawal,Deposito e saque,,,,
UIWordChatMsgTooLong,输入字数过长，最多可输入200个字符,输入字数过长，最多可输入200个字符,"The number of characters entered is too long, up to 200 characters can be entered","O número de caracteres inseridos é muito longo, até 200 caracteres podem ser inseridos",,,,
UIMTTSignDialogFeeTip,本次购买的服务费已减免,本次购买的服务费已减免,The service fee for this purchase has been reduced,A taxa de serviço para esta compra foi reduzida,,,,
UIMTTSignDialogCoin,金豆,金豆,chips,Fichas,,,,
UIMTTSignDialogCanUseTickt,可用门票: {0},可用门票: {0},Available tickets: {0},Ingressos disponíveis: {0},,,,
UIMTTSignDialogRemainingBuy,剩余买入: {0},剩余买入: {0},Remaining buy: {0},Compra restante: {0},,,,
UIMTTSignDialogBuyTitle,比赛报名,比赛报名,Match registration,Inscrever-se,,,,
UIMTTSignDialogBuyErroTipscoin,可用金豆不足,可用金豆不足,Insufficient golden chips available,Fichas insuficientes,,,,
UIMTTSignDialogBuyErroTips,可用门票不足,可用门票不足,Not enough tickets available,Não há ingressos suficientes disponíveis,,,,
UIMTTSignDialogReBuyTitle,比赛重购,比赛重购,Rebuy match,Recomprar,,,,
UIDialogInvitationCodeSucTips,恭喜您获得一次任意比赛服务费减免权益,恭喜您获得一次任意比赛服务费减免权益,"Congratulations, You get a one-time discount on any match service fee",Parabéns pelo seu desconto em qualquer taxa de serviço do jogo (aplicavel uma vez),,,,
UIDialogInvitationCodeErroTips,邀请码错误，请重新输入,邀请码错误，请重新输入,"Invitation code error, please re-enter","Erro no código de convite, digite novamente",,,,
UIDialogInvitationCodeConfirm,确认邀请码,确认邀请码,Confirm invitation code,Confirmar código de convite,,,,
UIDialogInvitationCodeTitle,输入邀请码,输入邀请码,Invitation code,Código de Convite,,,,
UIDialogInvitationCodeInput,请输入你的邀请码,请输入你的邀请码,Please enter your invitation code,Por favor ingrese su código de invitación,,,,
MicrophonePermissionPromptTips,请开启麦克风，以便游戏正常进行,请开启麦克风，以便游戏正常进行,Please turn on the microphone for the game to work properly,"Por favor, ligue o microfone para o jogo funcionar corretamente",,,,
GameType_0,德州,德州,Texas,Texas,,,,
GameType_1,奥马哈四张,奥马哈四张,Omaha 4,Omaha 4,,,,
GameType_2,奥马哈五张,奥马哈五张,Omaha 5,Omaha 5,,,,
GameType_3,奥马哈六张,奥马哈六张,Omaha 6,Omaha 6,,,,
PokerType_0,普通,普通,Standard,Padrão,,,,
PokerType_2,短牌,短牌,SixPlus/Short Deck,Sixplus,,,,
BetType_0,无限注,无限注,NoLimit,SemLimite,,,,
BetType_1,底池限注,底池限注,PotLimit,PotLimit,,,,
BetType_2,AOF,AOF,AOF,AOF,,,,
UITexasMenuAddOn,增购,增购,AddOn,Compre mais,,,,
UIMinetext_voiceprint0,已录入,已录入,Has been entered,Foi inserido,,,,
UIMinetext_voiceprint1,未录入,未录入,Not entered,Não entrou,,,,
UIMinevoiceprint,声纹,声纹,Voiceprint,Impressão de voz,,,,
MsgContentUnRead,暂无未读消息,暂无未读消息,No unread messages yet,Nenhuma mensagem não lida ainda,,,,
UIChatFree,免费,免费,Free,gratuitamente,,,,
UIChatTmpMsg,大家好，交个朋友,大家好，交个朋友,"Hello everyone,let's make friends","Olá a todos, façam amigos",,,,
UIMTTbuyinDialog,选择{0}倍买入，得{0}倍记分牌,选择{0}倍买入，得{0}倍记分牌,"Pick {0}x buy in,get {0}x score","Escolha {0}x buy-in, obtenha {0}x pontuação",,,,
UIMTTbuyinDialogRatio,{0}倍,{0}倍,{0}x,{0}x,,,,
ServerErrorCode_50000,获取停机维护表信息失败,获取停机维护表信息失败,Failed to get shutdown maintenance table information,Falha ao obter informações da tabela de manutenção de tempo de inatividade,,,,
ServerErrorCode_50001,停机维护,停机维护,Shutdown maintence,Tempo de inatividade para manutenção,,,,
ServerErrorCode_50002,获取游戏配置失败,获取游戏配置失败,Failed to get game configuration,Falha ao obter a configuração do jogo,,,,
ServerErrorCode_50003,游戏配置停机维护按钮关闭,游戏配置停机维护按钮关闭,Game configuration shutdown maintenance button off,Botão de manutenção de desligamento da configuração do jogo desativado,,,,
ServerErrorCode_50004,获取白名单信息失败,获取白名单信息失败,Failed to get whitelist information,Falha ao obter informações da lista de permissões,,,,
ServerErrorCode_50005,用户没有开启停机服务,用户没有开启停机服务,The user didnt turn on the shutdown service,O usuário não ativou o serviço de desligamento,,,,
ServerErrorCode_50006,游戏配置不限制模拟器登陆开关关闭,戏配置不限制模拟器登陆开关关闭,The game configuration does not limit the emulator login switch off,A configuração do jogo não limita a desativação do login do emulador,,,,
ServerErrorCode_50007,用户没有开启不限制模拟器登陆服务,用户没有开启不限制模拟器登陆服务,The user didnt turn on the unrestricted emulator login service,O usuário não ativa o serviço de login do emulador irrestrito,,,,
Image_ReserveSeatTips,本手结束后进入留座离桌状态,本手结束后进入留座离桌状态,"After the hand is over, enter the state of leaving the table and leaving the table","Depois que a partida terminar, saia da mesa",,,,
UIGameEndTips,正在努力结算，请耐心等待...,正在努力结算，请耐心等待...,"Efforts to settle, please be patient...","Aguarde um momento, estamos resolvendo o problema ",,,,
UIAskOpenSetting,点击确认前往设置开启相应授权,,Click OK to go to the settings to enable the corresponding authorization,Clique em OK para ir para as configurações para habilitar a autorização correspondente,,,,
UIAgreeSecondPcs_AgreeDtail,同意,,AGREE,Aceito,,,,
UIMine_WalletPlatform_Tips,请输入Pix码,,Please enter your PIX code,Digite seu código PIX,,,,
UIMine_WalletPlatform_OnceAgainTips,为保证您的资金安全，请再次输入Pix码,,Please enter your PIX code again for your funds security,"Por favor, digite seu código PIX novamente para sua segurança.",,,,
UIMine_WalletPlatform_ErrorTips,两次输入Pix码不一致，请重新输入,,"Twice entered PIX code is inconsistent, please re-enter.","O código PIX digitado duas vezes é inconsistente, por favor, digite novamente.",,,,
UIMTTWaitforend,等待结算...,,pending settlement...,aguardando pagamento...,,,,
MTT_State_DelayDetailNoAddOn,{0}（{1}级截止买入）,{0}（{1}級截止買入，增購{2}～{3}級）,{0} (stop Buy-in Lv.{1}),{0} (parar o Buy-in Nv.{1}),,,,
UIForbidBringInTips,您已被禁止带入，如有疑问请联系客服,,"You have been banned to bring in,Please contact customer service If you have any questions.","Você foi proibido de entrar, entre em contato com o atendimento ao cliente se tiver alguma dúvida.",,,,
UIForbidWithdrawGoldTips,您已被禁止提豆，如有疑问请联系客服,,You have been banned to withdraw beans. Please contact customer service If you have any questions.,Você foi proibido de retirar moedas.  Entre em contato com o atendimento ao cliente se você tiver alguma dúvida.,,,,
UIBathTip001,等待下一手...,,Waiting for next hand...,Aguardando a próxima mão...,,,,
UIBathTip002,希望你不是泡沫,,I hope you're not a bubble,Espero que você não seja uma bolha (?),,,,
UIBathTip003,坚持并赢得比赛,,Hang in and win the game,Aguente firme e ganhe o jogo,,,,
UIOperationComponentTips001,因底池限注无法allin,,Unable to allin due to pot limit,Incapaz de allin devido ao limite do pote,,,,
UIOperationComponentTips002,"未知原因导致无法allin,请配合提交反馈",,"Unknown reasons lead to inability to allin, please cooperate to submit feedback","Razões desconhecidas levam à incapacidade de allin, por favor coopere para enviar comentários",,,,
UIrecPaymentAddress,复制收款地址,,Copy the payment address,Copiar o endereço de pagamento,,,,
UIPermissionDialog001,现在就开始游戏,,Play now,Jogue agora,,,,
UIPermissionDialog002,相机权限,,Camera permission,Permissão da câmera,,,,
UIPermissionDialog003,修改个人头像,,Edit profile picture,Editar foto de perfil,,,,
UIPermissionDialog004,麦克风权限,,Microphone permissions,Permissões do microfone ,,,,
UIPermissionDialog005,验证真人身份,,Verify real identity,Verifique a identidade,,,,
UIPermissionDialog006,位置权限,,Location permissions,Permissões de localização,,,,
UIPermissionDialog007,公平公正游戏,,Fair play,Jogo justo,,,,
UIPermissionDialog008,一键开启,,Turn on,Ligar,,,,
,,,,,,,,
,,,,,,,,
,,,,,,,,
,,,,,,,,
,,,,,,,,
,,,,,,,,
,,,,,,,,
,,,,,,,,
,,,,,,,,
,,,,,,,,
,,,,,,,,
,,,,,,,,
,,,,,,,,
,,,,,,,,
,,,,,,,,
,,,,,,,,
,,,,,,,,
,,,,,,,,
,,,,,,,,
,,,,,,,,
,,,,,,,,
,,,,,,,,
,,,,,,,,
,,,,,,,,
,,,,,,,,
,,,,,,,,
,,,,,,,,
,,,,,,,,
,,,,,,,,
,,,,,,,,
,,,,,,,,
,,,,,,,,
,,,,,,,,
,,,,,,,,
,,,,,,,,
,,,,,,,,
,,,,,,,,
,,,,,,,,
,,,,,,,,
,,,,,,,,
,,,,,,,,
,,,,,,,,
,,,,,,,,
,,,,,,,,
,,,,,,,,
,,,,,,,,
,,,,,,,,
,,,,,,,,
,,,,,,,,
,,,,,,,,
,,,,,,,,
,,,,,,,,
,,,,,,,,
,,,,,,,,
,,,,,,,,
,,,,,,,,
,,,,,,,,
,,,,,,,,
,,,,,,,,
,,,,,,,,
,,,,,,,,
,,,,,,,,
,,,,,,,,
,,,,,,,,
,,,,,,,,
,,,,,,,,
,,,,,,,,
,,,,,,,,
,,,,,,,,
,,,,,,,,
,,,,,,,,
,,,,,,,,
,,,,,,,,
,,,,,,,,
,,,,,,,,
,,,,,,,,
,,,,,,,,
,,,,,,,,
,,,,,,,,
,,,,,,,,
,,,,,,,,
,,,,,,,,
,,,,,,,,
,,,,,,,,
,,,,,,,,
,,,,,,,,
,,,,,,,,
,,,,,,,,
,,,,,,,,
,,,,,,,,
